amount,retry_count,failure_count,transaction_frequency_10min,hour_of_day,previous_success_rate,velocity_score,device_trust_score,risk_score,failed,failure_category
1323.17,1,3,3,16,0.85,0.99,0.74,26.2,1,BANK_FAILURE
2462.48,0,0,1,9,0.897,0.85,0.86,19.4,0,SUCCESS
7123.94,2,1,1,20,0.853,0.81,0.71,35.5,1,BANK_FAILURE
661.71,0,0,2,21,0.908,0.29,0.94,12.6,0,SUCCESS
4954.86,0,0,1,8,0.983,0.88,0.92,5.3,0,SUCCESS
3469.96,0,1,1,19,0.977,0.5,0.86,18.7,0,SUCCESS
745.11,0,0,1,12,0.953,1.03,0.88,12.8,0,SUCCESS
290.42,0,0,1,9,0.917,0.72,0.93,8.7,0,SUCCESS
4240.37,1,0,1,17,0.993,1.09,0.94,23.4,0,SUCCESS
160.19,1,0,1,13,0.981,0.95,0.93,16.7,0,SUCCESS
4080.67,0,0,1,18,0.897,1.0,0.86,24.7,0,SUCCESS
1824.38,0,0,2,17,0.915,0.21,0.88,19.2,0,SUCCESS
1922.78,0,0,2,10,0.991,0.85,0.99,22.0,0,SUCCESS
765.21,0,0,1,6,0.888,0.51,0.9,19.6,0,SUCCESS
1925.8,1,1,1,10,0.823,1.21,0.95,26.2,1,TIMEOUT
1817.67,1,0,1,12,0.885,0.91,0.87,13.8,0,SUCCESS
319.35,0,0,1,12,0.937,0.76,0.95,7.8,0,SUCCESS
1161.87,0,1,2,20,0.971,0.43,0.86,10.8,0,SUCCESS
259.97,0,0,1,7,0.955,0.5,0.87,14.1,0,SUCCESS
150655.0,6,9,18,3,0.164,4.17,0.16,100.0,1,DUPLICATE_TRANSACTION
430.16,0,0,2,18,0.983,0.21,0.93,13.3,0,SUCCESS
777.92,3,2,3,19,0.781,1.42,0.9,32.3,1,GATEWAY_FAILURE
4330.36,0,0,1,17,0.91,0.7,0.9,10.7,0,SUCCESS
94.1,0,1,1,22,0.997,0.61,0.85,11.9,0,SUCCESS
1256.3,0,0,1,7,0.944,0.65,0.93,16.9,0,SUCCESS
95302.0,5,4,19,23,0.271,6.98,0.21,100.0,1,DUPLICATE_TRANSACTION
2213.37,0,0,1,11,0.963,1.06,0.9,9.4,0,SUCCESS
1539.22,0,0,1,12,0.901,0.89,0.91,23.7,0,SUCCESS
226.53,0,1,1,15,0.911,0.86,0.97,16.1,0,SUCCESS
954.14,0,0,1,7,1.0,1.17,0.93,22.7,0,SUCCESS
299.95,1,0,1,14,0.922,0.93,0.98,36.0,1,INSUFFICIENT_FUNDS
1865.27,0,0,1,16,0.992,0.99,0.95,16.6,0,SUCCESS
1314.16,1,3,1,10,0.74,1.46,0.89,38.0,1,GATEWAY_FAILURE
353.74,0,1,2,6,0.882,0.69,0.88,12.3,0,SUCCESS
1684.89,1,0,1,8,0.959,0.77,0.86,12.4,0,SUCCESS
95121.0,7,6,10,3,0.202,5.43,0.24,100.0,1,DUPLICATE_TRANSACTION
3692.4,2,1,2,10,0.909,1.27,0.81,34.9,1,TIMEOUT
810.73,0,0,1,19,0.99,0.57,0.85,23.6,0,SUCCESS
719.73,0,1,1,8,0.998,0.28,0.9,8.8,0,SUCCESS
424.15,0,0,1,8,0.9,0.76,0.99,18.9,0,SUCCESS
1061.93,0,0,1,20,0.999,0.34,0.93,22.5,0,SUCCESS
1669.04,0,0,1,6,0.896,0.91,0.93,10.9,0,SUCCESS
1078.83,2,1,2,20,0.816,0.51,0.93,18.9,1,NETWORK_FAILURE
137.3,0,0,1,19,0.975,1.09,0.9,12.5,0,SUCCESS
167.44,0,0,1,22,0.884,1.02,0.9,7.5,0,SUCCESS
1428.58,1,2,2,19,0.918,0.59,0.81,25.6,1,TIMEOUT
2094.78,3,1,2,20,0.879,0.85,0.81,33.7,1,BANK_FAILURE
1684.29,0,0,1,10,0.902,0.28,0.91,18.8,0,SUCCESS
120.95,0,0,1,6,0.933,0.44,0.86,8.7,0,SUCCESS
3321.94,1,0,1,6,0.995,0.94,0.93,17.2,0,SUCCESS
701.85,0,0,2,17,0.948,0.36,0.87,11.8,0,SUCCESS
164.55,0,0,1,20,0.885,1.06,0.96,14.5,0,SUCCESS
172.55,0,0,1,21,0.977,0.55,0.92,18.0,0,SUCCESS
108.1,0,0,1,10,0.986,0.46,0.85,23.7,0,SUCCESS
150868.0,7,8,8,2,0.059,6.72,0.33,100.0,1,DUPLICATE_TRANSACTION
638.56,0,1,1,6,0.935,0.75,0.99,12.7,0,SUCCESS
3947.91,1,0,1,15,0.905,0.47,0.88,12.5,0,SUCCESS
96.69,0,0,1,8,0.92,0.86,0.91,18.6,0,SUCCESS
1191.16,3,1,3,12,0.873,1.22,0.96,25.8,1,BANK_FAILURE
698.43,0,0,1,9,0.901,0.95,0.97,24.8,0,SUCCESS
687.5,0,0,1,22,0.973,0.54,0.99,22.2,0,SUCCESS
721.43,1,0,2,18,0.969,0.44,0.91,15.7,0,SUCCESS
1334.33,1,2,1,18,0.819,0.55,0.99,31.9,1,TIMEOUT
575.03,0,0,1,19,0.961,0.68,0.92,6.7,0,SUCCESS
164.42,0,0,1,17,0.919,0.87,0.96,20.8,0,SUCCESS
1919.6,0,0,1,18,0.992,1.17,1.0,6.1,0,SUCCESS
2503.33,1,1,1,9,0.984,1.19,0.97,32.3,1,TIMEOUT
2236.76,0,0,1,19,0.964,0.27,0.97,19.1,0,SUCCESS
251.73,1,2,1,15,0.871,0.87,0.96,33.9,1,TIMEOUT
5171.53,0,0,2,9,0.922,0.91,0.92,12.6,0,SUCCESS
1514.28,0,1,2,15,0.989,0.31,0.92,5.2,0,SUCCESS
807.83,0,0,1,13,0.894,0.85,0.96,16.7,0,SUCCESS
3978.66,0,0,1,22,0.89,0.73,0.92,21.0,0,SUCCESS
45771.0,7,8,19,23,0.065,8.59,0.33,100.0,1,AUTHENTICATION_FAILURE
1475.55,0,0,1,20,0.956,0.9,0.92,17.6,0,SUCCESS
1102.39,0,1,1,21,0.968,1.12,0.99,6.2,0,SUCCESS
651.08,0,0,1,13,0.9,0.85,0.91,9.6,0,SUCCESS
419.99,0,0,1,10,0.997,1.19,0.95,15.7,0,SUCCESS
1075.95,1,1,1,11,0.906,1.94,0.9,37.3,1,BANK_FAILURE
699.04,0,0,1,18,0.9,0.61,0.97,14.6,0,SUCCESS
10697.4,3,1,2,17,0.942,1.81,0.93,34.4,1,BANK_FAILURE
1489.59,1,1,3,14,0.873,1.44,0.91,43.3,1,BANK_FAILURE
1104.8,0,0,1,10,0.971,0.58,0.89,9.1,0,SUCCESS
45150.0,7,8,8,1,0.285,6.9,0.16,100.0,1,AUTHENTICATION_FAILURE
1385.13,0,1,1,7,0.937,1.03,0.9,21.3,0,SUCCESS
4178.44,0,0,1,22,0.896,0.23,0.96,17.4,0,SUCCESS
1510.2,0,0,2,12,0.896,0.21,0.9,16.8,0,SUCCESS
75434.0,5,6,19,2,0.172,6.33,0.29,100.0,1,DUPLICATE_TRANSACTION
1850.56,1,1,1,20,0.828,1.43,0.9,20.2,1,NETWORK_FAILURE
786.5,1,0,1,7,0.954,0.55,0.88,30.4,1,INSUFFICIENT_FUNDS
550.46,0,0,1,20,0.895,0.33,0.87,7.8,0,SUCCESS
1277.9,0,0,1,13,0.964,0.61,0.98,15.3,0,SUCCESS
4388.22,0,0,1,10,0.921,0.55,0.85,16.0,0,SUCCESS
966.37,0,0,2,17,0.905,0.56,0.93,18.8,0,SUCCESS
97.13,0,0,1,20,0.955,0.28,0.98,23.4,0,SUCCESS
124.63,0,0,1,9,0.977,0.95,0.88,9.2,0,SUCCESS
604.34,0,0,1,19,0.954,0.57,0.92,19.9,0,SUCCESS
93.85,0,0,1,12,0.962,1.04,0.96,5.6,0,SUCCESS
2471.83,0,0,1,11,0.944,0.44,0.89,12.5,0,SUCCESS
135.5,1,1,1,13,0.862,0.62,0.98,26.9,1,TIMEOUT
1412.96,0,0,2,8,0.958,0.68,0.94,19.7,0,SUCCESS
1028.03,0,0,1,13,0.932,0.33,0.89,12.3,0,SUCCESS
1294.87,0,0,2,7,0.909,0.7,0.9,23.7,0,SUCCESS
58.08,0,0,1,11,0.924,0.69,0.98,6.8,0,SUCCESS
2016.04,0,0,1,14,0.89,0.72,0.91,24.6,0,SUCCESS
191.59,0,0,1,7,0.949,1.12,0.85,24.5,0,SUCCESS
858.78,0,0,2,11,0.96,1.13,0.93,16.4,0,SUCCESS
443.17,1,0,1,17,0.905,1.17,0.96,9.0,0,SUCCESS
2497.94,2,1,1,17,0.946,0.59,0.9,33.6,1,TIMEOUT
512.93,0,0,1,8,0.886,0.54,0.87,6.3,0,SUCCESS
5570.44,0,0,2,18,0.962,0.29,0.87,5.1,0,SUCCESS
197.9,0,0,1,20,0.937,0.61,0.9,23.6,0,SUCCESS
2179.73,0,0,1,17,0.929,1.13,1.0,9.1,0,SUCCESS
957.23,1,2,2,13,0.809,1.28,0.97,30.0,1,TIMEOUT
1977.55,0,1,2,8,0.9,1.01,0.95,15.5,0,SUCCESS
582.35,0,0,1,18,0.951,0.88,0.92,19.3,0,SUCCESS
2808.12,0,0,1,11,0.945,0.64,0.94,12.1,0,SUCCESS
645.07,1,0,1,7,0.945,1.11,0.94,7.3,0,SUCCESS
3421.74,0,0,1,12,0.968,0.89,0.88,35.8,1,INSUFFICIENT_FUNDS
869.84,0,0,1,12,0.949,1.2,0.96,19.1,0,SUCCESS
1858.19,0,0,1,6,0.884,0.77,0.96,22.5,0,SUCCESS
551.41,1,0,1,11,0.944,0.58,0.92,17.1,0,SUCCESS
1354.92,2,1,1,22,0.878,1.27,0.8,27.0,1,NETWORK_FAILURE
1599.44,2,1,1,12,0.957,1.46,0.87,19.5,1,NETWORK_FAILURE
710.14,0,0,2,19,0.954,1.11,0.87,7.0,0,SUCCESS
403.88,0,0,2,13,0.985,1.13,0.93,18.9,0,SUCCESS
3117.96,0,0,1,13,0.958,0.97,0.91,6.4,0,SUCCESS
145.57,0,0,1,19,0.992,1.13,0.92,7.3,0,SUCCESS
5076.01,0,0,1,19,0.902,1.04,0.9,11.2,0,SUCCESS
794.97,3,1,3,17,0.886,1.05,0.92,37.1,1,GATEWAY_FAILURE
194.61,0,1,1,16,0.991,0.67,0.92,23.4,0,SUCCESS
1110.37,1,0,1,17,0.99,0.45,0.94,8.3,0,SUCCESS
90.36,0,0,2,6,0.923,0.78,0.94,5.3,0,SUCCESS
1356.12,1,0,1,12,0.997,0.66,0.93,22.2,0,SUCCESS
968.04,0,0,1,13,0.94,0.8,0.86,20.0,0,SUCCESS
331.72,0,0,2,22,0.884,0.67,0.93,6.3,0,SUCCESS
2788.2,1,2,2,13,0.884,0.9,0.91,18.1,1,NETWORK_FAILURE
289.97,0,0,1,12,0.97,0.47,0.98,15.5,0,SUCCESS
45186.0,6,5,11,23,0.193,6.53,0.13,100.0,1,AUTHENTICATION_FAILURE
894.07,0,0,1,13,0.892,1.0,0.88,18.1,0,SUCCESS
375.46,0,0,1,7,0.977,1.19,0.94,21.1,0,SUCCESS
3993.88,0,0,1,10,0.897,0.61,0.9,6.7,0,SUCCESS
1252.66,0,1,1,6,0.905,0.23,0.88,16.7,0,SUCCESS
705.62,0,0,1,7,0.989,0.82,0.9,21.5,0,SUCCESS
590.29,0,0,1,17,0.98,0.55,0.97,12.3,0,SUCCESS
2417.52,0,1,1,8,0.994,0.96,0.87,22.4,0,SUCCESS
850.98,0,0,1,19,0.937,0.38,0.92,15.2,0,SUCCESS
1673.3,0,1,2,7,0.956,0.46,0.87,21.7,0,SUCCESS
5041.75,0,0,1,18,0.963,0.88,0.97,29.5,1,INSUFFICIENT_FUNDS
2074.23,0,1,2,14,0.913,0.75,0.95,21.6,0,SUCCESS
515.16,2,2,1,18,0.971,1.37,0.92,27.0,1,TIMEOUT
1361.48,0,0,2,12,0.949,1.04,0.91,20.4,0,SUCCESS
1520.61,2,2,3,9,0.721,1.52,0.77,32.8,1,BANK_FAILURE
712.17,2,2,1,18,0.856,1.07,0.9,28.3,1,NETWORK_FAILURE
3363.31,0,1,1,10,0.938,0.47,0.93,8.2,0,SUCCESS
2259.63,0,0,1,22,0.94,0.8,0.9,20.4,0,SUCCESS
184.26,0,0,1,14,0.922,0.61,0.96,17.0,0,SUCCESS
1688.99,3,3,2,13,0.701,1.96,0.7,27.1,1,BANK_FAILURE
778.95,1,1,1,20,0.95,1.19,0.9,16.7,1,NETWORK_FAILURE
3857.99,0,0,1,13,0.957,0.96,0.96,17.7,0,SUCCESS
4778.54,0,0,1,17,0.907,1.19,0.99,5.8,0,SUCCESS
2299.92,1,1,1,17,0.908,1.42,0.81,28.9,1,NETWORK_FAILURE
472.47,0,0,2,21,0.894,0.62,0.97,19.9,0,SUCCESS
116.74,0,0,1,8,0.918,1.03,0.86,16.9,0,SUCCESS
95719.0,6,8,6,3,0.294,5.37,0.27,95.0,1,AUTHENTICATION_FAILURE
1096.9,1,1,2,17,0.884,1.42,0.82,42.5,1,BANK_FAILURE
697.52,0,0,1,8,0.984,0.22,0.98,15.6,0,SUCCESS
150707.0,5,6,11,4,0.068,3.99,0.06,98.9,1,AUTHENTICATION_FAILURE
1663.75,2,1,1,17,0.817,0.84,0.9,29.6,1,TIMEOUT
53.02,1,0,1,18,0.923,0.49,0.89,9.7,0,SUCCESS
45531.0,3,8,18,1,0.088,5.65,0.09,100.0,1,AUTHENTICATION_FAILURE
1968.32,0,0,1,10,0.891,0.62,0.98,23.9,0,SUCCESS
804.98,0,0,1,18,0.999,0.94,0.86,13.0,0,SUCCESS
2231.9,0,0,1,18,0.894,0.25,0.91,5.7,0,SUCCESS
5774.15,2,2,1,12,0.92,0.72,0.9,26.9,1,NETWORK_FAILURE
942.41,0,0,1,15,0.942,0.69,1.0,22.9,0,SUCCESS
795.96,0,0,2,18,0.907,0.74,0.94,16.6,0,SUCCESS
164.14,0,0,1,14,0.927,0.47,0.92,5.9,0,SUCCESS
2343.22,0,0,2,15,0.977,0.86,0.93,6.7,0,SUCCESS
679.02,0,0,2,20,0.881,0.9,0.86,15.7,0,SUCCESS
3977.06,0,0,1,21,0.962,0.28,0.98,14.9,0,SUCCESS
835.07,0,0,1,8,0.922,0.88,0.93,10.3,0,SUCCESS
2579.69,0,0,1,21,0.959,1.05,0.98,19.2,0,SUCCESS
95656.0,3,8,14,4,0.267,7.64,0.1,100.0,1,DUPLICATE_TRANSACTION
2514.4,0,0,1,15,0.895,0.54,0.96,8.2,0,SUCCESS
2093.28,0,0,1,19,0.971,0.46,0.88,6.7,0,SUCCESS
1137.92,1,1,3,10,0.859,1.45,0.92,27.1,1,BANK_FAILURE
1766.69,0,0,1,15,0.932,1.04,0.91,8.6,0,SUCCESS
1730.44,0,0,2,9,0.901,0.97,0.99,8.3,0,SUCCESS
150500.0,4,9,5,2,0.076,8.19,0.35,100.0,1,AUTHENTICATION_FAILURE
757.62,0,0,1,8,0.951,0.58,0.86,21.4,0,SUCCESS
606.94,0,0,1,16,0.962,0.65,0.89,24.9,0,SUCCESS
715.53,0,0,1,18,0.983,0.73,0.97,11.0,0,SUCCESS
2247.7,0,0,2,20,0.962,0.85,0.89,24.0,0,SUCCESS
245.52,0,0,1,20,0.93,0.84,0.91,10.5,0,SUCCESS
5009.52,0,0,2,6,0.918,0.92,0.96,9.0,0,SUCCESS
2480.06,0,0,1,17,0.948,0.67,0.93,8.2,0,SUCCESS
509.01,1,1,2,22,0.886,1.03,0.8,30.9,1,TIMEOUT
726.08,2,2,2,10,0.835,0.96,0.8,27.0,1,NETWORK_FAILURE
75335.0,6,7,13,1,0.106,7.08,0.15,100.0,1,DUPLICATE_TRANSACTION
730.4,0,0,1,18,0.898,0.66,0.95,12.9,0,SUCCESS
4461.33,0,0,1,11,0.915,0.89,0.98,20.6,0,SUCCESS
97.51,0,0,1,14,0.909,1.19,0.87,15.0,0,SUCCESS
1204.29,0,0,1,6,0.947,0.21,0.9,15.4,0,SUCCESS
264.54,1,2,1,20,0.815,0.9,0.83,26.4,1,TIMEOUT
1452.35,0,1,2,20,0.904,0.37,0.87,17.7,0,SUCCESS
1519.95,1,0,1,11,0.951,0.82,0.94,11.0,0,SUCCESS
3332.77,0,0,1,13,0.966,1.0,0.9,21.3,0,SUCCESS
149.21,0,0,1,21,0.946,1.02,0.92,17.9,0,SUCCESS
945.88,0,0,1,15,0.933,0.92,0.94,18.0,0,SUCCESS
832.05,0,0,1,19,0.92,0.38,0.97,18.2,0,SUCCESS
876.45,0,0,1,11,0.966,0.43,1.0,24.5,0,SUCCESS
1309.9,0,0,1,15,0.928,0.42,0.91,9.1,0,SUCCESS
2251.5,0,0,1,22,0.984,0.93,0.96,13.5,0,SUCCESS
558.46,0,0,1,17,0.972,0.7,0.93,15.3,0,SUCCESS
1113.25,0,0,1,7,0.938,1.07,0.99,13.4,0,SUCCESS
437.93,1,0,1,17,0.926,0.67,0.98,9.7,0,SUCCESS
1844.33,1,0,1,9,0.989,0.38,0.89,24.4,0,SUCCESS
95392.0,7,9,17,1,0.137,8.29,0.18,100.0,1,AUTHENTICATION_FAILURE
900.16,2,1,2,8,0.874,1.47,0.85,28.1,1,NETWORK_FAILURE
520.99,0,0,2,13,0.952,0.6,0.89,9.7,0,SUCCESS
2631.0,0,0,1,19,0.92,0.65,0.95,7.9,0,SUCCESS
765.17,0,0,1,13,0.954,0.91,0.88,8.4,0,SUCCESS
93.83,0,1,1,10,0.923,0.73,0.97,19.1,0,SUCCESS
758.51,0,0,1,20,0.984,0.41,0.87,10.4,0,SUCCESS
119.54,0,0,1,10,0.992,0.24,0.87,28.1,1,INSUFFICIENT_FUNDS
3308.45,0,1,1,10,0.892,0.78,0.95,12.9,0,SUCCESS
833.47,0,0,1,16,0.882,0.52,1.0,16.6,0,SUCCESS
150594.0,5,5,11,4,0.236,4.19,0.09,95.6,1,AUTHENTICATION_FAILURE
3421.49,0,0,1,13,0.996,0.29,0.95,13.9,0,SUCCESS
3745.86,2,1,2,8,0.959,1.44,0.94,24.9,1,TIMEOUT
45637.0,3,7,15,1,0.291,7.22,0.11,100.0,1,DUPLICATE_TRANSACTION
649.78,0,0,1,10,0.949,0.55,0.87,17.1,0,SUCCESS
508.47,1,0,2,6,0.929,1.07,0.97,16.3,0,SUCCESS
1658.35,1,0,2,9,0.958,0.97,0.99,13.8,0,SUCCESS
75693.0,7,4,11,3,0.354,5.57,0.14,100.0,1,AUTHENTICATION_FAILURE
526.68,0,0,1,6,0.924,0.6,0.95,12.8,0,SUCCESS
1638.66,1,1,3,20,0.704,1.5,0.75,37.9,1,BANK_FAILURE
1758.27,1,0,1,14,0.926,1.06,0.93,14.6,0,SUCCESS
80.17,0,0,1,17,0.898,0.73,0.89,14.5,0,SUCCESS
95442.0,4,7,15,3,0.056,4.58,0.05,100.0,1,AUTHENTICATION_FAILURE
2788.7,1,0,1,9,0.991,0.26,0.99,12.0,0,SUCCESS
177.33,0,0,1,9,0.911,0.48,0.9,21.1,0,SUCCESS
978.65,0,0,2,21,0.891,0.92,0.91,24.5,0,SUCCESS
2128.11,1,0,2,16,0.895,1.06,0.97,8.7,0,SUCCESS
468.94,0,0,1,22,0.948,0.46,0.99,14.7,0,SUCCESS
2016.83,1,0,1,6,0.925,0.73,0.87,5.1,0,SUCCESS
1268.28,0,0,1,14,0.975,0.85,0.88,12.2,0,SUCCESS
2884.96,0,0,2,21,0.947,0.46,0.9,19.6,0,SUCCESS
2334.98,0,1,1,12,0.96,0.3,0.94,14.0,0,SUCCESS
1109.03,0,0,1,20,0.908,1.07,0.92,29.6,1,INSUFFICIENT_FUNDS
452.8,1,1,1,19,0.839,1.14,0.85,27.6,1,TIMEOUT
121.28,0,0,2,7,0.913,0.8,0.95,13.9,0,SUCCESS
757.26,0,0,1,14,0.963,1.19,0.87,7.1,0,SUCCESS
1595.3,0,0,1,15,0.989,0.97,0.89,17.9,0,SUCCESS
1135.87,0,0,1,14,0.919,0.43,0.9,6.4,0,SUCCESS
927.41,0,0,1,7,0.96,0.27,0.95,10.4,0,SUCCESS
1127.18,0,0,1,8,0.944,0.52,0.9,18.4,0,SUCCESS
6216.4,0,0,1,7,0.924,1.2,0.92,11.7,0,SUCCESS
1091.36,0,0,1,9,0.995,0.83,0.96,8.4,0,SUCCESS
1047.15,2,1,1,19,0.866,1.16,0.96,33.5,1,TIMEOUT
369.89,1,0,1,13,0.882,0.94,0.97,9.9,0,SUCCESS
1385.08,0,0,1,11,0.911,0.99,0.98,17.2,0,SUCCESS
897.3,0,0,1,7,0.888,0.32,0.88,11.8,0,SUCCESS
624.4,0,0,1,7,0.992,0.75,0.9,12.9,0,SUCCESS
760.32,0,0,1,9,0.985,0.36,0.97,16.5,0,SUCCESS
150200.0,6,5,16,1,0.091,8.0,0.16,100.0,1,AUTHENTICATION_FAILURE
3744.69,2,1,2,14,0.858,0.58,0.88,18.5,1,NETWORK_FAILURE
1473.74,1,0,1,19,0.997,0.84,0.97,7.7,0,SUCCESS
5101.52,3,2,1,14,0.907,1.18,0.97,41.5,1,BANK_FAILURE
1366.04,0,0,1,7,0.888,0.23,0.87,24.3,0,SUCCESS
1005.96,0,0,1,18,0.992,1.08,0.89,22.0,0,SUCCESS
49.4,0,1,1,16,0.954,0.85,0.87,6.2,0,SUCCESS
2830.67,2,1,2,21,0.989,0.56,0.94,34.7,1,TIMEOUT
377.03,0,0,1,8,0.889,0.98,0.89,8.6,0,SUCCESS
1460.7,0,0,1,6,0.941,1.2,0.97,17.3,0,SUCCESS
1064.12,2,3,2,13,0.922,1.34,0.75,32.4,1,BANK_FAILURE
690.59,1,0,1,19,0.901,0.59,0.99,10.0,0,SUCCESS
221.37,0,0,1,11,0.911,0.96,0.87,15.7,0,SUCCESS
339.79,0,0,1,18,0.997,1.0,0.99,14.8,0,SUCCESS
188.48,0,0,2,16,0.935,1.04,0.86,14.8,0,SUCCESS
244.09,0,0,2,21,0.968,0.68,0.91,12.9,0,SUCCESS
787.19,0,1,2,15,0.987,1.16,0.97,11.3,0,SUCCESS
1447.22,0,0,1,21,0.911,1.04,0.86,23.0,0,SUCCESS
791.71,1,0,1,16,0.939,0.59,0.92,9.5,0,SUCCESS
2691.1,0,0,1,18,0.898,0.94,0.93,18.6,0,SUCCESS
100.08,0,0,2,16,0.959,1.0,0.87,5.7,0,SUCCESS
901.55,0,1,1,13,0.922,0.5,0.9,20.5,0,SUCCESS
1348.42,0,0,2,16,0.929,0.75,0.97,6.4,0,SUCCESS
711.6,1,1,1,20,0.89,1.17,0.89,20.4,0,SUCCESS
1224.92,1,0,1,7,0.96,0.21,0.89,10.2,0,SUCCESS
135.12,0,0,2,15,0.976,0.49,1.0,17.0,0,SUCCESS
1670.91,1,2,2,19,0.83,0.54,0.82,27.0,1,TIMEOUT
168.8,0,0,1,13,0.932,0.64,0.94,23.9,0,SUCCESS
379.42,0,0,1,17,0.904,1.09,0.95,10.7,0,SUCCESS
2080.04,0,0,1,12,0.982,1.12,0.89,20.1,0,SUCCESS
789.62,0,0,1,13,0.97,0.76,0.88,6.1,0,SUCCESS
511.9,0,0,1,16,0.912,0.74,0.96,7.2,0,SUCCESS
1436.36,0,0,1,20,0.941,1.04,0.96,15.8,0,SUCCESS
1119.94,0,0,1,8,0.916,0.77,0.95,22.5,0,SUCCESS
1262.68,1,0,1,10,0.899,0.66,0.85,9.9,0,SUCCESS
45614.0,3,7,12,3,0.191,7.9,0.11,100.0,1,AUTHENTICATION_FAILURE
1633.93,0,0,1,12,0.954,0.89,0.91,15.8,0,SUCCESS
940.21,0,0,1,15,0.971,0.24,0.96,9.0,0,SUCCESS
75536.0,3,7,15,3,0.345,6.09,0.2,98.5,1,DUPLICATE_TRANSACTION
633.09,0,0,1,9,0.967,1.09,0.94,12.8,0,SUCCESS
1056.76,2,1,1,17,0.918,0.86,0.96,16.9,1,NETWORK_FAILURE
95682.0,6,8,18,3,0.073,6.69,0.22,100.0,1,DUPLICATE_TRANSACTION
1159.06,1,0,2,7,0.952,0.8,0.85,11.4,0,SUCCESS
1263.34,0,0,1,18,0.97,1.18,0.88,21.5,0,SUCCESS
930.5,0,0,1,18,0.898,0.53,0.92,6.8,0,SUCCESS
348.1,0,0,1,20,1.0,1.13,0.95,13.4,0,SUCCESS
1918.96,2,1,1,22,0.878,1.34,0.88,26.4,1,NETWORK_FAILURE
1112.41,0,0,1,15,0.92,0.23,0.85,21.6,0,SUCCESS
673.07,1,1,1,10,0.979,0.76,0.89,32.5,1,NETWORK_FAILURE
2262.69,1,0,1,10,0.938,0.64,0.99,19.1,0,SUCCESS
1245.91,0,0,1,12,0.988,1.11,0.97,5.1,0,SUCCESS
119.78,0,0,2,19,0.953,0.34,0.96,18.1,0,SUCCESS
3814.16,0,1,2,17,0.885,0.24,0.89,10.5,0,SUCCESS
1905.47,0,0,1,15,0.913,0.96,0.92,20.5,0,SUCCESS
130.12,0,1,1,18,0.982,0.25,0.94,30.1,1,INSUFFICIENT_FUNDS
558.43,0,0,2,6,0.973,0.29,0.89,19.6,0,SUCCESS
1002.74,0,0,1,20,0.986,0.59,0.97,20.8,0,SUCCESS
1224.16,0,0,2,10,0.998,0.46,0.95,9.0,0,SUCCESS
2232.92,3,3,1,13,0.852,1.22,0.73,28.0,1,GATEWAY_FAILURE
355.36,0,0,1,15,0.891,0.88,0.93,24.6,0,SUCCESS
358.61,0,0,1,16,0.888,0.91,0.93,6.6,0,SUCCESS
784.65,0,0,2,6,0.931,0.34,0.95,9.3,0,SUCCESS
172.19,0,0,2,21,0.929,0.85,0.93,6.2,0,SUCCESS
911.16,0,0,1,15,0.997,0.99,0.92,11.8,0,SUCCESS
2517.14,1,0,1,9,0.971,0.72,0.88,22.6,0,SUCCESS
2589.14,0,1,1,19,0.909,0.65,1.0,20.4,0,SUCCESS
95165.0,3,9,7,4,0.239,6.24,0.08,100.0,1,DUPLICATE_TRANSACTION
2120.86,0,0,1,16,0.973,1.16,0.88,15.5,0,SUCCESS
455.16,0,0,1,14,0.949,0.83,0.97,12.9,0,SUCCESS
150337.0,4,5,16,4,0.245,4.41,0.23,96.2,1,AUTHENTICATION_FAILURE
4193.71,1,2,2,8,0.914,0.53,0.87,29.7,1,NETWORK_FAILURE
2109.28,0,0,1,10,0.933,0.82,0.86,22.6,0,SUCCESS
2002.14,0,0,1,19,0.918,1.19,0.92,7.4,0,SUCCESS
1598.99,0,0,2,7,0.9,1.08,0.91,8.2,0,SUCCESS
64.23,0,0,1,8,0.943,0.92,0.98,6.6,0,SUCCESS
1626.87,1,0,1,14,0.978,0.74,0.96,11.3,0,SUCCESS
813.5,0,0,1,20,0.958,0.51,0.89,21.4,0,SUCCESS
3912.81,2,2,2,12,0.821,0.59,0.94,23.4,1,NETWORK_FAILURE
2878.21,0,0,1,20,0.903,0.81,0.92,16.5,0,SUCCESS
1656.61,0,0,1,17,0.937,1.18,0.95,7.5,0,SUCCESS
1402.07,0,1,1,7,0.918,0.2,0.95,8.3,0,SUCCESS
1327.04,1,0,1,6,0.98,0.48,0.95,18.9,0,SUCCESS
911.54,0,1,1,11,0.923,0.27,0.96,13.2,0,SUCCESS
1757.79,0,0,1,9,0.985,0.97,0.97,18.3,0,SUCCESS
410.79,0,0,1,6,0.985,0.2,0.88,12.8,0,SUCCESS
621.68,0,0,1,19,0.984,0.75,0.91,24.5,0,SUCCESS
75606.0,6,4,13,2,0.388,4.2,0.26,100.0,1,AUTHENTICATION_FAILURE
2147.71,0,0,2,14,0.981,1.18,0.94,16.2,0,SUCCESS
1236.4,0,0,1,20,0.934,0.42,0.87,6.4,0,SUCCESS
45385.0,3,4,12,4,0.155,6.79,0.14,100.0,1,AUTHENTICATION_FAILURE
75140.0,6,6,8,4,0.348,7.17,0.23,100.0,1,DUPLICATE_TRANSACTION
467.95,1,2,1,21,0.951,0.53,0.92,34.9,1,TIMEOUT
2372.0,0,0,1,10,0.91,0.42,0.92,19.8,0,SUCCESS
942.93,0,1,1,14,0.96,1.03,0.98,16.4,0,SUCCESS
923.4,0,0,1,20,0.89,1.11,0.92,7.8,0,SUCCESS
549.1,0,0,1,13,0.994,0.65,0.97,17.8,0,SUCCESS
1402.99,0,0,1,9,0.926,0.69,0.95,24.0,0,SUCCESS
1150.5,0,0,1,14,0.941,0.83,0.86,10.1,0,SUCCESS
588.02,0,1,1,17,0.952,1.11,0.89,14.4,0,SUCCESS
767.42,0,0,1,18,0.938,0.4,0.94,10.6,0,SUCCESS
516.46,1,1,2,8,0.801,0.72,0.81,17.2,1,NETWORK_FAILURE
545.55,0,1,1,22,0.906,0.6,0.86,10.6,0,SUCCESS
2084.84,0,0,1,22,0.954,0.31,0.9,15.1,0,SUCCESS
2536.89,0,0,1,18,0.961,0.24,0.92,23.6,0,SUCCESS
601.42,3,1,1,20,0.869,1.16,0.9,44.1,1,BANK_FAILURE
1582.55,0,0,1,19,0.886,0.46,0.86,17.1,0,SUCCESS
1441.29,0,0,1,7,0.96,1.0,0.95,6.8,0,SUCCESS
1137.56,0,0,2,13,0.97,0.27,0.86,12.1,0,SUCCESS
3460.11,1,0,1,14,0.958,1.09,0.94,15.0,0,SUCCESS
368.12,1,1,1,19,0.833,1.14,0.95,25.6,1,TIMEOUT
2168.43,0,0,1,13,0.978,0.89,0.93,14.0,0,SUCCESS
95912.0,4,8,9,1,0.126,6.07,0.3,96.3,1,AUTHENTICATION_FAILURE
637.04,1,0,1,16,0.932,0.87,0.89,11.1,0,SUCCESS
1915.99,0,0,2,17,0.976,1.02,0.98,23.3,0,SUCCESS
1113.93,2,1,2,17,0.87,0.53,0.88,25.5,1,TIMEOUT
909.14,0,0,1,10,0.957,0.24,0.96,23.9,0,SUCCESS
547.2,0,0,2,15,0.957,0.84,0.9,6.4,0,SUCCESS
681.4,0,0,1,22,0.892,1.05,0.93,21.8,0,SUCCESS
1090.63,0,0,1,11,0.934,0.89,0.87,14.7,0,SUCCESS
149.26,1,1,1,20,0.873,0.54,0.81,22.8,1,TIMEOUT
258.26,0,0,1,11,0.971,0.66,0.89,23.0,0,SUCCESS
321.22,2,2,1,10,0.969,1.1,0.97,34.7,1,TIMEOUT
457.3,0,0,1,20,0.898,0.23,1.0,20.5,0,SUCCESS
4749.99,0,0,2,14,0.946,0.74,0.96,21.7,0,SUCCESS
745.73,1,0,1,15,0.979,0.91,0.88,15.1,0,SUCCESS
1406.56,0,0,1,17,0.98,0.74,0.87,16.7,0,SUCCESS
20547.09,1,3,2,19,0.752,1.74,0.91,31.0,1,BANK_FAILURE
522.12,0,0,2,10,0.968,0.35,0.98,32.8,1,INSUFFICIENT_FUNDS
2898.45,0,1,2,7,0.967,0.73,0.98,7.6,0,SUCCESS
1924.69,0,0,1,10,0.975,0.48,0.98,23.9,0,SUCCESS
242.32,0,0,1,21,0.891,0.95,0.92,11.0,0,SUCCESS
860.36,1,0,2,16,0.904,0.96,0.91,15.2,0,SUCCESS
45598.0,4,4,7,23,0.393,5.74,0.3,100.0,1,DUPLICATE_TRANSACTION
1071.65,0,0,1,18,0.937,1.2,0.86,5.1,0,SUCCESS
1275.64,0,0,1,6,0.987,0.26,0.98,14.0,0,SUCCESS
1384.62,2,1,1,14,0.804,0.98,0.94,29.5,1,TIMEOUT
1464.26,1,0,1,15,0.956,0.84,0.97,11.7,0,SUCCESS
1633.84,0,0,2,20,0.999,0.4,1.0,6.8,0,SUCCESS
51.78,1,0,1,8,0.969,1.03,0.96,7.9,0,SUCCESS
1729.12,0,0,1,10,0.979,1.01,0.98,19.0,0,SUCCESS
297.48,1,1,2,21,0.853,1.19,0.8,21.1,1,NETWORK_FAILURE
1004.89,0,0,1,19,0.977,1.15,0.86,24.1,0,SUCCESS
936.22,0,0,1,21,0.962,0.31,0.98,9.8,0,SUCCESS
829.7,0,0,1,7,0.889,0.6,0.89,9.6,0,SUCCESS
444.88,0,0,1,13,0.915,0.35,0.89,5.4,0,SUCCESS
1099.34,1,0,1,12,0.907,0.84,1.0,17.1,0,SUCCESS
580.45,0,0,1,22,0.966,1.07,0.92,21.4,0,SUCCESS
1019.69,0,0,1,19,0.936,0.43,0.9,10.8,0,SUCCESS
1043.18,0,0,1,9,0.897,0.98,0.89,14.9,0,SUCCESS
450.35,0,0,1,7,0.967,0.47,0.91,7.1,0,SUCCESS
300.44,0,0,1,11,0.987,0.78,0.92,11.8,0,SUCCESS
150988.0,7,7,15,1,0.176,4.99,0.3,96.1,1,AUTHENTICATION_FAILURE
1915.69,0,0,1,20,0.993,0.62,0.91,23.7,0,SUCCESS
1398.23,0,0,1,22,0.962,0.69,0.91,17.7,0,SUCCESS
1509.3,0,0,1,15,0.897,0.45,0.98,8.7,0,SUCCESS
150975.0,5,4,8,1,0.154,4.08,0.28,97.4,1,AUTHENTICATION_FAILURE
108.26,0,0,1,10,0.94,0.59,0.98,14.5,0,SUCCESS
190.16,0,0,1,19,0.972,0.2,0.98,8.7,0,SUCCESS
1012.74,0,0,2,9,0.982,0.41,0.95,14.4,0,SUCCESS
150199.0,7,8,17,2,0.188,8.62,0.09,100.0,1,AUTHENTICATION_FAILURE
4456.22,0,0,1,17,0.927,0.91,0.88,22.8,0,SUCCESS
455.62,0,0,2,8,0.96,1.02,0.97,15.9,0,SUCCESS
175.26,1,0,1,15,0.882,0.58,0.9,5.4,0,SUCCESS
208.37,0,0,1,15,0.884,0.94,0.9,23.1,0,SUCCESS
421.2,0,0,2,16,0.985,0.24,0.91,20.2,0,SUCCESS
95255.0,3,7,14,4,0.094,3.59,0.28,97.8,1,DUPLICATE_TRANSACTION
329.52,2,1,2,12,0.865,1.24,0.84,27.8,1,TIMEOUT
1063.58,0,0,1,21,0.916,0.85,1.0,21.9,0,SUCCESS
77.65,0,0,1,16,0.98,0.81,0.89,9.1,0,SUCCESS
247.31,1,0,1,13,0.888,0.43,0.89,14.7,0,SUCCESS
1700.35,0,0,1,17,0.887,1.16,0.99,34.1,1,INSUFFICIENT_FUNDS
5746.17,1,0,1,16,0.996,0.28,0.9,9.5,0,SUCCESS
491.31,2,1,2,16,0.948,1.08,0.83,31.2,1,TIMEOUT
1261.57,0,1,1,20,0.9,0.84,0.97,23.9,0,SUCCESS
542.79,0,0,1,20,0.887,0.89,0.95,23.6,0,SUCCESS
874.34,0,0,1,14,0.934,0.33,0.99,15.6,0,SUCCESS
381.32,0,0,1,19,0.889,0.47,0.97,14.2,0,SUCCESS
998.12,0,0,1,18,0.935,0.76,0.98,14.6,0,SUCCESS
2784.52,0,0,2,17,0.981,1.18,0.97,22.1,0,SUCCESS
381.45,0,0,2,11,0.893,0.84,0.92,13.1,0,SUCCESS
95189.0,3,7,15,23,0.203,6.76,0.07,100.0,1,AUTHENTICATION_FAILURE
4816.26,0,0,1,9,0.98,0.93,0.9,19.0,0,SUCCESS
95344.0,4,5,11,23,0.349,7.75,0.14,100.0,1,AUTHENTICATION_FAILURE
784.51,0,0,1,22,0.9,0.77,0.97,15.0,0,SUCCESS
63.61,0,0,1,15,0.974,0.58,0.93,21.1,0,SUCCESS
105.58,0,0,1,15,0.919,1.05,0.96,6.9,0,SUCCESS
1106.72,1,1,1,19,0.926,0.62,0.86,23.0,1,TIMEOUT
3072.86,0,0,2,6,0.885,0.96,0.91,12.8,0,SUCCESS
1733.2,0,0,2,8,0.887,0.64,0.89,17.4,0,SUCCESS
5911.22,0,0,1,9,0.982,1.1,0.98,24.5,0,SUCCESS
82.49,1,1,1,16,0.97,0.43,0.99,8.0,0,SUCCESS
1414.63,0,1,1,14,0.994,0.78,0.92,16.6,0,SUCCESS
921.54,0,0,1,18,0.922,1.09,0.99,22.9,0,SUCCESS
1077.8,2,1,2,11,0.895,0.7,0.92,18.7,1,NETWORK_FAILURE
532.38,0,1,2,12,0.884,0.84,0.9,10.9,0,SUCCESS
3907.94,1,1,1,15,0.957,0.55,0.95,30.5,1,TIMEOUT
881.63,2,1,2,16,0.888,0.55,0.86,33.6,1,NETWORK_FAILURE
645.75,1,0,1,14,0.88,0.62,0.93,6.1,0,SUCCESS
4386.78,0,0,2,12,0.904,0.21,0.92,22.7,0,SUCCESS
194.93,2,2,2,13,0.939,1.14,0.88,30.2,1,TIMEOUT
1177.8,0,1,1,10,0.966,1.02,0.88,12.4,0,SUCCESS
2835.61,0,0,1,9,0.998,0.95,0.91,16.8,0,SUCCESS
1347.16,0,1,2,15,0.965,0.37,0.97,16.7,0,SUCCESS
5573.13,2,2,1,8,0.914,0.8,0.94,30.2,1,TIMEOUT
178.79,0,1,1,6,0.965,0.37,1.0,14.0,0,SUCCESS
256.83,1,0,1,20,0.966,0.66,0.99,18.9,0,SUCCESS
1615.68,0,0,1,22,0.884,0.25,0.87,9.3,0,SUCCESS
150407.0,7,6,5,1,0.304,6.59,0.33,100.0,1,DUPLICATE_TRANSACTION
623.65,0,0,1,20,0.941,0.59,0.99,5.3,0,SUCCESS
1877.86,0,0,1,8,0.881,0.9,1.0,13.8,0,SUCCESS
370.41,0,0,1,11,0.946,1.17,0.86,15.1,0,SUCCESS
1569.95,0,0,2,11,0.894,1.16,0.96,24.0,0,SUCCESS
561.82,1,2,1,11,0.929,1.13,0.86,31.3,1,TIMEOUT
884.42,0,0,1,13,0.91,0.82,0.94,21.7,0,SUCCESS
95278.0,4,7,12,4,0.115,3.61,0.17,93.4,1,AUTHENTICATION_FAILURE
685.53,0,0,1,11,0.92,0.93,0.91,6.4,0,SUCCESS
2855.46,2,2,2,16,0.93,0.83,0.81,22.5,1,NETWORK_FAILURE
3517.54,0,0,1,18,0.974,0.93,0.87,20.6,0,SUCCESS
1895.04,0,0,1,15,0.99,0.21,0.92,24.5,0,SUCCESS
75617.0,4,8,16,1,0.308,7.38,0.18,100.0,1,AUTHENTICATION_FAILURE
657.22,0,0,2,8,0.905,0.68,0.89,10.7,0,SUCCESS
1332.18,0,0,1,16,0.951,0.37,0.99,6.4,0,SUCCESS
724.33,1,0,1,17,0.935,0.29,0.93,17.8,0,SUCCESS
1509.03,1,1,2,11,0.91,0.88,0.96,17.2,0,SUCCESS
499.34,1,0,2,9,0.91,0.2,0.88,7.3,0,SUCCESS
1172.11,1,1,1,13,0.978,0.51,0.95,27.5,1,TIMEOUT
610.23,0,0,1,18,0.929,0.22,0.94,10.1,0,SUCCESS
766.96,0,0,1,6,0.906,0.93,0.94,19.8,0,SUCCESS
533.97,2,1,2,9,0.941,0.83,0.98,16.7,1,TIMEOUT
2024.26,0,0,1,20,0.911,0.63,0.96,5.2,0,SUCCESS
1117.32,0,0,2,22,0.946,0.87,0.96,9.1,0,SUCCESS
1322.56,1,0,2,20,0.969,0.21,0.89,9.3,0,SUCCESS
427.98,0,0,1,21,0.989,0.55,0.91,23.9,1,INSUFFICIENT_FUNDS
1139.87,0,0,1,21,0.89,1.15,0.98,21.1,0,SUCCESS
2126.82,1,0,1,18,0.974,0.6,0.93,10.1,0,SUCCESS
5322.85,1,0,1,13,0.888,0.57,0.99,16.7,0,SUCCESS
976.49,0,1,1,22,0.984,1.12,0.98,5.7,0,SUCCESS
1906.86,0,0,1,7,0.956,0.45,0.96,13.6,0,SUCCESS
750.25,0,0,2,16,0.992,0.26,0.97,10.8,0,SUCCESS
753.21,0,0,2,18,0.916,0.7,0.86,14.8,0,SUCCESS
3191.57,0,0,1,20,0.914,0.91,0.85,13.2,0,SUCCESS
75137.0,7,8,9,1,0.115,7.15,0.31,100.0,1,DUPLICATE_TRANSACTION
150694.0,5,7,9,1,0.158,4.87,0.2,99.5,1,AUTHENTICATION_FAILURE
578.72,0,0,1,18,0.917,1.11,0.99,11.5,0,SUCCESS
574.14,0,0,1,15,0.913,0.43,0.9,23.1,0,SUCCESS
145.98,0,0,1,18,0.94,0.39,0.98,32.2,1,INSUFFICIENT_FUNDS
2232.51,0,0,1,21,0.97,0.64,0.94,8.2,0,SUCCESS
1392.72,0,0,1,18,0.967,0.58,0.92,13.6,0,SUCCESS
1668.38,0,0,1,7,0.944,0.99,0.89,15.8,0,SUCCESS
557.17,0,0,1,16,0.968,1.08,0.87,17.7,0,SUCCESS
1096.14,0,0,2,7,0.942,0.81,0.89,6.2,0,SUCCESS
644.19,0,0,1,20,0.97,0.77,1.0,13.3,0,SUCCESS
1731.25,0,0,1,6,0.945,0.9,0.96,8.4,0,SUCCESS
881.05,0,0,1,18,0.984,0.83,0.93,7.3,0,SUCCESS
45344.0,7,8,11,2,0.229,4.13,0.28,97.9,1,DUPLICATE_TRANSACTION
2767.94,1,1,1,8,0.916,1.36,0.93,23.2,1,NETWORK_FAILURE
2650.87,0,1,1,16,0.963,0.45,0.85,19.5,0,SUCCESS
969.56,0,0,1,6,0.936,1.07,0.88,7.5,0,SUCCESS
452.42,0,0,1,12,0.934,0.38,0.98,22.7,0,SUCCESS
802.53,1,0,1,19,0.927,1.0,0.99,9.1,0,SUCCESS
323.3,2,2,3,17,0.886,1.82,0.85,44.6,1,GATEWAY_FAILURE
767.45,0,0,1,18,0.976,0.63,1.0,16.2,0,SUCCESS
513.85,0,0,1,8,0.922,0.57,0.86,12.4,0,SUCCESS
797.88,1,0,2,16,0.959,0.91,0.85,9.4,0,SUCCESS
1349.53,0,0,1,22,0.925,0.83,0.86,7.1,0,SUCCESS
108.86,0,0,1,9,0.972,0.78,0.97,20.0,0,SUCCESS
3023.21,2,2,1,10,0.928,1.12,0.95,18.4,1,NETWORK_FAILURE
489.39,2,2,1,17,0.973,1.26,0.92,28.1,1,NETWORK_FAILURE
2688.25,0,0,1,10,0.945,0.96,0.9,13.3,0,SUCCESS
1546.0,0,0,1,21,0.904,0.51,0.89,9.3,0,SUCCESS
1094.63,2,2,2,18,0.836,0.58,0.94,22.7,1,TIMEOUT
2119.03,0,0,1,22,0.913,0.89,0.89,23.8,0,SUCCESS
2679.08,1,2,1,20,0.816,1.13,0.88,41.5,1,BANK_FAILURE
216.4,1,1,1,11,0.888,1.48,0.96,30.5,1,NETWORK_FAILURE
1702.22,0,0,1,6,0.932,0.23,0.89,5.7,0,SUCCESS
2585.2,1,0,1,8,0.979,0.83,0.98,20.7,0,SUCCESS
1550.85,2,3,3,15,0.949,1.79,0.94,30.0,1,GATEWAY_FAILURE
1646.42,2,2,2,18,0.99,0.83,0.95,31.1,1,NETWORK_FAILURE
75550.0,7,6,7,23,0.161,8.79,0.32,100.0,1,AUTHENTICATION_FAILURE
674.07,1,0,2,21,0.917,0.22,0.85,23.3,0,SUCCESS
1518.66,0,0,1,9,0.885,1.04,0.94,16.3,0,SUCCESS
1224.76,0,1,1,15,0.927,0.27,0.95,19.7,0,SUCCESS
1401.88,0,0,1,16,0.949,0.77,0.98,12.6,0,SUCCESS
606.28,0,1,1,10,0.956,0.67,0.92,14.9,0,SUCCESS
75212.0,4,7,10,1,0.226,8.72,0.3,100.0,1,DUPLICATE_TRANSACTION
2439.96,0,1,1,16,0.9,0.7,0.95,18.9,0,SUCCESS
1981.69,2,2,1,8,0.921,1.1,0.84,29.1,1,NETWORK_FAILURE
777.74,0,0,1,20,0.934,1.15,0.86,32.3,1,INSUFFICIENT_FUNDS
45474.0,5,6,19,4,0.209,7.27,0.32,100.0,1,DUPLICATE_TRANSACTION
5623.3,1,1,2,12,0.958,1.14,0.82,29.8,1,TIMEOUT
278.49,1,2,2,15,0.813,0.73,0.98,27.3,1,TIMEOUT
388.29,0,0,1,19,0.959,0.41,0.98,22.7,0,SUCCESS
311.76,0,0,1,14,1.0,0.23,0.98,17.5,0,SUCCESS
95924.0,7,9,18,4,0.172,5.89,0.17,100.0,1,DUPLICATE_TRANSACTION
2718.56,0,1,1,19,0.926,0.27,0.88,9.6,0,SUCCESS
808.83,0,0,1,11,0.993,0.27,0.92,15.6,0,SUCCESS
5113.2,0,0,2,13,0.894,0.21,0.87,9.1,0,SUCCESS
1891.48,1,2,2,19,0.957,0.87,0.87,21.0,1,TIMEOUT
4493.71,0,0,1,9,0.898,0.54,0.98,8.1,0,SUCCESS
152.63,0,0,1,7,0.98,0.91,0.94,8.1,0,SUCCESS
830.25,0,0,2,15,0.941,0.34,0.94,10.5,0,SUCCESS
1303.39,1,1,1,22,0.858,1.32,0.81,23.4,1,NETWORK_FAILURE
784.94,1,0,1,18,0.922,0.75,1.0,18.3,0,SUCCESS
315.64,1,0,1,20,0.945,1.04,1.0,36.0,1,INSUFFICIENT_FUNDS
606.24,1,1,1,18,0.969,0.69,0.92,21.8,0,SUCCESS
587.18,0,0,2,8,0.976,0.32,0.95,13.3,0,SUCCESS
914.49,0,0,1,13,0.904,1.15,0.88,16.4,0,SUCCESS
1088.04,0,0,1,19,0.957,0.43,0.93,12.4,0,SUCCESS
1349.47,0,0,1,11,0.896,1.05,0.87,22.1,0,SUCCESS
858.81,0,0,1,7,0.988,0.8,0.94,16.2,0,SUCCESS
605.67,0,0,2,11,0.925,1.0,0.91,6.7,0,SUCCESS
1563.66,1,1,1,12,0.833,1.17,0.84,19.4,1,NETWORK_FAILURE
2535.45,1,0,1,12,0.951,0.95,0.94,17.0,0,SUCCESS
115.0,0,1,1,18,0.908,0.47,0.93,9.0,0,SUCCESS
466.68,0,0,1,13,0.99,0.24,0.89,9.2,0,SUCCESS
375.4,0,0,1,18,0.936,0.67,0.96,8.1,0,SUCCESS
850.6,0,0,1,22,0.964,1.14,0.91,19.2,0,SUCCESS
823.8,0,0,1,16,0.884,0.4,0.9,15.2,0,SUCCESS
1194.82,0,0,1,14,0.936,0.97,0.87,17.5,0,SUCCESS
440.66,0,0,1,14,0.981,0.36,0.85,14.0,0,SUCCESS
374.35,0,0,1,20,0.936,0.97,0.99,8.8,0,SUCCESS
3115.92,0,0,1,17,0.926,1.0,0.91,20.0,0,SUCCESS
209.9,1,0,1,22,0.905,0.76,0.98,21.7,0,SUCCESS
3195.61,1,0,1,11,0.882,1.03,0.93,20.5,0,SUCCESS
369.55,0,1,2,16,0.915,0.53,0.89,5.8,0,SUCCESS
1923.5,1,1,2,10,0.837,0.8,0.92,27.0,1,NETWORK_FAILURE
896.07,0,1,1,22,0.914,1.16,0.85,19.3,0,SUCCESS
45327.0,6,9,7,2,0.147,4.28,0.14,100.0,1,DUPLICATE_TRANSACTION
160.84,0,1,1,21,0.98,1.14,0.88,12.5,0,SUCCESS
3216.86,0,0,1,17,0.9,0.44,0.96,10.5,0,SUCCESS
550.21,0,0,1,18,0.934,0.7,0.89,14.4,0,SUCCESS
2861.13,2,2,3,11,0.774,0.94,0.96,40.7,1,BANK_FAILURE
793.75,0,0,1,14,0.96,0.61,0.91,22.7,0,SUCCESS
2760.0,0,0,1,9,0.918,0.89,0.89,8.8,0,SUCCESS
293.94,0,0,1,22,0.979,0.37,0.92,7.3,0,SUCCESS
1424.42,1,0,1,19,0.952,0.63,0.87,7.3,0,SUCCESS
998.43,0,0,1,22,0.885,0.42,0.85,16.6,0,SUCCESS
183.26,1,0,1,8,0.948,0.86,0.98,13.0,0,SUCCESS
523.85,0,0,1,22,0.89,0.45,0.97,7.0,0,SUCCESS
143.41,1,0,1,10,0.894,1.18,0.88,6.3,0,SUCCESS
150613.0,3,7,7,3,0.236,4.07,0.1,99.4,1,AUTHENTICATION_FAILURE
470.78,0,0,2,14,0.884,0.98,0.89,7.9,0,SUCCESS
196.55,0,0,1,17,0.943,0.42,1.0,16.5,0,SUCCESS
520.92,2,2,2,13,0.886,0.89,0.95,40.9,1,BANK_FAILURE
255.8,0,0,2,22,0.919,0.41,0.86,14.3,0,SUCCESS
838.64,0,0,2,11,0.948,0.38,0.87,16.5,0,SUCCESS
1770.99,1,0,1,18,0.935,0.5,0.99,7.4,0,SUCCESS
6935.78,1,3,1,10,0.708,1.37,0.81,28.2,1,BANK_FAILURE
1330.97,0,1,1,9,0.947,0.91,0.86,13.4,0,SUCCESS
197.44,0,0,1,16,0.885,0.89,0.95,9.6,0,SUCCESS
1421.41,0,0,1,21,0.886,0.52,0.92,23.0,0,SUCCESS
3981.49,1,0,2,8,0.923,0.61,0.95,18.2,0,SUCCESS
136.22,0,0,1,20,0.915,0.76,0.85,23.1,0,SUCCESS
252.93,0,0,1,18,0.965,0.3,0.9,37.4,1,INSUFFICIENT_FUNDS
414.13,0,0,1,12,0.906,1.09,0.99,23.3,0,SUCCESS
1259.79,0,0,1,21,0.928,0.95,0.93,18.5,0,SUCCESS
720.3,1,0,1,7,0.979,0.35,0.97,15.8,0,SUCCESS
2283.61,0,0,1,19,0.893,0.97,0.93,13.7,0,SUCCESS
615.64,2,2,1,12,0.971,0.72,0.98,26.2,1,TIMEOUT
2164.72,0,0,1,16,0.997,1.17,0.91,19.6,0,SUCCESS
45515.0,5,9,5,4,0.184,6.91,0.19,100.0,1,AUTHENTICATION_FAILURE
15254.6,3,2,1,10,0.73,1.93,0.75,37.5,1,BANK_FAILURE
351.28,0,0,1,20,0.94,1.12,0.97,7.6,0,SUCCESS
1599.08,1,1,2,21,0.938,1.19,0.87,31.1,1,TIMEOUT
113.58,0,0,1,8,0.952,0.36,0.89,5.5,0,SUCCESS
2210.79,0,0,1,18,0.917,0.46,0.89,10.6,0,SUCCESS
164.86,2,2,1,18,0.88,0.51,0.97,29.6,1,TIMEOUT
3568.44,0,0,1,17,0.918,0.45,0.95,12.3,0,SUCCESS
150857.0,4,5,15,3,0.298,4.99,0.32,96.4,1,AUTHENTICATION_FAILURE
1006.86,0,0,1,13,0.891,0.61,0.87,9.4,0,SUCCESS
786.73,2,1,2,12,0.817,0.69,0.81,27.5,1,TIMEOUT
455.48,0,0,1,21,0.92,0.86,0.98,20.2,0,SUCCESS
1609.27,0,0,2,20,0.927,0.73,0.87,16.4,0,SUCCESS
2013.37,0,0,1,11,0.922,0.61,0.87,8.4,0,SUCCESS
75967.0,7,6,11,2,0.118,7.03,0.13,100.0,1,AUTHENTICATION_FAILURE
2761.47,0,0,1,9,0.895,0.31,0.95,22.5,0,SUCCESS
1924.76,0,0,1,14,0.945,0.31,0.86,18.1,0,SUCCESS
968.25,0,0,1,9,0.912,0.28,1.0,8.1,0,SUCCESS
5399.27,0,0,1,15,0.975,0.86,0.94,22.3,0,SUCCESS
459.04,0,0,2,7,0.932,0.65,0.94,18.3,0,SUCCESS
882.48,0,0,1,21,0.904,1.13,0.95,21.5,0,SUCCESS
95440.0,6,5,19,2,0.139,6.09,0.2,99.2,1,DUPLICATE_TRANSACTION
1315.98,1,0,1,15,0.975,0.8,0.93,6.2,0,SUCCESS
456.33,0,0,1,16,0.996,0.34,0.87,22.8,0,SUCCESS
5285.02,1,2,2,19,0.8,0.88,0.83,15.4,1,TIMEOUT
75543.0,4,4,17,1,0.278,4.88,0.25,95.6,1,DUPLICATE_TRANSACTION
205.14,0,0,1,16,0.894,1.2,0.88,16.9,0,SUCCESS
684.96,0,1,1,14,0.936,0.21,0.86,10.2,0,SUCCESS
82.9,0,0,1,7,0.931,0.75,0.88,10.9,0,SUCCESS
1357.15,1,0,2,19,0.928,1.01,0.94,8.3,0,SUCCESS
78.99,0,0,2,15,0.946,1.04,0.87,21.0,0,SUCCESS
3677.11,2,2,2,11,0.988,1.23,0.96,34.9,1,TIMEOUT
150828.0,3,8,8,4,0.381,5.13,0.05,99.8,1,DUPLICATE_TRANSACTION
343.91,0,0,2,9,0.919,0.33,0.92,5.8,0,SUCCESS
1433.8,0,1,1,22,0.96,0.76,0.9,7.7,0,SUCCESS
168.01,0,1,1,14,0.935,0.7,0.9,22.9,0,SUCCESS
1291.44,0,0,1,19,0.894,0.2,0.96,12.1,0,SUCCESS
401.41,0,0,1,13,0.987,1.02,0.98,16.1,0,SUCCESS
95508.0,4,8,9,4,0.129,5.64,0.19,97.6,1,AUTHENTICATION_FAILURE
150.41,0,1,2,12,0.998,0.64,0.93,22.5,0,SUCCESS
9853.39,2,1,1,22,0.862,0.81,0.88,28.5,1,NETWORK_FAILURE
1424.57,0,0,1,21,0.896,0.83,0.87,30.4,1,INSUFFICIENT_FUNDS
1467.74,0,0,1,18,0.911,1.0,0.91,24.9,0,SUCCESS
165.47,0,0,1,16,0.902,0.23,0.89,13.9,0,SUCCESS
1201.0,0,0,1,16,0.904,0.33,0.99,7.2,0,SUCCESS
830.23,0,0,1,16,0.913,0.97,0.95,21.6,0,SUCCESS
4498.58,0,0,1,20,0.945,0.43,0.95,21.4,0,SUCCESS
99.96,0,0,1,16,0.913,0.6,0.94,18.1,0,SUCCESS
249.57,0,0,1,8,0.977,0.78,0.96,12.3,0,SUCCESS
1278.2,0,1,1,9,0.903,0.9,0.93,12.2,0,SUCCESS
2956.52,0,0,1,19,0.968,1.12,1.0,21.7,0,SUCCESS
482.19,0,0,2,9,0.928,0.96,0.92,13.2,0,SUCCESS
3324.07,0,0,1,18,0.894,0.78,1.0,12.6,0,SUCCESS
214.28,1,1,2,21,0.831,1.16,1.0,24.0,1,TIMEOUT
574.7,0,0,1,18,0.894,1.08,0.91,12.7,0,SUCCESS
1342.48,1,0,1,11,0.935,0.61,0.96,7.7,0,SUCCESS
313.24,0,0,1,15,0.937,0.8,0.94,13.0,0,SUCCESS
150772.0,3,7,9,4,0.107,7.54,0.11,100.0,1,AUTHENTICATION_FAILURE
1545.8,2,2,1,20,0.91,0.85,0.96,25.8,1,TIMEOUT
148.12,0,0,1,19,0.898,0.37,0.98,16.2,0,SUCCESS
3770.54,1,2,1,8,0.899,0.82,0.89,25.0,1,NETWORK_FAILURE
317.93,1,0,1,16,0.975,1.12,0.9,11.1,0,SUCCESS
309.59,0,0,1,6,0.919,1.19,0.9,12.9,0,SUCCESS
1158.59,0,0,2,10,0.931,1.2,0.85,22.9,0,SUCCESS
242.81,0,0,2,17,0.994,0.22,1.0,6.7,0,SUCCESS
4360.23,1,3,2,13,0.81,1.57,0.81,26.1,1,GATEWAY_FAILURE
2437.36,3,2,2,13,0.926,1.8,0.76,33.8,1,BANK_FAILURE
706.02,1,2,1,16,0.839,1.79,0.88,40.7,1,BANK_FAILURE
1144.25,0,0,1,21,0.984,0.36,0.91,5.3,0,SUCCESS
829.88,1,0,1,18,0.978,1.02,0.97,10.7,0,SUCCESS
2227.55,1,0,1,12,0.925,0.83,0.85,7.9,0,SUCCESS
1676.12,0,0,1,20,0.952,0.59,0.98,24.0,0,SUCCESS
2629.5,0,0,1,13,0.981,0.35,0.93,6.2,0,SUCCESS
137.58,0,1,1,21,0.948,1.08,0.93,24.2,0,SUCCESS
108.9,0,0,1,20,0.973,1.02,0.99,15.5,0,SUCCESS
769.01,0,0,1,15,0.994,1.04,0.89,6.5,0,SUCCESS
272.43,0,0,1,22,0.976,0.96,0.95,8.3,0,SUCCESS
122.11,0,0,1,11,0.962,1.15,0.87,12.6,0,SUCCESS
1019.89,0,0,2,20,0.93,0.85,0.94,5.4,0,SUCCESS
5411.67,0,0,1,21,0.995,0.8,0.96,11.3,0,SUCCESS
1398.67,1,1,1,12,0.745,1.76,0.89,35.9,1,GATEWAY_FAILURE
822.43,0,0,1,17,0.889,0.48,0.9,20.6,0,SUCCESS
5922.76,0,0,1,19,0.995,0.93,0.92,17.6,0,SUCCESS
1664.03,0,0,2,17,0.968,0.62,0.94,21.7,0,SUCCESS
2005.58,0,0,1,22,0.995,1.09,0.95,14.2,0,SUCCESS
1400.53,0,0,1,21,0.956,0.97,1.0,5.2,0,SUCCESS
1620.97,0,0,1,13,0.895,0.61,0.9,11.1,0,SUCCESS
3431.49,3,3,2,19,0.787,1.09,0.88,29.0,1,BANK_FAILURE
1095.88,2,3,3,16,0.764,1.37,0.71,39.0,1,GATEWAY_FAILURE
530.58,0,0,1,18,0.929,0.4,0.93,7.6,0,SUCCESS
745.94,0,0,1,10,0.989,0.26,0.95,8.7,0,SUCCESS
510.11,0,0,1,14,0.94,0.49,0.96,5.5,0,SUCCESS
1103.87,0,0,1,13,0.895,0.77,0.86,5.6,0,SUCCESS
150340.0,6,8,12,23,0.139,7.03,0.13,100.0,1,AUTHENTICATION_FAILURE
204.71,0,0,2,7,0.987,0.8,0.97,13.6,0,SUCCESS
1711.88,0,0,1,14,0.949,0.38,0.89,9.0,0,SUCCESS
609.3,2,1,1,20,0.912,0.93,0.92,16.6,1,NETWORK_FAILURE
159.26,0,0,1,15,0.973,0.91,0.94,5.3,0,SUCCESS
585.25,0,0,1,20,0.926,1.06,0.9,10.9,0,SUCCESS
420.09,0,0,2,20,0.898,1.09,0.92,16.3,0,SUCCESS
1354.3,0,0,1,7,0.978,0.22,0.96,9.2,0,SUCCESS
220.16,0,0,2,8,0.886,0.43,0.98,10.1,0,SUCCESS
348.16,0,1,1,15,0.983,0.7,0.95,9.8,0,SUCCESS
1751.78,0,0,1,12,0.918,0.61,0.88,24.5,0,SUCCESS
1293.8,0,1,1,19,0.925,1.09,0.87,8.0,0,SUCCESS
526.99,0,0,2,22,0.902,1.17,0.91,17.6,0,SUCCESS
1603.04,0,0,1,8,0.917,0.63,0.95,19.9,0,SUCCESS
366.11,0,0,1,20,0.991,1.01,0.97,20.9,0,SUCCESS
150646.0,3,6,10,4,0.182,5.37,0.07,100.0,1,AUTHENTICATION_FAILURE
187.51,1,0,1,13,0.89,0.8,0.92,15.9,0,SUCCESS
45106.0,5,5,6,4,0.101,7.3,0.33,100.0,1,AUTHENTICATION_FAILURE
45538.0,3,9,12,3,0.229,4.16,0.14,100.0,1,AUTHENTICATION_FAILURE
5090.73,2,3,2,13,0.871,1.08,0.96,42.4,1,BANK_FAILURE
459.04,0,0,1,12,0.896,0.91,0.96,18.6,0,SUCCESS
622.39,1,1,2,20,0.81,1.22,0.9,32.0,1,TIMEOUT
629.24,0,0,1,14,0.978,0.88,0.95,13.0,0,SUCCESS
1083.81,0,0,1,22,0.935,1.03,0.97,19.2,0,SUCCESS
299.48,2,2,1,20,0.975,0.64,0.86,17.8,1,NETWORK_FAILURE
1185.13,0,0,1,19,0.919,0.27,0.9,35.5,1,INSUFFICIENT_FUNDS
367.44,0,0,2,20,0.91,1.14,0.89,20.5,0,SUCCESS
648.31,0,0,2,22,0.907,0.26,0.89,15.6,0,SUCCESS
437.86,2,2,1,20,0.806,0.62,0.88,16.3,1,NETWORK_FAILURE
1008.78,2,1,1,21,0.965,1.03,0.89,23.2,1,TIMEOUT
2091.02,0,0,1,10,0.978,0.85,0.91,14.2,0,SUCCESS
891.46,2,1,3,10,0.887,1.17,0.94,30.2,1,BANK_FAILURE
150627.0,5,4,9,1,0.197,4.71,0.05,100.0,1,DUPLICATE_TRANSACTION
4792.82,2,2,3,14,0.883,1.85,0.9,29.6,1,BANK_FAILURE
1516.23,0,0,1,9,0.941,0.55,0.91,17.4,0,SUCCESS
1571.08,1,0,1,14,0.97,1.12,0.87,9.7,0,SUCCESS
1713.81,0,1,1,22,0.927,1.0,0.9,13.9,0,SUCCESS
1399.88,0,0,1,15,0.985,0.97,0.95,5.6,0,SUCCESS
967.78,0,0,2,9,0.999,0.68,1.0,20.1,0,SUCCESS
864.56,1,2,1,12,0.916,1.12,0.85,42.2,1,BANK_FAILURE
522.22,0,0,2,15,0.908,1.02,0.9,21.6,0,SUCCESS
49.72,0,1,2,6,0.994,0.34,0.93,8.7,0,SUCCESS
719.67,0,0,2,8,0.924,0.64,1.0,21.2,0,SUCCESS
1653.59,1,1,1,15,0.893,1.15,0.86,11.0,0,SUCCESS
473.7,1,0,1,19,0.961,1.04,0.99,19.4,0,SUCCESS
449.23,0,0,1,17,0.882,0.96,0.86,22.3,0,SUCCESS
200.57,0,0,1,6,0.995,0.45,0.98,8.4,0,SUCCESS
2357.51,0,0,1,13,0.905,0.32,0.98,15.0,0,SUCCESS
66.38,0,0,1,12,0.904,0.48,0.89,12.5,0,SUCCESS
648.71,0,0,1,19,0.933,0.79,0.96,8.9,0,SUCCESS
760.31,0,0,2,17,0.976,0.94,0.95,22.8,1,INSUFFICIENT_FUNDS
999.36,0,0,1,11,0.975,0.42,0.88,24.0,0,SUCCESS
331.71,0,0,1,20,0.994,0.55,0.86,8.6,0,SUCCESS
646.53,0,0,1,10,0.897,0.96,0.87,37.7,1,INSUFFICIENT_FUNDS
625.78,0,0,1,19,0.937,0.97,0.94,17.7,0,SUCCESS
767.02,0,0,1,14,0.99,1.09,0.94,21.2,0,SUCCESS
95716.0,3,8,18,4,0.272,5.46,0.09,100.0,1,DUPLICATE_TRANSACTION
3130.33,2,2,1,8,0.837,0.74,0.86,27.9,1,NETWORK_FAILURE
1151.39,0,0,1,14,0.943,0.96,0.96,8.9,0,SUCCESS
813.82,0,0,2,7,0.925,0.72,0.91,9.0,0,SUCCESS
1055.97,2,1,2,8,0.962,1.23,0.87,16.7,1,TIMEOUT
320.0,0,0,2,13,0.905,0.74,0.88,22.0,0,SUCCESS
656.55,0,0,1,14,0.921,0.31,0.94,16.6,0,SUCCESS
1554.04,0,0,1,15,0.944,0.4,0.87,23.3,0,SUCCESS
525.71,0,0,1,14,0.987,0.31,0.85,15.0,0,SUCCESS
2337.44,3,3,1,19,0.816,1.07,0.91,43.4,1,BANK_FAILURE
710.5,0,0,1,19,0.995,0.64,0.92,12.0,0,SUCCESS
2932.53,0,0,1,22,0.916,0.63,0.9,19.5,0,SUCCESS
1958.33,0,1,1,8,0.998,0.99,0.94,11.8,0,SUCCESS
992.88,0,0,1,6,0.886,0.6,0.95,14.0,0,SUCCESS
1707.59,0,0,1,11,0.956,0.39,0.96,15.9,0,SUCCESS
75433.0,3,5,13,23,0.183,4.08,0.21,96.0,1,AUTHENTICATION_FAILURE
1188.67,0,0,1,17,0.937,1.1,0.93,19.1,0,SUCCESS
397.7,1,0,1,7,0.96,0.71,0.91,6.1,0,SUCCESS
75.8,0,0,2,20,0.92,0.59,0.87,19.8,0,SUCCESS
2382.59,0,0,1,19,0.952,0.93,0.97,24.5,0,SUCCESS
1633.12,2,2,1,21,0.813,1.4,0.82,21.6,1,TIMEOUT
2078.72,0,1,1,13,0.937,1.05,0.9,22.4,0,SUCCESS
265.07,2,1,1,12,0.835,0.93,0.83,29.1,1,TIMEOUT
968.76,0,0,1,20,0.897,0.49,0.93,20.0,0,SUCCESS
2222.36,0,0,1,11,0.983,0.87,0.92,24.1,0,SUCCESS
1573.33,0,0,1,17,0.903,0.29,0.93,21.4,0,SUCCESS
177.27,0,0,2,8,0.916,0.73,0.93,17.0,0,SUCCESS
267.19,0,0,1,15,0.965,1.1,0.94,7.5,0,SUCCESS
204.33,0,1,1,15,0.951,0.39,0.95,17.5,0,SUCCESS
1155.98,1,0,1,14,0.929,0.48,0.87,19.6,0,SUCCESS
45311.0,6,8,14,4,0.227,8.21,0.27,100.0,1,AUTHENTICATION_FAILURE
225.59,0,0,1,12,0.987,0.59,0.89,19.5,0,SUCCESS
3357.77,1,2,2,19,0.962,0.54,0.81,27.5,1,TIMEOUT
127.22,0,0,1,15,0.961,0.54,0.88,10.6,0,SUCCESS
783.05,0,0,1,6,0.931,0.27,0.87,21.7,0,SUCCESS
592.56,1,2,2,16,0.946,0.56,0.92,17.4,1,NETWORK_FAILURE
165.86,2,2,2,14,0.822,0.55,0.89,31.9,1,TIMEOUT
75786.0,3,8,6,4,0.207,6.68,0.22,100.0,1,AUTHENTICATION_FAILURE
503.94,0,0,1,17,0.908,0.6,1.0,22.4,0,SUCCESS
1046.9,0,0,1,6,0.952,0.9,0.89,17.6,0,SUCCESS
778.79,0,0,1,21,0.918,1.12,0.86,14.7,0,SUCCESS
45211.0,7,5,18,23,0.161,4.71,0.2,94.8,1,AUTHENTICATION_FAILURE
1721.08,0,0,1,7,0.882,1.16,0.91,17.1,0,SUCCESS
148.69,0,0,1,10,0.927,1.05,0.9,5.7,0,SUCCESS
1694.35,1,0,1,14,0.929,1.08,0.95,23.0,0,SUCCESS
1221.22,0,0,1,19,0.917,0.4,0.99,20.2,0,SUCCESS
1402.89,0,1,1,20,0.902,0.96,0.92,9.5,0,SUCCESS
1199.48,0,0,1,10,0.999,0.65,0.89,13.9,0,SUCCESS
2303.9,0,0,1,18,0.896,0.4,0.97,13.5,0,SUCCESS
1049.04,0,0,1,15,0.884,0.65,0.97,22.7,0,SUCCESS
157.84,0,0,2,17,0.928,0.83,0.94,7.4,0,SUCCESS
4573.92,0,0,1,7,0.97,1.14,0.95,12.3,0,SUCCESS
3389.26,0,0,1,9,0.955,0.42,0.94,23.5,0,SUCCESS
10896.74,1,1,1,13,0.859,0.9,0.85,19.1,1,TIMEOUT
3758.47,0,0,1,21,0.966,1.18,0.91,21.0,0,SUCCESS
733.12,0,0,1,16,0.994,0.42,0.9,20.1,0,SUCCESS
649.57,0,0,1,14,0.896,0.44,0.89,23.5,0,SUCCESS
363.24,1,0,1,7,0.937,0.37,0.9,13.0,0,SUCCESS
119.93,0,0,1,8,0.949,0.87,0.85,11.8,0,SUCCESS
1954.57,1,0,1,9,0.964,0.61,0.93,5.1,0,SUCCESS
1461.1,0,0,1,20,0.924,1.18,0.91,15.0,0,SUCCESS
2937.6,0,0,2,21,0.944,0.92,0.92,23.8,0,SUCCESS
728.07,2,2,1,13,0.931,1.36,1.0,23.5,1,NETWORK_FAILURE
190.39,0,0,1,9,0.985,0.4,0.97,16.2,0,SUCCESS
116.39,0,0,1,21,0.942,0.49,0.92,22.2,0,SUCCESS
485.44,0,0,1,19,0.895,0.5,0.97,14.4,0,SUCCESS
358.72,1,0,1,17,0.889,0.58,0.97,5.1,0,SUCCESS
781.18,0,1,2,14,0.901,1.09,0.92,19.2,0,SUCCESS
4989.76,0,0,1,13,0.895,1.16,0.95,33.8,1,INSUFFICIENT_FUNDS
45876.0,3,8,14,1,0.116,5.78,0.33,99.1,1,AUTHENTICATION_FAILURE
95583.0,4,4,17,1,0.249,7.86,0.35,100.0,1,AUTHENTICATION_FAILURE
904.18,0,1,1,6,0.974,0.69,0.99,6.1,0,SUCCESS
75471.0,6,9,10,1,0.386,4.29,0.22,95.3,1,DUPLICATE_TRANSACTION
967.82,1,1,1,11,0.905,1.27,0.83,39.6,1,BANK_FAILURE
45154.0,6,7,16,23,0.354,6.1,0.26,100.0,1,DUPLICATE_TRANSACTION
408.24,1,0,1,22,0.989,0.21,0.97,24.0,0,SUCCESS
389.42,3,2,2,19,0.834,0.82,0.77,34.0,1,BANK_FAILURE
1465.73,0,0,1,22,0.906,1.07,0.99,9.7,0,SUCCESS
2619.76,0,0,2,13,0.9,1.18,0.98,15.0,0,SUCCESS
1158.32,0,0,1,14,0.913,0.3,0.89,6.8,0,SUCCESS
1372.16,0,0,1,22,0.982,1.02,0.85,22.9,0,SUCCESS
84.25,0,0,1,14,0.974,0.68,0.97,16.5,0,SUCCESS
852.58,2,2,1,12,0.843,1.0,0.85,15.2,1,NETWORK_FAILURE
1302.96,0,0,2,21,0.996,0.77,0.98,7.8,0,SUCCESS
1059.55,1,0,1,17,0.934,1.13,0.95,12.8,0,SUCCESS
218.06,0,0,1,14,0.984,0.44,1.0,24.2,0,SUCCESS
390.44,0,0,2,9,0.98,0.52,0.98,8.2,0,SUCCESS
276.98,0,0,1,21,0.968,0.25,0.86,12.7,0,SUCCESS
572.37,0,1,1,17,0.994,0.91,0.85,20.3,0,SUCCESS
915.06,0,0,1,7,0.933,0.78,1.0,24.3,1,INSUFFICIENT_FUNDS
1421.14,0,1,1,12,0.961,0.26,0.94,19.8,0,SUCCESS
333.34,0,0,1,17,0.962,1.01,0.91,11.2,0,SUCCESS
3382.38,0,1,1,15,0.894,0.27,0.92,9.4,0,SUCCESS
400.61,0,0,1,7,0.895,0.49,0.89,9.3,0,SUCCESS
684.49,0,0,1,15,0.881,0.71,0.87,22.3,0,SUCCESS
2511.99,0,0,2,8,0.976,0.44,0.86,11.3,0,SUCCESS
421.4,0,0,2,17,0.932,0.29,0.96,5.3,0,SUCCESS
1290.03,0,0,1,9,0.918,0.26,0.96,5.2,0,SUCCESS
680.5,1,0,1,16,0.984,0.64,0.87,22.2,0,SUCCESS
3146.98,2,2,1,11,0.962,0.55,0.82,26.4,1,TIMEOUT
958.81,0,0,1,15,0.899,0.95,0.94,10.5,0,SUCCESS
820.94,1,0,1,10,0.942,0.92,0.88,15.9,0,SUCCESS
1553.05,0,0,1,8,0.886,0.43,0.92,11.2,0,SUCCESS
45546.0,6,4,6,2,0.206,6.55,0.14,100.0,1,AUTHENTICATION_FAILURE
263.31,0,0,1,19,0.973,1.01,0.97,7.3,0,SUCCESS
1288.08,0,0,2,13,0.949,0.85,0.92,15.6,0,SUCCESS
161.97,2,2,1,12,0.883,0.79,0.91,17.7,1,TIMEOUT
1460.8,0,0,1,6,0.892,0.79,0.92,15.5,0,SUCCESS
45780.0,5,8,11,4,0.354,8.06,0.24,100.0,1,AUTHENTICATION_FAILURE
192.08,0,0,1,12,0.896,0.46,0.91,23.9,0,SUCCESS
1180.09,1,0,1,20,0.934,0.71,0.94,36.8,1,INSUFFICIENT_FUNDS
2393.06,0,0,1,12,1.0,0.46,0.89,23.6,0,SUCCESS
78.94,0,0,1,16,0.967,1.04,1.0,24.5,0,SUCCESS
95263.0,5,5,15,1,0.23,6.47,0.13,100.0,1,DUPLICATE_TRANSACTION
3633.75,3,3,3,10,0.907,1.64,0.83,26.1,1,BANK_FAILURE
717.02,1,0,2,11,0.991,0.84,0.9,15.5,0,SUCCESS
131.01,0,0,2,11,0.99,1.18,0.95,21.3,0,SUCCESS
45445.0,6,5,12,23,0.094,7.11,0.06,100.0,1,DUPLICATE_TRANSACTION
2494.46,0,0,1,18,0.934,0.66,0.86,18.4,0,SUCCESS
2115.18,0,0,1,11,0.981,1.08,0.89,16.0,0,SUCCESS
305.56,0,1,1,13,0.989,1.02,0.96,6.0,0,SUCCESS
4790.41,3,2,1,17,0.723,1.71,0.86,28.7,1,BANK_FAILURE
299.25,0,0,1,10,0.887,0.79,0.98,5.3,0,SUCCESS
109.3,0,0,1,11,0.904,1.2,0.93,10.7,0,SUCCESS
6354.15,0,0,1,18,0.883,0.94,0.94,16.6,0,SUCCESS
1673.29,0,0,1,10,0.987,0.89,0.89,18.9,0,SUCCESS
487.02,0,0,1,14,0.983,1.16,0.94,8.7,0,SUCCESS
182.99,0,0,1,8,0.952,0.52,0.97,6.4,0,SUCCESS
1344.94,1,0,1,7,0.887,0.95,0.98,10.7,0,SUCCESS
1276.47,1,0,2,22,0.932,0.23,0.99,9.2,0,SUCCESS
1915.66,0,0,1,16,0.906,0.82,0.86,14.7,0,SUCCESS
66.71,0,0,1,15,0.971,0.7,0.99,7.9,0,SUCCESS
2745.64,2,3,3,17,0.788,1.8,0.84,43.2,1,GATEWAY_FAILURE
45582.0,7,5,15,2,0.394,8.48,0.07,100.0,1,DUPLICATE_TRANSACTION
783.56,0,0,1,17,0.912,1.1,0.87,18.1,0,SUCCESS
2899.0,0,0,1,12,0.907,0.75,0.95,8.8,0,SUCCESS
1423.47,2,2,1,21,0.818,0.64,0.82,23.5,1,TIMEOUT
1954.08,0,0,1,16,0.968,1.04,0.93,6.7,0,SUCCESS
373.36,0,0,1,21,0.959,0.74,0.95,18.7,0,SUCCESS
1238.0,0,0,2,12,0.892,0.37,0.91,15.2,0,SUCCESS
95172.0,3,8,6,4,0.052,6.07,0.26,98.5,1,DUPLICATE_TRANSACTION
218.61,0,0,1,7,0.893,0.98,0.99,12.7,0,SUCCESS
1244.16,0,0,1,12,0.906,0.28,0.94,7.0,0,SUCCESS
764.82,0,0,1,16,0.901,1.07,0.96,10.1,0,SUCCESS
224.38,1,2,1,20,0.92,1.22,0.85,29.4,1,TIMEOUT
83.23,0,0,1,9,0.955,0.35,0.97,9.7,0,SUCCESS
1316.63,0,1,1,15,0.893,0.22,0.99,10.4,0,SUCCESS
2104.61,0,1,1,11,0.889,0.61,0.95,9.7,0,SUCCESS
154.24,0,0,1,7,0.975,0.34,1.0,37.4,1,INSUFFICIENT_FUNDS
263.56,0,0,1,8,0.892,0.47,0.97,12.6,0,SUCCESS
160.06,0,0,1,7,0.998,0.83,0.91,8.3,0,SUCCESS
5186.69,0,0,1,14,0.882,0.34,0.95,19.5,0,SUCCESS
1901.97,0,1,1,18,0.981,0.65,0.96,19.6,0,SUCCESS
278.34,1,0,1,7,0.956,0.27,0.9,29.6,1,INSUFFICIENT_FUNDS
6744.06,0,0,1,11,0.976,0.8,0.98,13.2,0,SUCCESS
1161.53,0,0,1,12,0.989,0.35,0.94,5.6,0,SUCCESS
1287.45,0,1,1,16,0.968,0.52,0.93,8.3,0,SUCCESS
3904.05,0,0,2,13,0.984,0.61,0.96,7.9,0,SUCCESS
59.39,1,1,1,13,0.956,0.64,0.93,9.0,0,SUCCESS
1715.17,0,0,2,14,0.897,1.08,0.89,24.6,0,SUCCESS
628.27,0,0,1,17,0.922,0.64,0.86,16.6,0,SUCCESS
1141.47,1,0,1,20,0.984,0.87,0.92,14.8,0,SUCCESS
510.26,2,2,2,20,0.989,0.98,0.9,26.3,1,TIMEOUT
3032.18,1,1,1,19,0.989,0.2,0.94,19.4,0,SUCCESS
1206.15,0,0,2,22,0.936,0.45,0.99,11.7,0,SUCCESS
3699.48,1,0,1,12,0.992,0.84,0.98,14.1,0,SUCCESS
243.23,0,0,1,18,0.935,0.38,0.9,6.0,0,SUCCESS
807.01,0,1,1,18,0.992,1.13,0.87,12.6,0,SUCCESS
83.36,0,0,1,11,0.923,0.83,0.96,13.6,0,SUCCESS
488.11,0,0,2,17,0.958,0.45,0.96,20.5,0,SUCCESS
2113.34,1,1,2,19,0.815,0.83,0.85,34.8,1,TIMEOUT
640.96,0,0,2,9,1.0,1.0,0.98,17.7,0,SUCCESS
99.94,0,0,2,15,0.991,0.57,0.87,19.0,0,SUCCESS
476.08,1,0,1,7,0.962,1.03,0.87,8.2,0,SUCCESS
1922.25,0,0,1,21,0.885,0.82,0.9,12.4,0,SUCCESS
1811.21,0,0,2,6,0.928,1.15,0.91,20.4,0,SUCCESS
842.69,0,0,1,18,0.961,0.89,0.9,9.3,0,SUCCESS
2065.54,0,0,1,7,0.904,1.01,0.98,10.8,0,SUCCESS
3699.38,0,0,1,8,0.948,0.58,0.99,10.5,0,SUCCESS
661.31,0,0,1,16,0.897,0.21,0.94,23.6,0,SUCCESS
1364.75,0,0,1,10,0.994,1.1,0.96,21.4,0,SUCCESS
2080.1,1,2,1,17,0.892,0.65,0.93,18.4,1,NETWORK_FAILURE
2519.57,0,0,2,17,0.953,0.28,0.95,20.3,0,SUCCESS
1104.17,0,0,1,12,0.91,1.0,0.97,24.6,0,SUCCESS
885.27,0,0,1,13,0.97,0.33,0.93,15.9,0,SUCCESS
75983.0,6,8,17,2,0.35,4.05,0.08,96.6,1,AUTHENTICATION_FAILURE
2542.09,0,0,1,14,0.892,0.22,0.94,24.2,0,SUCCESS
2847.02,1,0,2,20,0.908,0.84,0.89,19.3,0,SUCCESS
2531.71,1,1,1,22,0.926,0.62,0.86,10.8,0,SUCCESS
769.21,0,0,1,19,0.95,0.28,0.88,14.5,0,SUCCESS
587.34,1,0,2,19,0.944,0.78,0.97,11.8,0,SUCCESS
2013.58,0,0,1,19,0.887,0.75,0.94,23.7,0,SUCCESS
1602.82,0,0,1,11,0.975,0.69,0.9,21.9,1,INSUFFICIENT_FUNDS
376.5,0,0,1,16,0.917,0.37,0.92,11.1,0,SUCCESS
91.95,0,0,2,21,0.985,0.49,0.86,11.0,0,SUCCESS
1388.01,0,0,2,16,0.925,0.46,0.89,14.2,0,SUCCESS
1759.14,0,0,1,7,0.889,0.86,0.89,14.8,0,SUCCESS
453.4,0,0,2,6,0.993,1.12,0.94,28.3,1,INSUFFICIENT_FUNDS
45605.0,4,6,19,23,0.094,4.48,0.2,94.0,1,AUTHENTICATION_FAILURE
310.76,0,0,1,18,0.95,0.93,0.9,5.7,0,SUCCESS
212.29,0,0,1,10,0.964,0.86,1.0,10.3,0,SUCCESS
1386.91,0,0,1,8,0.926,1.04,0.98,17.1,0,SUCCESS
2439.45,1,2,1,22,0.927,0.7,0.98,18.9,1,TIMEOUT
500.34,0,0,1,20,0.957,0.9,0.87,22.0,0,SUCCESS
95942.0,6,5,15,23,0.091,7.66,0.08,100.0,1,DUPLICATE_TRANSACTION
669.26,0,0,2,14,0.994,0.78,0.93,6.0,0,SUCCESS
312.43,3,3,1,13,0.886,1.99,0.89,34.9,1,GATEWAY_FAILURE
3128.45,0,0,1,18,0.987,0.26,0.92,9.1,0,SUCCESS
1052.09,0,0,1,6,0.935,0.48,0.91,8.2,0,SUCCESS
2650.24,0,0,2,19,0.947,0.37,0.88,11.4,0,SUCCESS
1129.2,0,0,2,22,0.94,0.31,0.91,9.8,0,SUCCESS
150425.0,5,9,15,2,0.082,4.06,0.11,100.0,1,AUTHENTICATION_FAILURE
155.47,2,2,1,10,0.911,1.05,0.72,39.1,1,BANK_FAILURE
667.05,0,0,1,7,0.943,0.46,0.97,23.5,0,SUCCESS
1288.89,2,2,2,15,0.93,1.39,0.94,19.9,1,TIMEOUT
6858.12,1,1,2,16,0.792,1.25,0.74,41.0,1,BANK_FAILURE
1523.03,0,0,1,12,0.924,0.31,0.94,22.2,1,INSUFFICIENT_FUNDS
5165.81,0,0,1,17,0.927,0.78,0.99,16.1,0,SUCCESS
279.12,0,0,1,15,0.997,0.36,0.9,13.4,0,SUCCESS
643.52,0,0,1,12,0.891,0.74,0.96,33.6,1,INSUFFICIENT_FUNDS
1168.87,0,0,1,21,0.903,0.21,0.86,16.1,0,SUCCESS
95218.0,5,5,19,4,0.242,6.91,0.25,100.0,1,AUTHENTICATION_FAILURE
340.19,0,0,1,15,0.937,0.72,0.88,14.2,0,SUCCESS
2849.0,0,0,1,17,0.998,0.3,0.9,17.8,0,SUCCESS
565.95,1,0,1,14,0.96,0.65,0.98,24.2,0,SUCCESS
1839.42,0,0,1,6,0.981,0.39,0.97,16.3,0,SUCCESS
1772.53,0,0,1,16,0.926,0.64,0.87,7.0,0,SUCCESS
2066.8,2,2,1,16,0.886,1.96,0.9,44.9,1,BANK_FAILURE
1487.14,0,0,1,8,0.922,0.28,0.96,11.2,0,SUCCESS
1882.01,0,0,1,13,0.883,0.83,0.87,16.3,0,SUCCESS
890.2,0,0,1,13,0.924,0.8,0.98,22.8,0,SUCCESS
1289.44,2,2,1,16,0.865,0.69,0.91,21.3,1,NETWORK_FAILURE
154.77,1,0,1,11,0.954,0.71,0.93,12.2,0,SUCCESS
150.98,0,0,1,15,0.96,0.52,0.95,22.4,0,SUCCESS
374.36,1,0,2,16,0.926,0.47,0.91,6.9,0,SUCCESS
210.21,0,0,1,6,0.903,0.66,0.89,9.9,0,SUCCESS
1292.57,1,0,1,11,0.979,0.62,0.86,10.5,0,SUCCESS
4743.76,0,0,1,6,0.912,1.2,0.88,20.2,1,INSUFFICIENT_FUNDS
242.34,0,0,1,12,0.99,1.17,0.93,28.2,1,INSUFFICIENT_FUNDS
3529.88,1,0,1,9,0.982,1.11,0.93,17.6,0,SUCCESS
405.33,0,0,1,20,0.9,0.7,0.97,18.3,0,SUCCESS
544.65,0,1,1,13,0.953,0.88,0.93,19.4,0,SUCCESS
1094.16,1,1,1,10,0.996,1.09,0.94,15.6,0,SUCCESS
149.82,1,1,1,14,0.919,1.06,0.95,20.6,1,NETWORK_FAILURE
1047.76,0,0,1,13,0.93,0.95,0.95,24.8,0,SUCCESS
439.7,0,0,1,21,0.933,1.12,0.92,16.0,0,SUCCESS
2962.87,2,2,2,8,0.925,1.02,0.8,23.3,1,TIMEOUT
475.72,0,0,1,9,0.886,0.55,0.98,12.9,0,SUCCESS
315.51,1,0,1,15,0.986,0.97,0.96,20.9,0,SUCCESS
425.7,0,0,1,17,0.936,0.26,0.89,13.7,0,SUCCESS
253.81,0,0,2,21,0.972,0.47,0.94,19.4,0,SUCCESS
3450.95,1,0,1,17,0.889,0.82,0.95,12.6,0,SUCCESS
3755.02,0,0,1,21,0.965,0.91,0.89,18.1,0,SUCCESS
314.08,0,0,1,10,0.945,1.17,0.92,6.3,0,SUCCESS
1543.08,2,2,1,17,0.882,0.82,0.98,18.8,1,NETWORK_FAILURE
1195.75,0,0,1,8,0.908,0.89,1.0,18.8,0,SUCCESS
2625.68,0,0,1,15,0.938,0.9,0.98,12.1,0,SUCCESS
412.59,1,0,1,22,0.972,0.86,0.97,18.0,0,SUCCESS
95588.0,4,7,9,1,0.091,6.4,0.09,100.0,1,DUPLICATE_TRANSACTION
839.48,0,0,1,20,0.903,0.69,0.99,12.7,0,SUCCESS
711.75,1,1,2,22,0.913,0.27,0.96,9.8,0,SUCCESS
1380.32,1,1,3,17,0.736,1.43,0.97,37.2,1,BANK_FAILURE
4966.1,1,0,1,16,0.884,0.86,0.89,16.2,0,SUCCESS
442.11,0,0,1,15,0.991,0.41,0.98,5.6,0,SUCCESS
388.19,1,2,1,10,0.752,1.44,0.91,37.5,1,GATEWAY_FAILURE
814.71,0,0,1,21,0.961,1.11,0.96,19.7,0,SUCCESS
149.08,0,1,1,13,0.981,0.75,0.99,23.5,0,SUCCESS
59.97,0,0,1,12,0.991,1.07,0.92,6.2,0,SUCCESS
1553.48,1,1,1,9,0.903,1.0,1.0,10.4,0,SUCCESS
868.42,0,0,1,6,0.947,0.7,0.87,13.8,0,SUCCESS
536.95,0,0,2,18,0.938,0.49,0.89,5.5,0,SUCCESS
451.92,0,0,1,22,0.886,0.95,0.99,9.8,0,SUCCESS
802.55,1,2,1,13,0.829,0.86,0.94,26.2,1,NETWORK_FAILURE
635.22,1,0,1,12,0.881,0.28,0.98,6.6,0,SUCCESS
1521.3,1,0,1,21,0.887,0.58,0.99,29.1,1,INSUFFICIENT_FUNDS
1351.05,0,0,2,7,0.969,0.29,0.95,13.2,0,SUCCESS
1740.5,1,1,2,19,0.789,1.01,0.89,37.3,1,BANK_FAILURE
45705.0,5,9,16,4,0.319,8.46,0.18,100.0,1,AUTHENTICATION_FAILURE
3517.86,1,0,2,16,0.942,0.67,0.89,21.4,0,SUCCESS
2807.32,0,0,1,17,0.917,1.07,0.96,10.0,0,SUCCESS
93.42,0,0,2,11,0.944,0.86,0.94,13.5,0,SUCCESS
318.09,0,0,1,21,0.943,0.85,0.97,20.3,0,SUCCESS
4369.55,0,0,1,17,0.889,0.55,0.96,13.8,0,SUCCESS
2092.1,0,0,1,6,0.992,1.15,0.86,14.1,0,SUCCESS
1177.97,0,1,2,14,0.929,0.88,0.88,17.0,0,SUCCESS
3138.75,3,3,3,12,0.881,1.03,0.95,33.6,1,BANK_FAILURE
496.17,2,2,1,15,0.881,1.09,0.9,18.0,1,NETWORK_FAILURE
130.39,0,0,1,10,0.916,0.77,0.92,11.9,0,SUCCESS
1695.64,0,0,1,9,0.92,0.94,0.87,7.6,0,SUCCESS
557.89,0,1,2,19,0.985,0.24,0.97,16.4,0,SUCCESS
1171.18,1,0,1,18,0.91,0.76,0.93,18.1,0,SUCCESS
367.62,0,0,2,8,0.917,0.89,0.85,12.5,0,SUCCESS
569.1,0,0,1,16,0.905,1.0,0.97,13.3,0,SUCCESS
699.2,2,2,2,17,0.926,0.86,0.96,20.9,1,TIMEOUT
75475.0,6,6,13,2,0.348,7.89,0.13,100.0,1,AUTHENTICATION_FAILURE
358.47,0,0,1,18,0.892,0.43,0.96,21.5,0,SUCCESS
3600.2,1,2,1,21,0.846,0.97,0.92,32.7,1,TIMEOUT
2685.3,0,0,1,10,0.884,0.78,0.97,5.3,0,SUCCESS
1535.05,2,2,1,11,0.801,0.51,0.88,18.1,1,TIMEOUT
1359.38,0,0,1,18,0.993,0.2,0.89,23.8,0,SUCCESS
274.17,0,0,1,14,0.948,1.06,0.92,24.9,0,SUCCESS
1413.22,0,0,1,20,0.999,0.61,0.89,16.2,0,SUCCESS
484.42,1,0,1,12,0.901,1.16,0.88,8.6,0,SUCCESS
3009.49,0,0,2,14,0.914,0.48,0.87,8.3,0,SUCCESS
451.88,0,0,1,14,0.945,0.76,0.93,17.2,0,SUCCESS
417.32,0,0,2,9,0.894,1.07,0.95,8.3,0,SUCCESS
723.19,0,0,1,13,0.899,0.22,0.9,16.8,0,SUCCESS
227.59,0,0,1,6,0.938,0.7,0.9,19.6,0,SUCCESS
2541.9,1,0,1,14,0.993,1.06,0.93,13.2,0,SUCCESS
534.88,0,0,1,6,0.893,0.89,0.89,10.1,0,SUCCESS
7629.67,0,0,1,18,0.892,0.73,0.86,7.2,0,SUCCESS
346.21,0,0,1,8,0.944,0.99,0.97,24.2,0,SUCCESS
2135.55,0,0,1,18,0.918,0.97,0.86,5.3,0,SUCCESS
1953.89,0,0,1,14,0.941,0.25,0.93,23.7,0,SUCCESS
1141.41,0,0,1,17,0.942,1.18,0.99,9.3,0,SUCCESS
2048.87,0,0,1,7,0.942,0.32,0.99,10.8,0,SUCCESS
2349.33,0,0,1,20,0.941,1.12,0.99,8.1,0,SUCCESS
597.06,1,0,1,16,0.899,1.17,0.99,8.3,0,SUCCESS
472.87,2,2,1,11,0.909,1.17,0.84,33.0,1,GATEWAY_FAILURE
2366.87,0,0,1,20,0.992,1.11,0.97,5.4,0,SUCCESS
811.84,1,2,2,16,0.973,1.13,0.81,33.2,1,TIMEOUT
3846.45,0,0,1,15,0.944,0.5,0.91,8.6,0,SUCCESS
1084.51,0,0,1,18,0.94,0.28,0.94,11.8,0,SUCCESS
2373.91,0,0,1,14,0.937,0.38,0.92,19.1,0,SUCCESS
85.29,0,0,1,6,0.905,0.52,0.92,23.9,0,SUCCESS
3270.17,1,0,1,11,0.893,1.04,0.92,18.2,0,SUCCESS
906.69,0,0,1,20,0.971,0.68,0.87,7.3,0,SUCCESS
1989.6,0,0,1,13,0.885,0.84,0.89,6.0,0,SUCCESS
806.59,1,2,3,17,0.821,1.3,0.97,29.0,1,BANK_FAILURE
340.04,1,0,2,20,0.926,0.96,0.95,15.6,0,SUCCESS
173.93,0,0,1,17,0.984,0.37,0.98,22.6,0,SUCCESS
1005.69,0,0,1,14,0.926,0.48,0.96,22.2,0,SUCCESS
2009.77,1,2,2,10,0.81,0.95,0.81,26.4,1,NETWORK_FAILURE
967.41,2,2,1,17,0.913,1.04,0.8,16.4,1,NETWORK_FAILURE
460.61,0,0,1,18,0.965,1.17,0.97,9.9,0,SUCCESS
2916.93,0,1,1,8,0.936,1.09,0.95,27.4,1,INSUFFICIENT_FUNDS
464.75,0,0,1,16,0.941,0.52,1.0,23.7,0,SUCCESS
2503.48,0,1,1,19,0.988,1.05,0.91,7.2,0,SUCCESS
143.37,0,0,1,11,0.957,1.05,0.89,8.3,0,SUCCESS
620.72,0,0,1,7,0.941,0.92,0.9,11.5,0,SUCCESS
816.7,0,0,1,10,0.932,0.67,0.87,5.6,0,SUCCESS
3571.76,0,1,1,20,0.922,0.89,0.87,22.9,0,SUCCESS
671.01,0,0,1,8,0.965,1.02,0.89,18.2,0,SUCCESS
646.09,0,0,1,10,0.972,0.55,0.91,15.7,0,SUCCESS
49.29,0,0,2,17,0.961,0.45,0.85,8.3,0,SUCCESS
1168.7,0,0,1,21,0.909,0.28,0.9,20.0,0,SUCCESS
1539.08,1,2,1,10,0.951,1.1,0.9,15.8,1,TIMEOUT
5035.59,0,1,1,6,0.88,0.21,0.97,10.2,0,SUCCESS
1262.16,1,0,2,18,0.933,1.04,0.89,14.0,0,SUCCESS
2078.81,1,1,1,19,0.862,0.98,0.96,32.7,1,BANK_FAILURE
1618.07,0,0,1,22,0.975,0.34,0.92,21.6,0,SUCCESS
481.61,0,0,1,14,0.939,0.32,0.97,9.9,0,SUCCESS
4236.69,2,1,2,22,0.899,1.18,0.96,17.6,1,TIMEOUT
1151.42,0,0,2,13,0.94,0.35,0.88,12.3,0,SUCCESS
728.68,0,0,1,9,0.997,0.42,0.97,6.2,0,SUCCESS
95835.0,3,4,14,1,0.053,4.92,0.17,99.4,1,AUTHENTICATION_FAILURE
473.04,0,1,1,18,0.958,0.82,0.9,6.7,0,SUCCESS
163.41,0,0,1,6,0.895,0.56,0.94,21.7,0,SUCCESS
102.57,0,0,1,11,0.913,1.17,0.9,25.0,0,SUCCESS
14058.11,2,3,3,15,0.707,1.09,0.95,33.3,1,GATEWAY_FAILURE
2392.48,1,1,2,18,0.836,1.02,0.98,31.1,1,NETWORK_FAILURE
130.72,0,0,1,15,0.964,0.31,0.97,14.8,0,SUCCESS
3984.43,3,2,2,9,0.718,1.13,0.79,43.9,1,BANK_FAILURE
447.66,0,0,1,13,0.961,0.36,0.92,19.8,0,SUCCESS
2468.58,0,0,1,14,0.998,0.94,0.97,18.1,0,SUCCESS
814.63,0,0,1,7,0.992,0.92,0.96,9.4,0,SUCCESS
1152.47,1,2,2,10,0.82,1.46,0.98,20.4,1,TIMEOUT
2125.3,1,0,1,16,0.918,0.93,0.89,19.7,0,SUCCESS
229.82,2,2,1,14,0.883,1.11,0.92,17.6,1,TIMEOUT
1742.85,0,0,2,18,0.978,0.55,0.97,12.1,0,SUCCESS
176.7,0,0,2,18,0.999,0.97,0.88,15.0,0,SUCCESS
815.21,1,1,3,12,0.757,1.91,0.87,32.6,1,GATEWAY_FAILURE
885.43,0,0,1,13,0.947,0.69,0.93,8.5,0,SUCCESS
2059.26,0,0,1,9,0.896,0.97,0.99,23.9,0,SUCCESS
601.57,0,0,1,12,0.942,0.31,0.99,8.7,0,SUCCESS
623.48,1,1,1,11,0.951,0.96,0.83,20.3,1,TIMEOUT
150105.0,3,7,15,3,0.088,4.06,0.05,99.9,1,AUTHENTICATION_FAILURE
4400.96,0,1,1,18,0.896,0.5,0.98,24.4,0,SUCCESS
2402.56,1,0,2,9,0.948,0.54,0.93,6.5,0,SUCCESS
1784.99,0,0,1,15,0.945,0.54,0.92,17.3,0,SUCCESS
2486.25,0,0,1,20,0.996,0.98,0.85,17.0,0,SUCCESS
1475.55,0,0,2,10,0.886,0.87,0.98,8.3,0,SUCCESS
150615.0,7,4,5,3,0.143,8.47,0.15,100.0,1,AUTHENTICATION_FAILURE
111.19,0,0,1,20,0.998,1.12,0.97,11.5,0,SUCCESS
2086.93,0,0,1,11,0.88,1.01,0.86,8.8,0,SUCCESS
634.77,0,0,1,19,0.933,1.1,0.87,7.5,0,SUCCESS
150659.0,4,5,5,23,0.083,7.67,0.23,100.0,1,DUPLICATE_TRANSACTION
75560.0,5,7,5,23,0.123,6.27,0.21,100.0,1,AUTHENTICATION_FAILURE
5435.5,1,2,1,15,0.815,0.61,0.9,18.2,1,NETWORK_FAILURE
4643.62,0,0,1,22,0.958,0.55,0.99,21.0,0,SUCCESS
2638.45,2,1,1,9,0.71,1.9,0.93,31.0,1,GATEWAY_FAILURE
1917.73,1,0,1,10,0.996,0.73,0.9,12.3,0,SUCCESS
131.46,0,0,1,21,0.959,0.64,0.99,9.9,0,SUCCESS
960.37,0,0,1,20,0.888,0.39,0.88,19.8,0,SUCCESS
95111.0,3,6,17,3,0.231,5.44,0.12,97.3,1,DUPLICATE_TRANSACTION
424.19,0,0,1,16,0.993,0.6,0.95,14.8,0,SUCCESS
1946.55,2,3,1,14,0.818,1.65,0.96,31.6,1,BANK_FAILURE
45646.0,6,8,14,1,0.316,8.92,0.33,100.0,1,DUPLICATE_TRANSACTION
2547.82,1,0,1,6,0.959,0.59,0.88,19.6,0,SUCCESS
249.89,0,0,2,14,0.949,0.39,0.99,18.5,0,SUCCESS
1252.75,0,0,1,16,0.931,0.5,0.89,8.3,0,SUCCESS
589.74,0,0,2,18,0.951,0.29,0.91,8.5,0,SUCCESS
5269.64,1,0,1,7,0.962,0.53,0.86,24.5,0,SUCCESS
453.68,0,0,1,12,0.958,0.22,0.97,15.7,0,SUCCESS
440.24,0,0,1,16,0.978,0.33,0.85,18.8,0,SUCCESS
45661.0,3,7,11,23,0.255,6.32,0.2,100.0,1,AUTHENTICATION_FAILURE
137.61,0,1,1,12,0.931,0.65,0.89,21.5,0,SUCCESS
845.9,1,1,2,16,0.917,0.38,0.86,19.3,0,SUCCESS
150936.0,6,5,16,23,0.102,6.55,0.21,100.0,1,DUPLICATE_TRANSACTION
117.02,0,1,1,15,0.96,0.49,0.92,8.9,0,SUCCESS
332.43,0,0,1,17,0.981,0.72,0.98,5.1,0,SUCCESS
91.97,1,0,1,9,0.934,0.95,0.99,20.4,0,SUCCESS
4768.78,1,3,1,13,0.729,1.44,0.82,30.4,1,GATEWAY_FAILURE
1160.62,0,0,1,14,0.891,0.49,1.0,24.2,0,SUCCESS
512.65,0,1,1,19,0.938,0.57,0.99,12.4,0,SUCCESS
610.02,0,0,2,18,0.984,1.03,0.97,19.0,0,SUCCESS
462.38,0,0,1,10,0.885,1.07,0.93,13.0,0,SUCCESS
874.0,0,0,1,15,0.897,0.74,0.85,6.9,0,SUCCESS
115.88,0,0,1,22,0.933,0.7,0.91,18.6,0,SUCCESS
704.53,0,1,1,10,0.995,1.08,0.99,22.2,0,SUCCESS
45800.0,6,5,12,23,0.075,8.18,0.11,100.0,1,AUTHENTICATION_FAILURE
988.37,0,0,2,7,0.997,0.48,0.97,24.1,1,INSUFFICIENT_FUNDS
1421.81,0,0,2,12,0.919,0.81,0.99,21.7,0,SUCCESS
6529.05,0,0,1,15,0.909,0.99,0.86,12.4,0,SUCCESS
894.8,0,0,1,21,0.967,0.55,0.94,16.7,0,SUCCESS
1000.87,0,0,1,18,0.931,0.47,0.91,21.7,0,SUCCESS
242.09,0,0,1,6,0.981,0.9,0.97,12.0,0,SUCCESS
1446.53,1,1,1,9,0.715,1.51,0.98,28.3,1,GATEWAY_FAILURE
106.37,0,0,1,11,0.993,0.8,0.87,16.5,0,SUCCESS
150839.0,3,8,17,1,0.116,6.29,0.21,100.0,1,AUTHENTICATION_FAILURE
1644.99,0,0,2,8,0.956,0.55,0.89,27.1,1,INSUFFICIENT_FUNDS
551.3,0,0,1,13,0.887,1.02,0.86,12.3,0,SUCCESS
1505.77,2,1,2,21,0.843,1.43,0.9,27.6,1,TIMEOUT
45595.0,5,8,10,1,0.287,7.38,0.2,100.0,1,AUTHENTICATION_FAILURE
150736.0,5,4,5,4,0.117,8.12,0.27,100.0,1,AUTHENTICATION_FAILURE
462.65,3,2,1,16,0.703,2.0,0.78,38.4,1,BANK_FAILURE
282.3,0,0,1,6,0.99,1.04,0.98,20.4,0,SUCCESS
95137.0,3,9,15,23,0.113,8.46,0.17,100.0,1,AUTHENTICATION_FAILURE
762.94,0,0,2,21,0.886,1.13,0.99,8.8,0,SUCCESS
1402.86,0,0,1,17,0.899,0.89,0.93,18.0,0,SUCCESS
2694.32,1,0,1,14,0.929,0.31,0.94,5.8,0,SUCCESS
948.2,0,0,1,19,0.998,0.87,0.86,11.5,0,SUCCESS
1220.61,1,0,1,15,0.934,0.53,0.92,10.3,0,SUCCESS
264.98,1,0,2,22,0.942,0.4,0.9,16.8,0,SUCCESS
138.96,0,0,1,16,0.977,0.95,0.96,19.3,0,SUCCESS
1377.16,0,0,1,14,0.957,0.24,0.94,20.6,0,SUCCESS
881.64,0,0,1,14,0.961,0.23,0.96,21.7,0,SUCCESS
692.71,0,0,1,18,0.972,0.76,0.98,15.6,0,SUCCESS
923.85,0,0,1,15,0.97,1.16,0.86,6.1,0,SUCCESS
3377.07,0,0,1,12,0.95,0.76,0.96,15.0,0,SUCCESS
671.12,1,1,2,13,0.937,1.07,0.95,17.8,1,NETWORK_FAILURE
2618.28,0,0,1,16,0.992,0.88,0.91,18.8,0,SUCCESS
554.88,0,0,2,18,1.0,0.95,0.95,12.1,0,SUCCESS
276.03,3,3,2,12,0.82,0.82,0.73,31.5,1,GATEWAY_FAILURE
738.74,0,0,1,19,0.934,0.27,0.99,24.0,1,INSUFFICIENT_FUNDS
3115.0,0,0,1,18,0.957,0.25,0.91,8.5,0,SUCCESS
188.35,0,0,1,21,0.988,0.34,0.86,13.5,0,SUCCESS
3304.9,0,0,1,16,0.977,0.38,0.99,12.7,0,SUCCESS
550.48,0,0,2,11,0.948,0.72,0.96,16.6,0,SUCCESS
593.38,1,2,3,16,0.947,1.25,0.82,25.9,1,BANK_FAILURE
123.89,2,1,2,16,0.885,1.32,0.98,25.4,1,TIMEOUT
1047.98,1,0,2,19,0.911,1.08,0.98,8.9,0,SUCCESS
1190.82,0,0,2,13,0.949,1.14,0.98,24.7,0,SUCCESS
949.51,0,0,1,18,0.966,0.7,0.96,10.0,0,SUCCESS
519.65,0,0,2,8,0.883,0.54,0.97,22.9,0,SUCCESS
925.32,0,0,1,7,0.956,0.49,0.95,10.7,0,SUCCESS
1019.05,3,3,2,14,0.825,1.61,0.81,30.3,1,BANK_FAILURE
3760.75,0,0,1,15,0.958,0.93,0.85,23.7,0,SUCCESS
264.71,0,0,1,17,0.902,0.47,0.97,14.1,0,SUCCESS
1381.36,0,0,1,20,0.894,0.31,0.96,22.1,0,SUCCESS
405.39,0,0,1,8,0.909,0.62,0.94,14.6,0,SUCCESS
787.32,0,0,2,10,0.95,0.82,0.95,6.4,0,SUCCESS
1245.46,0,0,1,22,0.945,0.92,0.93,22.1,0,SUCCESS
3232.99,0,0,1,16,0.92,0.76,0.86,9.0,0,SUCCESS
689.23,0,0,1,9,0.884,0.73,0.95,9.1,0,SUCCESS
4352.16,2,1,2,21,0.878,0.74,0.95,17.6,1,TIMEOUT
1417.21,0,0,1,18,0.954,1.03,0.92,7.4,0,SUCCESS
65.48,0,0,1,15,0.964,0.99,0.89,14.9,0,SUCCESS
1082.98,2,1,1,15,0.826,0.7,0.81,19.0,1,TIMEOUT
60.09,1,1,1,17,0.928,0.57,0.88,13.6,0,SUCCESS
5044.81,0,1,1,14,0.881,1.04,0.85,23.8,0,SUCCESS
2720.58,1,0,1,7,0.985,0.22,0.92,9.5,0,SUCCESS
639.47,1,0,1,11,0.886,0.66,0.93,22.8,0,SUCCESS
181.66,0,0,1,8,0.905,0.59,0.9,13.0,0,SUCCESS
244.72,1,0,1,14,0.913,0.28,0.96,14.7,0,SUCCESS
2770.87,0,1,1,11,0.939,0.46,0.98,16.5,0,SUCCESS
348.92,0,1,1,18,0.937,0.24,0.9,10.8,0,SUCCESS
2048.76,0,0,1,20,0.977,0.87,0.96,13.6,0,SUCCESS
1415.29,1,0,1,22,0.909,0.88,0.87,22.0,1,INSUFFICIENT_FUNDS
1473.16,1,3,3,14,0.72,1.93,0.77,42.1,1,BANK_FAILURE
2438.64,0,0,1,20,0.891,0.29,0.96,11.5,0,SUCCESS
4597.99,0,0,1,20,0.912,0.32,0.93,16.7,0,SUCCESS
583.31,0,0,1,21,0.886,0.76,0.95,9.2,0,SUCCESS
237.13,0,0,1,17,0.996,1.19,0.97,18.3,0,SUCCESS
862.62,1,1,2,22,0.932,1.28,0.97,33.3,1,NETWORK_FAILURE
95959.0,5,5,18,4,0.16,4.21,0.19,98.7,1,AUTHENTICATION_FAILURE
228.65,1,2,2,18,0.934,1.08,0.72,30.2,1,GATEWAY_FAILURE
71.93,0,0,1,16,0.99,0.55,0.91,5.4,0,SUCCESS
427.51,0,0,1,10,0.905,0.89,0.88,13.8,0,SUCCESS
1876.92,0,0,2,8,0.916,0.86,0.87,18.7,0,SUCCESS
2983.36,0,0,1,16,0.918,0.32,0.89,9.2,0,SUCCESS
778.09,0,1,2,15,0.921,1.19,0.87,13.1,0,SUCCESS
150915.0,6,8,6,3,0.07,7.2,0.3,100.0,1,DUPLICATE_TRANSACTION
935.09,0,0,1,13,0.937,0.82,0.92,22.9,0,SUCCESS
875.67,1,1,1,8,0.92,0.79,0.92,19.9,0,SUCCESS
337.3,0,0,1,13,0.979,0.26,0.94,12.6,0,SUCCESS
1944.25,0,0,1,19,0.973,0.47,0.97,15.7,0,SUCCESS
114.04,0,0,1,6,0.912,0.24,0.96,14.0,0,SUCCESS
176.44,1,1,1,20,0.913,0.67,0.96,13.8,0,SUCCESS
192.62,0,0,1,17,0.958,0.97,0.9,8.7,0,SUCCESS
1284.26,1,0,1,12,0.956,0.46,0.99,8.4,0,SUCCESS
4094.49,0,0,1,14,0.881,0.44,0.97,9.2,0,SUCCESS
595.07,1,2,1,17,0.813,0.83,0.86,26.1,1,TIMEOUT
1622.05,0,0,1,15,0.924,0.69,0.9,7.8,0,SUCCESS
531.98,2,1,2,11,0.926,1.45,0.95,16.0,1,TIMEOUT
2636.54,0,0,1,18,0.933,0.79,1.0,15.6,0,SUCCESS
2877.73,0,0,1,15,0.903,0.64,0.94,21.3,0,SUCCESS
5382.92,0,0,1,19,0.926,1.15,0.99,24.2,0,SUCCESS
719.16,0,1,1,9,0.969,0.97,0.92,25.5,1,INSUFFICIENT_FUNDS
4416.77,0,0,1,22,0.938,0.53,0.96,25.6,1,INSUFFICIENT_FUNDS
2153.02,0,0,1,21,0.915,0.83,0.87,18.1,0,SUCCESS
448.71,0,1,1,18,0.911,1.04,0.85,15.4,0,SUCCESS
1053.78,0,1,1,11,0.997,0.57,0.95,6.3,0,SUCCESS
654.51,0,0,1,14,0.963,0.6,0.98,13.3,0,SUCCESS
667.56,0,0,1,15,0.925,1.15,0.85,11.1,0,SUCCESS
3096.02,0,0,1,20,0.91,0.73,0.97,7.1,0,SUCCESS
150899.0,5,7,7,2,0.354,4.19,0.25,97.4,1,DUPLICATE_TRANSACTION
833.92,0,0,2,22,0.938,0.58,0.9,6.0,0,SUCCESS
2181.41,1,1,1,8,0.955,1.3,0.9,21.0,1,NETWORK_FAILURE
1268.64,0,0,1,11,0.998,0.4,0.87,6.1,0,SUCCESS
2481.65,0,0,1,16,0.888,1.2,0.89,8.0,0,SUCCESS
379.9,0,0,1,15,0.882,0.34,0.95,7.4,0,SUCCESS
363.78,0,0,1,21,0.971,0.78,0.95,16.3,0,SUCCESS
1429.87,0,0,1,8,0.992,0.31,0.91,20.4,0,SUCCESS
1127.41,1,1,1,9,0.966,1.31,1.0,33.5,1,TIMEOUT
2789.8,0,0,1,17,0.926,0.71,0.93,11.3,0,SUCCESS
468.65,0,0,1,15,0.991,1.0,0.87,10.0,0,SUCCESS
551.02,0,0,1,8,0.95,1.18,0.96,13.5,0,SUCCESS
54.42,0,0,1,12,0.976,0.79,0.86,16.0,0,SUCCESS
95168.0,6,9,6,3,0.299,7.23,0.06,100.0,1,AUTHENTICATION_FAILURE
534.87,0,0,2,10,0.923,0.87,0.86,12.8,0,SUCCESS
1926.64,0,0,1,9,0.93,1.06,0.89,37.7,1,INSUFFICIENT_FUNDS
1190.39,0,0,1,17,0.883,1.02,0.85,18.1,0,SUCCESS
594.13,0,0,1,21,0.978,0.26,0.97,14.9,0,SUCCESS
221.31,0,1,1,14,0.958,0.36,0.86,7.8,0,SUCCESS
1175.24,0,0,1,7,0.92,1.18,0.98,25.9,1,INSUFFICIENT_FUNDS
1112.48,0,0,1,16,0.895,1.1,0.95,23.0,0,SUCCESS
760.23,0,0,1,9,0.889,0.39,0.97,21.8,0,SUCCESS
1829.76,2,2,2,9,0.957,1.29,0.85,29.2,1,TIMEOUT
339.26,1,0,1,17,0.95,0.96,1.0,20.2,0,SUCCESS
2939.57,1,2,1,9,0.922,1.36,0.99,33.6,1,NETWORK_FAILURE
625.39,0,0,1,17,0.887,0.31,0.88,11.8,0,SUCCESS
990.1,1,0,2,10,0.888,1.03,0.87,23.1,0,SUCCESS
2445.16,0,0,2,12,0.893,0.38,0.91,7.5,0,SUCCESS
2238.48,1,3,3,9,0.816,1.74,0.93,36.1,1,BANK_FAILURE
286.85,0,0,2,6,0.97,1.01,0.85,14.4,0,SUCCESS
1297.26,0,1,1,19,0.995,1.03,0.92,20.3,0,SUCCESS
2199.43,1,0,1,16,0.987,0.67,0.93,25.0,0,SUCCESS
2273.13,0,0,1,21,0.908,0.65,0.93,20.3,0,SUCCESS
1632.5,1,2,3,14,0.716,1.37,0.89,37.2,1,BANK_FAILURE
975.98,0,0,1,7,0.9,0.43,0.94,13.5,0,SUCCESS
917.15,0,0,1,18,0.95,0.27,0.97,16.2,0,SUCCESS
1382.41,0,0,1,18,0.951,0.29,0.94,6.8,0,SUCCESS
3888.93,0,0,2,9,0.901,0.26,0.94,12.2,0,SUCCESS
435.66,0,0,1,21,0.995,0.7,0.99,16.7,0,SUCCESS
976.63,0,1,1,12,0.98,1.05,0.91,6.3,0,SUCCESS
50.9,0,0,1,6,0.921,1.2,0.97,20.2,0,SUCCESS
3776.8,0,0,1,13,0.948,0.96,0.87,16.4,0,SUCCESS
400.06,0,0,1,20,0.93,0.98,0.89,19.0,0,SUCCESS
50.9,0,0,1,21,0.896,0.4,0.94,6.3,0,SUCCESS
2429.38,0,0,1,19,0.903,0.53,0.96,18.4,0,SUCCESS
138.43,0,0,1,18,0.958,0.62,0.88,18.8,0,SUCCESS
1048.09,0,0,1,13,0.917,0.44,0.89,22.9,0,SUCCESS
45482.0,5,8,13,1,0.119,8.14,0.11,100.0,1,DUPLICATE_TRANSACTION
1437.52,0,0,1,13,0.912,1.0,1.0,10.1,0,SUCCESS
737.9,0,0,1,20,0.915,0.22,0.88,10.6,0,SUCCESS
1154.28,1,2,2,18,0.934,0.59,0.93,28.1,1,TIMEOUT
95640.0,7,8,16,1,0.197,5.24,0.06,98.6,1,DUPLICATE_TRANSACTION
1781.9,1,0,1,14,0.908,0.38,0.97,7.7,0,SUCCESS
807.8,0,0,1,6,0.997,1.19,0.93,8.4,0,SUCCESS
504.94,0,0,1,17,0.946,0.81,0.99,18.3,0,SUCCESS
1457.73,1,0,1,11,0.88,0.8,0.99,10.8,0,SUCCESS
663.03,2,3,3,18,0.712,0.98,0.82,34.7,1,GATEWAY_FAILURE
649.54,1,1,1,10,0.893,1.29,0.93,17.2,1,TIMEOUT
851.34,0,0,1,13,0.933,0.98,0.95,17.7,0,SUCCESS
2932.62,0,0,1,8,0.947,0.99,0.93,11.5,0,SUCCESS
45497.0,6,8,8,2,0.357,6.72,0.25,100.0,1,DUPLICATE_TRANSACTION
1340.59,0,0,2,12,0.92,1.02,0.97,21.9,0,SUCCESS
319.96,2,1,1,20,0.868,0.57,0.83,34.9,1,TIMEOUT
1042.42,0,0,1,15,0.951,0.97,0.97,8.4,0,SUCCESS
2781.52,1,0,1,16,0.915,0.28,0.92,11.3,0,SUCCESS
319.9,0,0,2,21,0.933,0.37,0.88,10.6,0,SUCCESS
8794.53,1,0,1,11,0.961,0.37,0.9,6.2,0,SUCCESS
426.61,1,0,2,8,0.986,0.42,0.92,28.5,1,INSUFFICIENT_FUNDS
2530.73,1,0,1,14,0.976,0.74,0.9,7.9,0,SUCCESS
3487.15,3,1,3,19,0.932,0.88,0.8,33.1,1,BANK_FAILURE
153.39,1,3,2,15,0.906,1.86,0.84,37.6,1,GATEWAY_FAILURE
148.43,0,0,2,15,0.985,0.62,0.99,24.9,0,SUCCESS
183.58,0,0,1,19,0.994,1.16,0.86,5.3,0,SUCCESS
259.8,0,0,1,6,0.981,0.78,1.0,17.7,0,SUCCESS
2204.73,0,0,1,12,0.932,0.67,0.89,22.9,0,SUCCESS
75227.0,7,9,7,3,0.244,8.71,0.2,100.0,1,DUPLICATE_TRANSACTION
581.07,0,0,1,18,0.93,0.75,0.93,14.9,0,SUCCESS
487.34,0,0,1,21,0.891,0.92,0.88,8.9,0,SUCCESS
687.78,0,0,2,17,0.94,0.31,0.92,14.6,0,SUCCESS
2776.56,0,1,1,21,0.994,0.69,1.0,5.2,0,SUCCESS
2797.97,0,0,1,13,0.995,0.21,0.88,18.1,0,SUCCESS
79.96,0,0,1,15,0.941,0.75,0.86,8.4,0,SUCCESS
880.07,1,0,1,22,0.944,0.34,0.85,21.2,0,SUCCESS
281.58,0,0,1,20,0.927,0.89,0.91,18.0,0,SUCCESS
493.29,0,0,1,12,0.903,0.63,0.95,10.3,0,SUCCESS
63.57,0,0,1,15,0.881,0.58,0.86,23.3,0,SUCCESS
150838.0,3,7,13,2,0.27,7.81,0.24,100.0,1,DUPLICATE_TRANSACTION
45702.0,5,8,6,4,0.151,7.15,0.18,100.0,1,AUTHENTICATION_FAILURE
4814.47,1,1,1,17,0.906,1.62,0.9,39.5,1,GATEWAY_FAILURE
3478.31,0,0,1,17,0.967,0.6,0.88,12.1,0,SUCCESS
450.06,0,0,1,18,0.898,1.01,0.93,24.5,0,SUCCESS
694.51,2,2,2,16,0.823,0.93,0.86,18.2,1,TIMEOUT
446.8,1,0,1,20,0.886,0.72,0.93,8.0,0,SUCCESS
180.56,0,0,2,8,0.992,0.91,0.96,8.9,0,SUCCESS
2802.44,2,1,2,17,0.841,0.89,0.95,23.4,1,NETWORK_FAILURE
2500.7,2,1,2,19,0.848,0.75,0.92,16.4,1,NETWORK_FAILURE
80.98,0,0,1,19,0.945,1.11,0.98,14.8,0,SUCCESS
94.31,0,0,1,11,0.895,1.17,0.88,20.5,0,SUCCESS
545.75,0,0,1,15,0.977,0.52,0.87,13.7,0,SUCCESS
771.38,0,0,1,15,0.968,0.29,0.95,22.9,0,SUCCESS
45259.0,4,7,8,2,0.225,6.16,0.1,100.0,1,AUTHENTICATION_FAILURE
863.32,0,0,1,11,0.938,1.19,0.95,21.8,0,SUCCESS
692.06,0,0,1,10,0.943,0.36,0.95,17.1,0,SUCCESS
158.33,0,0,1,19,0.922,0.85,0.96,16.7,0,SUCCESS
579.38,0,0,1,21,0.921,0.28,1.0,22.3,1,INSUFFICIENT_FUNDS
150826.0,4,6,17,23,0.187,4.94,0.15,99.2,1,DUPLICATE_TRANSACTION
95265.0,4,8,11,23,0.254,8.56,0.06,100.0,1,DUPLICATE_TRANSACTION
2354.94,1,1,2,7,0.882,0.93,0.99,18.1,0,SUCCESS
1595.22,1,2,1,9,0.818,0.83,0.89,34.6,1,GATEWAY_FAILURE
338.01,1,1,1,22,0.909,1.12,0.9,31.3,1,NETWORK_FAILURE
2417.01,0,0,2,19,0.967,1.03,0.88,14.0,0,SUCCESS
2217.89,2,1,1,20,0.843,0.6,0.98,26.2,1,TIMEOUT
249.44,0,0,1,20,0.92,0.57,0.88,16.7,0,SUCCESS
751.04,0,0,1,6,0.99,0.75,0.9,5.1,0,SUCCESS
75719.0,3,7,12,4,0.188,4.46,0.3,94.6,1,AUTHENTICATION_FAILURE
1144.25,0,0,2,14,0.886,1.14,0.93,11.5,0,SUCCESS
255.55,1,0,2,9,0.971,0.81,0.94,17.8,0,SUCCESS
1237.96,0,0,1,14,0.898,0.63,0.88,5.6,0,SUCCESS
2010.8,0,0,1,13,0.98,0.34,1.0,17.1,0,SUCCESS
2489.33,2,2,1,22,0.959,1.15,0.9,29.4,1,TIMEOUT
109.7,2,2,1,14,0.868,0.61,0.88,29.5,1,TIMEOUT
433.77,2,2,2,12,0.722,1.87,0.81,31.3,1,GATEWAY_FAILURE
793.68,0,0,2,8,0.918,1.01,0.89,9.3,0,SUCCESS
3240.24,1,2,2,11,0.853,0.9,0.83,30.2,1,TIMEOUT
3862.24,1,2,2,14,0.913,1.53,0.94,30.3,1,BANK_FAILURE
928.52,0,1,1,14,0.959,1.15,0.97,21.1,0,SUCCESS
1464.18,2,2,2,18,0.904,1.18,0.92,22.9,1,NETWORK_FAILURE
418.97,0,0,1,6,0.947,0.53,0.96,17.9,0,SUCCESS
827.45,1,1,1,15,0.921,1.05,0.8,28.9,1,NETWORK_FAILURE
615.01,0,0,2,17,0.963,0.71,0.92,17.8,0,SUCCESS
1415.61,0,0,1,9,0.937,0.5,0.93,8.3,0,SUCCESS
4613.49,0,0,1,18,0.948,0.25,0.86,10.0,0,SUCCESS
45220.0,4,9,5,1,0.191,4.39,0.09,100.0,1,AUTHENTICATION_FAILURE
3198.06,0,1,1,22,0.89,0.25,0.89,6.5,0,SUCCESS
180.48,0,0,1,6,0.952,0.49,0.95,20.9,0,SUCCESS
192.7,0,0,2,9,0.917,0.72,0.91,16.3,0,SUCCESS
194.97,0,0,1,12,0.895,0.24,0.89,9.9,0,SUCCESS
1035.14,0,1,1,15,0.966,0.31,0.98,19.7,0,SUCCESS
334.48,0,0,1,13,0.932,0.62,0.91,18.3,0,SUCCESS
1310.41,1,2,2,11,0.988,1.43,0.86,17.2,1,NETWORK_FAILURE
2246.33,0,0,1,13,0.949,1.15,0.98,9.6,0,SUCCESS
347.32,0,0,1,8,0.991,1.05,0.97,12.9,0,SUCCESS
891.34,0,0,2,12,0.979,0.48,0.99,12.3,0,SUCCESS
2388.45,0,0,1,22,0.97,0.62,0.93,12.4,0,SUCCESS
3525.19,3,3,3,9,0.751,1.21,0.83,31.6,1,BANK_FAILURE
1736.5,0,0,2,18,0.897,0.6,1.0,9.5,0,SUCCESS
1185.59,0,0,1,15,0.964,0.71,0.98,10.8,0,SUCCESS
157.24,0,0,2,9,0.973,0.72,0.87,7.5,0,SUCCESS
299.45,0,0,1,21,0.915,0.34,0.97,9.5,0,SUCCESS
1565.48,0,0,1,17,0.945,0.66,0.9,14.5,0,SUCCESS
1761.0,1,1,2,14,0.964,1.39,0.89,28.1,1,NETWORK_FAILURE
2754.32,1,0,1,6,0.987,0.92,0.94,18.8,0,SUCCESS
3407.41,1,0,2,22,0.909,0.95,0.93,10.4,0,SUCCESS
3897.06,1,3,2,15,0.781,1.38,0.87,33.1,1,GATEWAY_FAILURE
314.33,0,0,2,10,0.884,0.37,0.94,13.4,0,SUCCESS
900.53,0,1,2,10,0.929,0.74,0.93,14.9,0,SUCCESS
75887.0,3,7,17,4,0.094,8.63,0.23,100.0,1,DUPLICATE_TRANSACTION
665.58,0,0,1,14,0.893,1.13,0.9,9.4,0,SUCCESS
872.52,0,0,1,15,0.982,0.37,0.89,10.7,0,SUCCESS
428.15,0,0,1,10,0.884,0.97,0.94,17.0,0,SUCCESS
996.72,1,0,1,20,0.976,0.76,0.85,13.6,0,SUCCESS
677.87,0,1,1,22,0.961,0.66,1.0,9.5,0,SUCCESS
1080.67,1,1,3,12,0.704,1.92,0.93,41.7,1,BANK_FAILURE
166.52,0,0,1,17,0.945,0.35,0.93,27.4,1,INSUFFICIENT_FUNDS
2562.15,0,0,1,9,0.952,0.68,0.99,6.5,0,SUCCESS
883.47,0,0,1,8,0.95,1.11,0.99,6.3,0,SUCCESS
666.74,0,0,1,16,0.92,0.74,0.99,21.9,0,SUCCESS
212.67,1,1,1,15,0.951,0.73,0.89,36.2,1,INSUFFICIENT_FUNDS
3195.79,0,0,1,17,0.942,0.65,0.89,7.4,0,SUCCESS
173.48,0,0,1,21,0.887,1.0,0.87,17.5,0,SUCCESS
545.15,0,0,1,17,0.92,0.9,0.95,19.1,0,SUCCESS
1319.94,2,1,2,20,0.886,0.7,0.86,15.8,1,TIMEOUT
1905.94,1,1,2,20,0.946,0.83,0.85,18.4,1,NETWORK_FAILURE
1838.23,0,0,1,11,0.911,0.97,0.92,11.6,0,SUCCESS
285.19,0,0,1,22,0.885,0.5,0.89,7.9,0,SUCCESS
458.6,0,1,1,13,0.943,0.86,0.91,19.4,0,SUCCESS
540.67,0,0,1,9,0.957,0.48,1.0,22.9,0,SUCCESS
913.33,0,0,1,10,0.967,0.29,0.98,19.6,0,SUCCESS
75103.0,6,5,19,4,0.328,8.83,0.19,100.0,1,DUPLICATE_TRANSACTION
755.12,0,0,1,10,0.985,1.0,0.99,7.0,0,SUCCESS
653.49,1,1,1,18,0.896,1.25,0.83,20.0,1,NETWORK_FAILURE
1628.12,0,0,1,22,0.928,0.47,0.9,19.3,0,SUCCESS
2174.23,2,1,3,16,0.896,1.94,0.8,30.0,1,BANK_FAILURE
1822.82,2,2,1,9,0.888,0.57,1.0,31.9,1,TIMEOUT
284.58,1,0,1,11,0.977,0.9,0.96,13.8,0,SUCCESS
1561.55,0,0,1,10,0.905,0.83,1.0,11.2,0,SUCCESS
790.58,1,0,1,9,0.963,1.08,0.92,12.7,0,SUCCESS
396.07,1,0,2,9,0.986,0.52,0.91,13.1,0,SUCCESS
1036.39,0,0,1,13,0.985,0.4,0.86,20.8,0,SUCCESS
4661.9,2,2,1,18,0.83,1.8,0.82,28.9,1,BANK_FAILURE
451.32,0,0,2,20,0.977,0.45,0.94,13.9,0,SUCCESS
95267.0,4,8,16,2,0.247,7.1,0.33,98.4,1,DUPLICATE_TRANSACTION
84.9,0,0,1,14,0.949,0.58,0.93,22.5,0,SUCCESS
150435.0,5,8,14,2,0.242,8.72,0.35,100.0,1,DUPLICATE_TRANSACTION
1606.85,0,0,1,12,0.881,0.21,0.92,14.8,0,SUCCESS
76.39,0,0,1,15,0.902,1.04,0.85,11.2,0,SUCCESS
64.21,0,0,2,22,0.944,0.4,0.93,8.1,0,SUCCESS
1382.94,0,0,1,22,0.887,0.51,0.98,17.8,0,SUCCESS
1813.3,0,0,1,11,0.98,0.21,0.88,17.3,0,SUCCESS
1325.99,1,2,1,13,0.95,1.55,0.86,26.2,1,BANK_FAILURE
432.14,0,0,1,12,0.923,0.86,1.0,10.3,0,SUCCESS
1078.86,0,0,2,21,0.9,0.35,0.92,26.9,1,INSUFFICIENT_FUNDS
1552.02,0,0,1,21,0.926,0.68,0.86,24.4,0,SUCCESS
1559.8,0,0,2,19,0.918,0.65,0.94,7.9,0,SUCCESS
300.28,1,0,1,15,0.926,1.07,0.95,11.8,0,SUCCESS
1430.28,0,0,1,9,0.968,0.69,0.97,24.1,0,SUCCESS
3170.0,1,0,2,9,0.914,1.04,0.9,33.1,1,INSUFFICIENT_FUNDS
203.76,0,0,1,6,0.905,1.12,0.97,37.6,1,INSUFFICIENT_FUNDS
2595.84,0,0,1,14,0.925,0.89,0.95,8.2,0,SUCCESS
58.38,0,0,2,21,0.988,0.82,0.85,8.7,0,SUCCESS
150920.0,6,7,12,23,0.109,8.08,0.22,100.0,1,AUTHENTICATION_FAILURE
331.53,0,0,1,16,0.995,0.41,0.93,19.7,0,SUCCESS
1025.6,1,0,1,17,0.945,1.15,0.88,20.5,1,INSUFFICIENT_FUNDS
97.25,0,0,1,8,0.899,0.74,0.93,6.5,0,SUCCESS
1486.65,1,0,1,22,0.906,0.44,0.95,10.5,0,SUCCESS
762.99,2,1,3,15,0.908,1.14,0.8,34.3,1,BANK_FAILURE
7046.8,2,1,1,16,0.939,1.46,0.83,19.5,1,TIMEOUT
355.95,0,0,1,6,0.933,0.83,0.97,5.7,0,SUCCESS
1128.19,0,0,1,9,0.922,0.55,0.92,11.7,0,SUCCESS
185.29,1,0,1,15,0.979,0.3,0.96,11.8,0,SUCCESS
1077.59,2,2,1,9,0.727,1.41,0.9,36.7,1,BANK_FAILURE
2195.13,0,0,2,13,0.95,0.45,0.95,19.2,0,SUCCESS
61.9,0,0,1,9,0.94,1.02,0.91,7.0,0,SUCCESS
125.17,0,1,1,17,0.926,0.54,0.96,19.9,0,SUCCESS
75838.0,4,9,9,3,0.101,4.24,0.33,98.7,1,AUTHENTICATION_FAILURE
150126.0,6,9,12,23,0.229,4.2,0.27,95.4,1,AUTHENTICATION_FAILURE
415.08,1,0,2,19,0.99,0.26,0.86,8.7,0,SUCCESS
4422.55,2,1,2,20,0.843,0.99,0.87,31.6,1,NETWORK_FAILURE
76.44,0,0,1,12,0.968,0.9,0.89,23.1,0,SUCCESS
181.28,0,1,1,6,0.982,0.91,0.89,8.3,0,SUCCESS
6509.53,1,2,3,11,0.797,1.69,0.81,31.6,1,GATEWAY_FAILURE
1134.7,1,0,1,22,0.886,0.59,0.87,18.9,0,SUCCESS
429.35,3,1,3,18,0.75,1.92,0.71,33.8,1,GATEWAY_FAILURE
75.24,0,0,2,22,0.96,0.29,0.93,8.2,0,SUCCESS
695.14,0,1,2,8,0.944,0.79,0.88,10.7,0,SUCCESS
260.94,0,0,1,19,0.937,0.9,0.99,12.5,0,SUCCESS
2837.84,0,0,1,12,0.957,1.02,0.93,10.1,0,SUCCESS
414.47,1,0,1,14,0.952,0.32,0.86,27.4,1,INSUFFICIENT_FUNDS
1086.91,0,1,1,11,0.964,0.59,0.87,13.0,0,SUCCESS
1089.91,0,0,1,20,0.942,0.79,0.92,11.5,0,SUCCESS
45436.0,6,4,18,4,0.057,8.79,0.19,100.0,1,DUPLICATE_TRANSACTION
95998.0,3,5,12,1,0.088,7.13,0.15,100.0,1,AUTHENTICATION_FAILURE
327.19,0,0,1,13,0.943,0.31,0.91,23.7,1,INSUFFICIENT_FUNDS
499.95,2,2,2,18,0.973,1.0,0.99,33.8,1,TIMEOUT
2452.53,0,0,2,19,0.903,1.06,0.89,9.5,0,SUCCESS
835.36,0,0,1,10,0.882,0.93,0.86,17.6,0,SUCCESS
1939.1,0,0,1,18,0.935,0.91,0.96,7.8,0,SUCCESS
4112.97,1,0,1,13,0.905,0.39,0.87,7.8,0,SUCCESS
1703.76,0,0,1,17,0.918,1.04,0.91,19.5,0,SUCCESS
95584.0,3,6,18,4,0.21,6.35,0.3,100.0,1,AUTHENTICATION_FAILURE
564.39,0,0,1,19,0.917,0.24,0.99,11.9,0,SUCCESS
184.11,0,0,1,8,0.974,0.78,1.0,10.0,0,SUCCESS
248.41,1,2,1,16,0.978,0.5,0.95,28.1,1,TIMEOUT
1630.48,0,0,1,16,0.906,0.83,0.96,24.7,0,SUCCESS
95683.0,4,4,15,2,0.111,5.82,0.29,99.8,1,DUPLICATE_TRANSACTION
150497.0,6,8,16,3,0.087,8.48,0.06,100.0,1,DUPLICATE_TRANSACTION
113.39,1,0,1,14,0.891,0.41,0.93,20.4,1,INSUFFICIENT_FUNDS
45439.0,7,5,17,1,0.23,6.65,0.33,100.0,1,AUTHENTICATION_FAILURE
95582.0,6,4,18,1,0.12,4.22,0.25,97.4,1,AUTHENTICATION_FAILURE
1919.91,0,0,1,12,0.955,1.19,0.93,7.3,0,SUCCESS
2163.22,0,0,1,13,0.89,0.49,0.98,20.3,0,SUCCESS
75.89,0,0,1,9,0.913,0.85,0.96,22.3,0,SUCCESS
823.18,0,0,2,20,0.939,0.99,0.92,15.7,0,SUCCESS
1818.55,0,0,1,21,0.881,0.45,0.96,17.1,0,SUCCESS
4566.56,2,2,1,8,0.95,0.86,0.82,34.9,1,TIMEOUT
1906.17,0,1,2,19,0.915,0.91,0.87,13.1,0,SUCCESS
2309.43,0,0,1,12,0.988,0.73,0.96,21.8,0,SUCCESS
5476.5,1,2,2,15,0.864,0.65,0.88,22.3,1,NETWORK_FAILURE
1033.02,0,0,1,11,0.977,0.89,0.85,13.6,0,SUCCESS
313.01,0,0,1,18,0.915,0.97,0.88,19.2,0,SUCCESS
1089.37,0,0,1,7,0.911,0.7,0.91,20.6,0,SUCCESS
1639.94,0,0,1,22,0.979,0.76,0.99,9.3,0,SUCCESS
1551.67,0,1,2,18,0.987,1.0,0.88,10.9,0,SUCCESS
1563.97,1,0,1,19,0.999,1.0,0.96,20.9,0,SUCCESS
4214.54,0,0,1,14,0.906,1.06,0.96,13.3,0,SUCCESS
818.96,0,1,1,17,0.947,1.12,0.91,21.9,0,SUCCESS
49.29,0,0,2,21,0.95,0.57,0.85,7.6,0,SUCCESS
1733.04,0,0,2,7,0.912,1.15,0.91,23.2,0,SUCCESS
484.98,0,0,1,18,0.984,0.8,0.94,15.6,0,SUCCESS
164.62,0,0,1,7,1.0,1.04,0.98,21.5,0,SUCCESS
294.74,2,2,1,19,0.858,0.61,0.89,28.5,1,TIMEOUT
3834.89,1,2,1,19,0.81,0.51,0.93,20.8,1,NETWORK_FAILURE
399.83,0,0,1,9,0.912,0.71,0.92,15.2,0,SUCCESS
1389.3,0,0,2,20,0.922,1.0,0.92,11.4,0,SUCCESS
1590.48,0,0,1,10,0.975,1.18,0.97,20.4,0,SUCCESS
2386.97,0,0,1,11,0.923,0.94,0.94,8.6,0,SUCCESS
483.43,0,0,2,16,0.948,1.03,0.99,20.0,0,SUCCESS
3431.15,2,1,2,12,0.875,1.12,0.82,26.6,1,NETWORK_FAILURE
1361.83,0,1,2,12,0.994,0.81,0.88,14.6,0,SUCCESS
1399.21,1,0,1,19,0.89,0.78,0.99,14.7,0,SUCCESS
2887.75,0,0,2,22,0.983,1.1,0.99,12.9,0,SUCCESS
150394.0,6,5,9,3,0.217,8.26,0.06,100.0,1,AUTHENTICATION_FAILURE
1776.38,0,0,1,21,0.972,0.9,0.94,14.8,0,SUCCESS
88.23,0,0,2,16,0.93,0.76,0.91,24.3,0,SUCCESS
1766.91,1,2,1,15,0.912,0.51,0.81,29.0,1,TIMEOUT
441.68,1,0,1,17,0.958,0.87,0.85,37.7,1,INSUFFICIENT_FUNDS
150869.0,7,4,14,4,0.123,5.21,0.28,100.0,1,AUTHENTICATION_FAILURE
1417.25,1,2,1,10,0.857,1.12,0.89,17.3,1,TIMEOUT
599.23,0,0,1,12,0.971,1.19,0.97,14.2,0,SUCCESS
2858.18,0,0,2,10,0.941,0.34,0.9,8.8,0,SUCCESS
2114.79,0,0,1,22,0.944,0.93,0.87,17.2,0,SUCCESS
2282.98,1,1,2,13,0.967,1.24,0.98,31.4,1,NETWORK_FAILURE
5621.0,0,0,2,11,0.916,1.18,0.89,9.1,0,SUCCESS
749.41,0,0,2,8,0.911,1.11,0.85,12.0,0,SUCCESS
2383.87,1,2,2,21,0.803,1.12,0.81,17.2,1,TIMEOUT
150395.0,6,7,16,1,0.393,8.81,0.17,100.0,1,DUPLICATE_TRANSACTION
481.46,0,0,1,9,0.9,1.17,0.94,24.6,0,SUCCESS
543.55,0,0,1,20,0.911,0.71,0.9,8.4,0,SUCCESS
45758.0,5,4,18,2,0.11,4.06,0.23,92.6,1,DUPLICATE_TRANSACTION
1733.29,0,0,2,7,0.91,1.09,0.96,6.5,0,SUCCESS
2114.29,0,0,1,7,0.982,0.8,0.95,24.9,0,SUCCESS
366.28,0,0,1,14,0.933,0.32,0.92,17.5,0,SUCCESS
2157.02,1,0,1,19,0.948,0.75,0.85,14.4,0,SUCCESS
3151.3,0,0,1,17,0.924,0.27,0.98,22.8,0,SUCCESS
2364.13,0,0,1,9,0.938,0.38,0.92,14.9,0,SUCCESS
856.85,0,0,1,21,0.907,0.43,0.99,35.0,1,INSUFFICIENT_FUNDS
1016.66,0,1,1,12,0.979,0.61,0.93,5.7,0,SUCCESS
2955.46,3,1,2,16,0.814,1.42,0.74,35.3,1,GATEWAY_FAILURE
382.15,0,0,1,20,0.983,0.74,0.95,14.4,0,SUCCESS
1598.01,2,3,3,18,0.797,1.25,0.88,34.9,1,GATEWAY_FAILURE
4878.38,3,1,1,10,0.705,1.42,0.89,26.7,1,BANK_FAILURE
790.47,0,0,1,16,0.901,0.51,0.9,8.2,0,SUCCESS
512.36,1,2,1,22,0.805,1.13,1.0,21.6,1,TIMEOUT
200.57,0,0,1,7,0.987,1.18,0.96,15.0,0,SUCCESS
267.27,0,0,1,20,0.961,0.93,0.99,10.2,0,SUCCESS
71.35,0,0,2,7,0.965,0.99,0.88,10.2,0,SUCCESS
150824.0,7,6,19,3,0.208,8.83,0.08,100.0,1,AUTHENTICATION_FAILURE
700.76,0,0,2,12,0.946,0.41,0.92,11.4,0,SUCCESS
421.25,0,0,2,14,0.899,0.99,1.0,5.4,0,SUCCESS
1489.88,0,0,2,6,0.991,0.99,0.99,18.3,0,SUCCESS
95411.0,5,6,5,4,0.156,6.33,0.26,100.0,1,AUTHENTICATION_FAILURE
160.11,0,0,1,17,0.937,0.6,0.9,14.0,0,SUCCESS
971.68,2,1,1,17,0.817,1.42,0.9,27.5,1,TIMEOUT
2176.64,0,0,2,6,0.976,0.78,1.0,14.1,0,SUCCESS
1706.94,0,0,1,18,0.999,0.91,0.87,24.1,0,SUCCESS
1371.34,0,0,1,16,0.959,1.08,0.94,12.1,0,SUCCESS
2112.84,0,0,1,9,0.945,0.35,0.89,19.8,0,SUCCESS
4250.8,3,3,2,14,0.719,1.66,0.7,25.9,1,BANK_FAILURE
54.22,0,0,1,18,0.917,1.18,0.89,24.1,0,SUCCESS
115.04,1,1,1,13,0.944,0.68,0.88,19.1,0,SUCCESS
480.1,2,1,1,21,0.982,0.53,0.84,19.8,1,NETWORK_FAILURE
690.46,1,0,1,20,0.946,0.49,0.94,12.1,0,SUCCESS
536.07,0,0,1,20,0.898,1.12,1.0,20.6,0,SUCCESS
454.61,1,0,2,11,0.969,1.17,0.92,21.6,0,SUCCESS
4478.97,0,0,1,21,0.939,1.13,0.93,14.8,0,SUCCESS
1085.24,0,0,1,19,0.979,0.64,0.86,20.7,0,SUCCESS
616.75,0,0,2,11,0.899,0.94,0.94,6.2,0,SUCCESS
1852.1,0,0,1,6,0.88,0.58,0.97,12.3,0,SUCCESS
1153.2,1,0,2,6,0.947,0.38,0.87,30.6,1,INSUFFICIENT_FUNDS
1251.87,0,0,2,7,0.942,1.01,0.97,20.8,0,SUCCESS
150621.0,3,6,9,3,0.339,4.28,0.14,99.3,1,AUTHENTICATION_FAILURE
855.88,3,1,1,10,0.818,1.94,0.94,31.7,1,BANK_FAILURE
661.92,0,0,2,13,0.94,0.69,0.88,10.6,0,SUCCESS
256.59,0,0,1,22,0.997,0.35,0.89,16.8,0,SUCCESS
1794.72,1,1,1,14,0.949,0.74,0.86,33.8,1,TIMEOUT
150656.0,4,7,14,4,0.246,4.53,0.18,99.6,1,AUTHENTICATION_FAILURE
524.88,0,0,1,14,0.915,0.55,0.96,21.9,0,SUCCESS
615.67,0,0,2,9,0.898,0.28,0.95,14.4,0,SUCCESS
6111.95,2,3,3,18,0.814,1.21,0.89,40.2,1,BANK_FAILURE
2349.66,0,0,1,7,0.898,0.47,0.89,17.3,0,SUCCESS
3530.32,1,1,2,20,0.999,0.93,0.99,21.7,0,SUCCESS
45365.0,4,5,18,23,0.101,6.7,0.1,100.0,1,AUTHENTICATION_FAILURE
790.59,0,0,1,10,0.997,1.11,0.87,12.4,0,SUCCESS
710.89,0,0,1,6,0.892,0.25,0.92,17.5,0,SUCCESS
2252.26,0,0,2,22,0.919,0.7,0.99,19.7,0,SUCCESS
1701.76,0,0,1,12,0.972,0.44,0.86,22.0,0,SUCCESS
61.01,0,0,2,15,0.978,0.73,0.87,5.5,0,SUCCESS
1960.74,0,0,1,21,0.897,0.81,0.87,15.6,0,SUCCESS
1119.26,0,0,1,13,0.952,0.99,0.88,6.3,0,SUCCESS
959.69,0,0,1,20,0.976,0.63,0.92,15.3,0,SUCCESS
1547.06,1,0,1,22,0.919,0.64,0.95,14.9,0,SUCCESS
150108.0,6,9,16,23,0.297,6.44,0.25,100.0,1,AUTHENTICATION_FAILURE
728.33,0,0,1,8,0.95,0.27,0.98,5.6,0,SUCCESS
1704.88,1,0,2,11,0.982,0.6,0.9,20.9,0,SUCCESS
539.98,1,0,1,14,0.891,0.76,0.92,7.1,0,SUCCESS
1186.61,0,0,1,22,0.972,1.11,0.91,24.1,0,SUCCESS
2455.8,0,0,1,18,0.926,0.74,0.92,7.5,0,SUCCESS
1986.16,2,2,1,18,0.935,0.52,0.91,21.7,1,NETWORK_FAILURE
114.97,1,2,1,13,0.899,1.5,0.9,25.9,1,NETWORK_FAILURE
645.79,0,0,1,21,0.91,0.54,0.92,8.8,0,SUCCESS
557.52,2,2,1,15,0.924,1.36,0.86,18.7,1,TIMEOUT
620.41,0,0,1,13,0.937,0.75,0.93,25.8,1,INSUFFICIENT_FUNDS
142.58,0,0,1,11,0.907,1.08,0.92,16.3,0,SUCCESS
1129.76,0,0,2,14,0.983,0.9,0.93,17.2,0,SUCCESS
163.58,0,0,2,9,0.948,0.41,0.99,26.0,1,INSUFFICIENT_FUNDS
521.04,0,0,1,7,0.93,1.16,0.85,11.1,0,SUCCESS
1365.63,0,0,1,20,0.97,0.34,0.9,12.8,0,SUCCESS
908.2,0,0,1,9,0.989,1.13,0.92,5.1,0,SUCCESS
188.55,0,0,1,21,0.883,0.6,0.9,19.3,0,SUCCESS
117.62,0,0,1,17,0.943,0.76,0.96,9.4,0,SUCCESS
600.23,0,0,2,14,0.992,0.92,0.96,8.4,0,SUCCESS
701.72,0,0,1,6,0.937,1.15,0.88,6.5,0,SUCCESS
2713.7,1,0,1,10,0.927,0.56,0.9,22.9,0,SUCCESS
872.94,0,0,1,20,0.992,0.63,0.93,13.9,0,SUCCESS
1047.39,1,1,1,15,0.968,0.71,0.96,13.5,0,SUCCESS
1313.9,0,0,1,15,0.909,0.9,0.86,23.2,0,SUCCESS
339.52,0,0,1,22,0.902,0.21,0.97,22.5,0,SUCCESS
1191.81,0,0,1,12,0.994,0.8,0.85,12.1,0,SUCCESS
234.27,0,0,1,22,0.933,0.5,0.92,6.4,0,SUCCESS
1972.48,0,0,1,15,0.895,0.42,0.97,22.6,0,SUCCESS
137.96,0,0,1,19,0.924,0.38,0.92,8.3,0,SUCCESS
4872.84,1,0,1,21,0.924,1.03,0.9,19.6,0,SUCCESS
276.51,2,1,1,18,0.942,0.64,0.98,19.9,1,NETWORK_FAILURE
571.75,0,0,1,9,0.949,0.57,0.99,11.6,0,SUCCESS
168.61,0,0,1,15,0.912,1.05,0.87,19.6,0,SUCCESS
940.94,0,0,2,6,0.956,0.56,0.98,20.1,0,SUCCESS
1180.51,0,0,1,18,0.973,0.69,0.88,8.9,0,SUCCESS
265.96,0,0,1,6,0.907,0.73,0.92,16.6,0,SUCCESS
2565.2,0,0,2,12,0.901,0.72,0.89,19.5,0,SUCCESS
514.18,0,0,1,21,0.898,0.85,0.88,20.0,0,SUCCESS
545.96,0,1,1,22,0.902,1.13,1.0,19.8,0,SUCCESS
622.12,2,1,1,8,0.822,1.45,0.84,35.0,1,NETWORK_FAILURE
870.58,0,0,2,10,0.932,0.4,0.88,20.1,1,INSUFFICIENT_FUNDS
478.65,1,0,2,21,0.9,0.64,0.92,11.2,0,SUCCESS
45742.0,3,6,15,1,0.284,6.98,0.12,100.0,1,DUPLICATE_TRANSACTION
2432.48,0,0,1,14,0.921,1.02,0.87,8.5,0,SUCCESS
549.21,0,0,1,12,0.882,0.9,0.95,13.2,0,SUCCESS
944.06,1,0,2,16,0.993,1.19,0.86,10.8,0,SUCCESS
608.02,0,0,2,11,0.945,0.98,0.9,12.1,0,SUCCESS
404.1,0,0,1,10,0.965,0.78,0.98,19.0,0,SUCCESS
504.49,2,2,2,11,0.81,1.45,0.83,28.9,1,TIMEOUT
895.83,0,0,1,9,0.921,0.38,0.87,24.4,0,SUCCESS
316.25,0,1,1,20,0.924,0.46,0.93,24.3,0,SUCCESS
1639.0,2,2,1,22,0.89,1.35,0.89,32.4,1,NETWORK_FAILURE
462.66,1,0,1,21,0.95,1.09,0.99,6.1,0,SUCCESS
75288.0,3,9,9,3,0.328,5.04,0.22,100.0,1,AUTHENTICATION_FAILURE
222.24,1,0,1,20,0.947,0.61,0.92,7.3,0,SUCCESS
1390.05,0,0,1,15,0.89,1.17,0.86,20.1,0,SUCCESS
2011.64,2,2,2,9,0.948,1.69,0.91,30.0,1,BANK_FAILURE
2200.6,0,0,1,8,0.892,1.13,0.91,6.6,0,SUCCESS
636.84,0,0,1,21,0.905,0.79,0.96,17.9,0,SUCCESS
817.9,1,2,2,10,0.909,1.23,0.87,28.1,1,BANK_FAILURE
131.15,0,0,1,12,0.917,0.71,0.94,20.8,0,SUCCESS
1330.37,0,0,1,11,0.916,0.36,0.95,23.6,0,SUCCESS
249.14,0,0,1,16,0.932,1.01,0.89,10.1,0,SUCCESS
1209.99,0,0,1,17,0.893,0.7,0.94,10.5,0,SUCCESS
1562.91,1,0,1,17,0.938,0.61,0.87,23.5,0,SUCCESS
2010.78,1,0,1,8,0.985,1.06,0.91,9.2,0,SUCCESS
1839.77,1,0,2,12,0.887,0.79,0.98,14.6,0,SUCCESS
52.56,1,0,1,19,0.919,1.17,0.99,24.0,0,SUCCESS
3244.16,1,1,2,22,0.987,0.85,0.85,25.9,1,TIMEOUT
471.98,1,1,1,19,0.976,0.66,0.88,31.6,1,TIMEOUT
1347.11,0,0,1,18,0.943,0.69,0.9,22.8,0,SUCCESS
266.65,0,1,1,11,0.959,0.39,0.91,23.9,0,SUCCESS
608.73,2,2,2,17,0.885,1.44,0.95,24.2,1,TIMEOUT
1059.91,1,0,1,11,0.971,0.76,0.9,13.0,0,SUCCESS
1453.99,0,0,1,9,0.896,0.77,0.89,21.0,0,SUCCESS
136.39,0,0,1,13,0.982,0.68,0.98,12.2,0,SUCCESS
3184.96,0,0,1,20,0.942,1.09,0.94,23.4,0,SUCCESS
997.97,0,0,2,16,0.994,0.84,0.98,18.5,0,SUCCESS
578.9,0,0,1,20,0.936,1.06,0.93,8.9,0,SUCCESS
4105.63,1,1,1,9,0.81,1.17,0.81,29.1,1,TIMEOUT
90.47,0,1,1,9,0.898,0.67,0.97,5.3,0,SUCCESS
431.46,0,0,1,12,0.882,0.62,0.86,6.9,0,SUCCESS
422.27,0,0,2,17,0.991,0.98,0.94,18.9,0,SUCCESS
3146.43,0,1,1,14,0.924,0.91,0.86,12.7,0,SUCCESS
674.7,0,0,1,13,0.972,0.95,0.93,22.3,0,SUCCESS
219.07,0,0,1,15,0.934,0.62,0.89,12.4,0,SUCCESS
186.35,0,0,1,12,0.891,1.06,0.97,5.7,0,SUCCESS
388.76,1,1,1,15,0.827,1.44,0.77,43.2,1,BANK_FAILURE
600.14,0,0,1,7,0.916,0.73,0.91,24.9,1,INSUFFICIENT_FUNDS
217.94,0,0,1,17,0.899,0.64,0.93,12.6,0,SUCCESS
75135.0,7,6,6,3,0.208,7.06,0.34,100.0,1,DUPLICATE_TRANSACTION
98.0,1,0,2,19,0.905,0.74,0.99,16.8,0,SUCCESS
177.77,3,3,2,12,0.712,1.22,0.97,31.4,1,BANK_FAILURE
681.92,0,0,1,16,0.944,0.49,0.95,17.8,0,SUCCESS
331.09,0,0,1,9,0.994,0.62,0.88,21.3,0,SUCCESS
668.53,0,0,1,21,0.97,0.64,0.96,9.1,0,SUCCESS
605.47,0,0,1,16,0.967,1.04,0.91,14.0,0,SUCCESS
2335.85,0,0,1,7,0.915,0.52,0.95,16.3,0,SUCCESS
150504.0,4,5,19,2,0.291,8.92,0.28,100.0,1,DUPLICATE_TRANSACTION
341.3,0,1,1,19,0.882,0.87,0.92,11.9,0,SUCCESS
2429.12,0,0,1,12,0.977,0.36,0.96,13.7,0,SUCCESS
834.76,3,1,3,10,0.866,1.61,0.77,31.5,1,GATEWAY_FAILURE
2209.71,0,1,1,15,0.919,0.73,0.86,9.2,0,SUCCESS
1296.33,2,2,1,8,0.936,1.44,0.94,33.8,1,TIMEOUT
1019.3,1,0,2,16,0.997,0.84,0.85,19.5,0,SUCCESS
2879.59,0,0,2,12,0.95,0.87,1.0,6.8,0,SUCCESS
1369.42,0,0,1,14,0.969,1.03,0.9,6.3,0,SUCCESS
1218.21,0,0,1,11,0.948,0.94,0.97,11.0,0,SUCCESS
910.99,0,0,1,18,0.978,0.96,1.0,5.2,0,SUCCESS
739.41,0,0,2,21,1.0,0.38,0.86,10.5,0,SUCCESS
2210.17,0,0,2,18,0.91,0.63,0.95,13.6,0,SUCCESS
747.54,0,0,1,22,0.931,0.3,0.92,18.9,0,SUCCESS
428.55,1,0,1,18,0.981,0.21,0.95,12.9,0,SUCCESS
474.24,0,0,1,6,0.893,0.83,0.88,15.2,0,SUCCESS
952.74,0,0,1,16,0.945,0.87,0.85,15.0,0,SUCCESS
1113.98,1,0,1,18,0.973,0.67,0.9,12.2,0,SUCCESS
2343.39,1,0,1,22,0.997,1.18,0.94,5.0,0,SUCCESS
2820.01,0,1,1,6,0.924,1.03,0.91,5.7,0,SUCCESS
2113.93,1,0,1,17,0.921,0.45,0.94,9.2,0,SUCCESS
518.61,0,0,1,10,0.992,0.46,0.87,6.8,0,SUCCESS
1043.44,0,0,1,21,0.91,1.07,0.92,5.9,0,SUCCESS
385.63,0,0,1,12,0.971,0.46,0.89,24.3,0,SUCCESS
58.92,0,0,2,13,0.907,0.25,0.94,5.9,0,SUCCESS
1187.34,0,0,1,7,0.946,0.93,0.86,5.2,0,SUCCESS
784.14,0,0,1,22,0.917,0.61,0.9,7.3,0,SUCCESS
96.61,0,0,1,13,0.894,0.22,0.86,24.1,0,SUCCESS
233.18,0,0,1,19,0.888,0.31,0.93,14.3,0,SUCCESS
3682.42,0,0,1,13,0.981,0.93,0.95,7.6,0,SUCCESS
1274.75,0,0,2,13,0.952,0.78,0.88,5.9,0,SUCCESS
3533.63,0,0,1,7,0.956,0.35,0.96,6.4,0,SUCCESS
2150.19,0,0,2,6,0.897,1.09,0.96,8.3,0,SUCCESS
1050.15,0,0,1,13,0.899,0.79,0.96,23.3,0,SUCCESS
2331.98,1,1,2,17,0.926,1.07,0.9,24.0,0,SUCCESS
3558.41,0,0,1,14,0.901,1.06,0.91,5.1,0,SUCCESS
950.07,3,3,3,19,0.931,1.7,0.87,40.4,1,BANK_FAILURE
721.13,0,0,1,20,0.903,0.95,0.99,6.7,0,SUCCESS
1028.47,0,0,1,6,0.922,1.12,0.99,9.8,0,SUCCESS
2980.05,2,2,2,11,0.886,1.24,0.89,19.6,1,TIMEOUT
705.83,2,3,1,18,0.851,1.63,0.78,34.6,1,BANK_FAILURE
150572.0,6,9,19,2,0.054,4.43,0.25,98.4,1,AUTHENTICATION_FAILURE
1909.64,0,0,1,20,0.968,0.47,0.92,22.7,0,SUCCESS
4279.18,0,0,1,13,0.986,0.62,0.98,16.8,0,SUCCESS
304.65,0,0,2,14,0.941,0.6,0.87,13.3,0,SUCCESS
338.86,1,1,1,16,0.871,1.5,0.87,30.8,1,BANK_FAILURE
420.91,0,1,1,15,0.911,0.65,0.95,6.6,0,SUCCESS
1132.3,0,0,2,9,0.962,0.57,0.92,11.6,0,SUCCESS
2030.36,0,0,1,18,0.936,1.02,0.93,14.9,0,SUCCESS
3247.39,0,0,1,10,0.892,0.32,0.89,24.2,0,SUCCESS
1252.1,0,0,1,8,0.988,0.61,0.85,22.2,0,SUCCESS
278.8,0,0,1,12,0.943,0.63,0.95,12.3,0,SUCCESS
363.5,1,0,1,17,0.989,1.07,0.89,6.6,0,SUCCESS
1232.86,1,0,1,14,0.914,1.13,0.95,10.2,0,SUCCESS
1291.87,0,0,1,11,0.983,0.26,0.88,25.0,0,SUCCESS
730.04,0,1,1,18,0.907,0.61,1.0,20.7,0,SUCCESS
1076.04,0,0,1,22,0.952,0.59,0.93,16.5,0,SUCCESS
266.16,0,0,2,8,0.961,0.45,0.94,23.9,0,SUCCESS
1589.12,0,0,2,21,0.896,0.55,0.99,14.8,0,SUCCESS
191.05,0,0,1,6,1.0,0.52,0.93,22.6,0,SUCCESS
575.7,0,1,1,19,0.994,0.69,0.93,17.4,0,SUCCESS
53.25,0,0,1,7,0.983,0.58,0.96,17.6,0,SUCCESS
614.25,0,0,1,9,0.976,1.14,0.91,19.2,0,SUCCESS
1919.32,3,2,2,9,0.792,1.2,0.77,36.5,1,BANK_FAILURE
4032.86,1,1,1,22,0.997,0.28,0.99,7.5,0,SUCCESS
647.99,0,0,1,15,0.989,0.71,0.94,19.2,0,SUCCESS
4620.79,3,2,2,20,0.813,1.31,0.84,43.9,1,BANK_FAILURE
1529.14,1,1,2,14,0.938,1.31,0.94,27.1,1,TIMEOUT
1596.56,2,1,1,11,0.823,1.35,0.88,20.1,1,TIMEOUT
75962.0,6,6,17,2,0.051,6.23,0.08,100.0,1,DUPLICATE_TRANSACTION
436.68,0,0,2,12,0.967,0.57,0.86,23.1,0,SUCCESS
213.07,0,1,1,19,0.939,0.7,0.85,26.4,1,INSUFFICIENT_FUNDS
1664.87,0,0,2,20,0.909,0.54,0.98,15.5,0,SUCCESS
950.83,0,0,1,18,0.919,0.68,0.97,20.2,0,SUCCESS
922.43,2,1,2,14,0.864,1.26,0.93,44.0,1,BANK_FAILURE
4245.07,1,3,1,13,0.934,0.95,0.72,41.8,1,BANK_FAILURE
2370.46,0,0,1,15,0.905,1.17,0.85,20.7,0,SUCCESS
514.21,1,0,1,13,0.978,0.27,0.97,17.0,0,SUCCESS
2277.39,2,3,2,9,0.786,1.3,0.96,43.2,1,GATEWAY_FAILURE
1558.17,0,0,1,16,0.964,0.22,0.98,18.9,0,SUCCESS
1802.67,1,0,1,22,0.895,1.02,0.93,22.7,0,SUCCESS
2661.06,0,0,1,15,0.892,0.55,0.91,5.3,0,SUCCESS
2072.53,0,0,2,15,0.926,0.7,0.99,20.2,0,SUCCESS
722.11,0,0,1,22,1.0,0.57,0.89,22.2,0,SUCCESS
7944.37,0,1,1,14,0.906,0.24,0.9,18.9,0,SUCCESS
3670.87,0,0,1,8,0.883,0.54,0.87,9.7,0,SUCCESS
2879.85,0,0,1,7,0.906,0.51,0.94,29.6,1,INSUFFICIENT_FUNDS
344.49,0,1,1,7,0.986,0.4,0.96,10.6,0,SUCCESS
2060.37,0,0,1,11,0.887,0.93,0.9,18.1,0,SUCCESS
969.85,1,2,1,15,0.784,1.36,0.96,43.0,1,GATEWAY_FAILURE
162.01,0,0,2,17,0.936,1.18,0.93,31.9,1,INSUFFICIENT_FUNDS
534.55,1,0,1,18,0.994,1.2,0.91,17.0,0,SUCCESS
2376.76,0,0,1,22,0.944,0.76,0.91,10.4,0,SUCCESS
2789.31,2,2,1,13,0.778,0.95,0.94,34.9,1,GATEWAY_FAILURE
75279.0,4,8,19,23,0.117,7.6,0.09,100.0,1,AUTHENTICATION_FAILURE
3245.94,3,1,1,13,0.926,1.77,0.78,42.6,1,BANK_FAILURE
2199.53,1,0,1,18,0.915,0.52,0.92,11.1,0,SUCCESS
5083.69,0,1,1,6,0.885,0.36,0.98,6.2,0,SUCCESS
2663.54,0,0,2,22,0.944,1.06,0.96,9.3,0,SUCCESS
660.59,0,0,1,6,0.984,0.53,0.86,23.9,0,SUCCESS
923.0,0,0,1,16,0.948,0.45,0.91,31.4,1,INSUFFICIENT_FUNDS
405.45,1,0,1,20,0.995,0.71,0.97,24.3,0,SUCCESS
245.78,0,1,1,13,0.984,0.4,0.86,8.2,0,SUCCESS
630.63,0,0,1,18,0.947,0.91,0.96,18.3,0,SUCCESS
2504.77,0,0,1,6,0.969,0.86,0.88,13.5,0,SUCCESS
2296.12,0,0,1,9,0.999,0.38,0.92,22.4,0,SUCCESS
354.93,0,0,1,15,0.961,1.2,0.97,10.8,0,SUCCESS
439.58,0,0,1,19,0.999,1.19,0.87,33.1,1,INSUFFICIENT_FUNDS
112.76,0,0,1,9,0.964,1.17,0.9,20.1,0,SUCCESS
732.13,0,0,1,13,0.978,0.42,0.9,20.5,0,SUCCESS
1063.04,0,0,1,21,0.932,0.79,0.99,8.8,0,SUCCESS
2016.59,1,0,2,20,0.921,1.14,0.87,5.8,0,SUCCESS
775.29,0,0,1,15,1.0,1.04,0.96,22.4,0,SUCCESS
1255.25,0,1,1,19,0.891,0.37,0.85,16.9,0,SUCCESS
2662.62,0,1,2,20,0.943,0.56,0.94,5.6,0,SUCCESS
4252.53,0,0,1,13,0.915,1.09,0.98,20.2,0,SUCCESS
1043.68,0,0,1,18,0.929,0.76,0.97,10.5,0,SUCCESS
1230.64,0,0,1,6,0.882,1.01,0.99,20.8,0,SUCCESS
350.07,2,2,1,20,0.919,1.13,1.0,23.0,1,NETWORK_FAILURE
532.99,0,1,1,13,0.884,0.44,0.87,22.7,0,SUCCESS
677.77,2,1,2,17,0.933,0.51,0.89,17.4,1,TIMEOUT
2322.85,0,0,1,6,0.909,0.5,0.93,13.0,0,SUCCESS
2120.27,1,1,2,16,0.895,0.84,0.86,16.3,1,NETWORK_FAILURE
2761.8,1,0,2,12,0.895,0.27,1.0,18.6,0,SUCCESS
697.42,0,0,1,12,0.995,1.2,0.96,9.6,0,SUCCESS
177.96,0,0,2,19,0.991,0.8,0.88,23.4,0,SUCCESS
3006.16,0,0,1,17,0.894,0.25,0.94,9.9,0,SUCCESS
1639.84,0,0,2,11,0.908,0.3,1.0,10.9,0,SUCCESS
2505.53,0,0,1,22,0.919,1.06,0.94,15.4,0,SUCCESS
1681.19,0,0,1,12,0.933,0.58,0.97,15.4,0,SUCCESS
1511.44,0,1,1,15,0.938,0.29,0.87,9.8,0,SUCCESS
2404.29,1,0,1,12,0.901,0.3,0.9,7.7,0,SUCCESS
253.05,0,0,2,21,0.896,0.25,0.95,21.6,0,SUCCESS
2296.68,0,0,1,10,0.891,0.9,0.9,5.9,0,SUCCESS
255.12,0,0,1,6,0.904,0.75,0.92,22.6,0,SUCCESS
175.47,0,0,1,22,0.933,0.45,0.95,35.7,1,INSUFFICIENT_FUNDS
608.92,0,0,1,16,0.932,0.6,0.85,18.9,0,SUCCESS
2026.21,1,0,1,13,0.892,0.77,0.91,13.6,0,SUCCESS
4171.96,0,0,1,8,0.901,0.97,0.99,7.0,0,SUCCESS
251.94,0,0,1,7,0.885,1.18,0.85,22.5,0,SUCCESS
489.63,0,0,1,12,0.962,0.92,0.86,7.1,0,SUCCESS
212.46,0,0,1,15,0.984,0.65,1.0,24.2,0,SUCCESS
528.03,0,0,1,20,0.907,1.07,0.89,9.1,0,SUCCESS
651.34,1,2,2,21,0.863,1.21,0.94,31.1,1,NETWORK_FAILURE
471.04,0,0,2,11,0.887,0.95,0.93,14.0,0,SUCCESS
95725.0,3,9,12,1,0.385,4.69,0.06,98.7,1,AUTHENTICATION_FAILURE
1900.72,0,0,1,7,0.904,0.84,0.92,20.8,0,SUCCESS
75998.0,5,7,5,3,0.333,4.38,0.13,97.3,1,DUPLICATE_TRANSACTION
1310.04,0,0,2,15,0.967,0.71,0.91,13.1,0,SUCCESS
356.89,0,0,2,11,0.949,0.41,0.88,7.5,0,SUCCESS
301.27,1,0,1,22,0.931,0.53,1.0,22.3,0,SUCCESS
517.18,0,0,1,18,0.93,0.35,0.99,27.3,1,INSUFFICIENT_FUNDS
2547.49,0,0,1,13,0.883,0.96,0.94,17.5,0,SUCCESS
112.73,1,0,1,7,0.977,0.25,0.86,13.8,0,SUCCESS
398.31,1,0,1,18,0.913,0.44,0.87,22.0,0,SUCCESS
75296.0,3,6,14,1,0.31,7.13,0.17,100.0,1,AUTHENTICATION_FAILURE
9862.33,2,3,3,20,0.772,1.82,0.82,44.4,1,BANK_FAILURE
3748.0,0,0,2,20,0.992,0.91,0.98,24.3,1,INSUFFICIENT_FUNDS
557.51,0,0,1,13,0.976,0.99,0.96,12.0,0,SUCCESS
774.84,0,0,1,6,0.997,0.53,0.99,10.4,0,SUCCESS
8228.97,1,2,2,21,0.917,0.77,0.85,17.3,1,NETWORK_FAILURE
194.31,0,0,1,16,0.908,0.24,0.97,17.3,0,SUCCESS
176.61,0,0,1,15,0.995,0.87,0.88,14.5,0,SUCCESS
1303.65,0,0,1,22,0.973,0.94,0.95,13.5,0,SUCCESS
3130.15,1,0,1,20,0.961,0.8,0.89,5.3,0,SUCCESS
145.99,0,0,1,15,0.925,0.83,0.93,9.6,0,SUCCESS
857.38,1,2,2,13,0.943,1.05,0.87,22.3,1,TIMEOUT
2587.5,0,0,1,21,0.981,0.38,0.91,12.8,0,SUCCESS
913.36,0,0,1,6,0.893,0.48,0.98,16.0,0,SUCCESS
689.13,0,0,2,22,0.979,1.12,0.95,21.4,0,SUCCESS
121.98,0,0,1,10,0.951,0.43,0.99,16.8,0,SUCCESS
496.35,0,0,1,13,0.977,0.36,0.89,18.6,0,SUCCESS
503.86,0,1,2,6,0.901,0.86,1.0,22.4,0,SUCCESS
2424.0,0,0,1,14,0.95,0.55,0.88,17.3,0,SUCCESS
902.58,0,0,1,8,0.943,1.06,0.92,7.6,0,SUCCESS
54.98,0,0,1,6,0.946,0.53,0.88,14.3,0,SUCCESS
175.81,0,0,1,8,0.926,0.67,0.92,10.1,0,SUCCESS
2327.23,0,1,1,14,0.954,1.18,0.87,9.2,0,SUCCESS
1751.84,2,2,2,9,0.891,0.85,0.96,26.9,1,BANK_FAILURE
1394.11,0,0,1,14,0.891,0.31,0.85,7.1,0,SUCCESS
45982.0,3,6,5,1,0.322,6.44,0.29,100.0,1,AUTHENTICATION_FAILURE
502.21,0,0,1,19,0.995,0.5,1.0,17.7,0,SUCCESS
597.94,1,1,2,11,0.885,0.57,0.83,30.8,1,NETWORK_FAILURE
1303.22,0,0,1,14,0.992,0.91,0.9,12.8,0,SUCCESS
1669.23,0,0,1,14,0.961,0.59,0.92,24.8,0,SUCCESS
751.75,2,3,2,14,0.773,0.9,0.7,33.5,1,BANK_FAILURE
1049.77,1,2,2,17,0.849,1.39,0.9,27.0,1,TIMEOUT
169.67,1,0,1,10,0.993,0.79,0.9,17.5,0,SUCCESS
95527.0,4,6,8,1,0.198,7.18,0.06,100.0,1,DUPLICATE_TRANSACTION
2591.3,1,0,1,19,0.918,0.88,0.88,13.4,0,SUCCESS
299.16,0,0,1,10,0.989,1.09,0.99,22.7,0,SUCCESS
58.88,0,0,1,13,0.975,0.98,0.87,23.2,0,SUCCESS
308.74,0,1,1,6,0.998,1.08,0.99,11.9,0,SUCCESS
182.89,0,1,1,12,0.963,0.4,1.0,12.0,0,SUCCESS
3464.89,1,1,1,18,0.813,1.15,0.82,15.1,1,TIMEOUT
112.81,0,0,1,16,0.983,0.45,0.9,29.7,1,INSUFFICIENT_FUNDS
334.26,0,0,1,11,0.973,0.35,0.92,20.5,0,SUCCESS
542.77,0,0,1,14,0.953,0.35,0.97,12.1,0,SUCCESS
445.8,0,0,2,13,0.995,1.05,0.99,16.4,0,SUCCESS
265.85,0,0,1,8,0.963,0.82,0.85,20.0,0,SUCCESS
390.0,3,2,2,16,0.813,0.82,0.93,42.6,1,BANK_FAILURE
1423.37,0,0,1,6,0.962,1.14,0.95,22.4,0,SUCCESS
3262.05,1,2,1,15,0.83,1.04,0.85,29.9,1,NETWORK_FAILURE
950.08,0,1,1,6,0.916,0.74,0.88,8.7,0,SUCCESS
1080.22,0,0,1,16,0.894,0.32,0.93,10.4,0,SUCCESS
646.88,0,0,2,17,0.897,0.3,0.87,16.5,0,SUCCESS
1871.28,0,0,1,18,0.992,0.87,0.89,16.4,0,SUCCESS
749.77,1,0,1,6,0.942,1.06,0.95,8.8,0,SUCCESS
127.11,1,1,2,15,0.882,0.52,0.91,12.5,0,SUCCESS
150341.0,7,5,16,2,0.229,4.35,0.23,94.0,1,AUTHENTICATION_FAILURE
1080.53,0,0,1,20,1.0,0.89,0.9,22.5,0,SUCCESS
1875.38,0,0,1,17,0.978,0.5,0.87,9.5,0,SUCCESS
807.64,0,0,1,19,0.915,0.37,0.96,24.8,0,SUCCESS
1853.97,0,0,1,12,0.909,0.42,0.87,16.0,0,SUCCESS
1772.79,1,2,1,20,0.856,0.83,0.94,22.0,1,NETWORK_FAILURE
335.86,0,0,1,20,0.887,0.65,0.97,12.8,0,SUCCESS
629.59,0,0,1,7,0.888,0.94,0.88,12.9,0,SUCCESS
128.54,0,0,1,10,0.919,0.72,0.95,6.9,0,SUCCESS
1213.5,1,0,2,19,0.972,1.04,0.97,5.3,0,SUCCESS
297.15,1,0,1,7,0.925,1.18,0.95,24.1,0,SUCCESS
45993.0,5,5,12,3,0.396,4.37,0.2,100.0,1,DUPLICATE_TRANSACTION
729.12,0,0,2,21,0.998,0.63,0.94,6.1,0,SUCCESS
2264.79,0,0,1,10,0.913,1.12,0.97,24.6,0,SUCCESS
519.33,0,0,1,14,0.903,0.85,0.86,11.3,0,SUCCESS
243.22,0,1,2,18,0.959,0.92,0.89,6.8,0,SUCCESS
147.34,0,0,1,10,0.954,0.83,0.89,13.3,0,SUCCESS
45960.0,7,4,17,4,0.307,5.8,0.21,97.5,1,DUPLICATE_TRANSACTION
5800.86,1,1,1,15,0.962,0.84,0.98,16.7,0,SUCCESS
2813.02,1,1,1,8,0.971,0.89,0.96,29.5,1,TIMEOUT
122.65,1,0,1,20,0.896,0.86,0.93,28.9,1,INSUFFICIENT_FUNDS
495.86,0,0,1,14,0.924,0.3,0.94,6.9,0,SUCCESS
258.72,1,0,1,21,0.99,0.96,0.97,9.3,0,SUCCESS
416.13,0,0,1,13,0.962,0.73,0.95,9.7,0,SUCCESS
1831.62,3,1,3,18,0.856,1.39,0.78,34.5,1,GATEWAY_FAILURE
1840.58,0,1,1,6,0.913,0.68,0.92,12.8,0,SUCCESS
75108.0,5,4,5,1,0.378,7.78,0.1,100.0,1,AUTHENTICATION_FAILURE
75619.0,3,7,14,1,0.277,3.95,0.09,95.1,1,AUTHENTICATION_FAILURE
1243.47,0,0,2,17,0.957,0.77,0.96,13.4,0,SUCCESS
170.88,1,1,1,14,0.937,0.8,0.86,10.7,0,SUCCESS
798.58,2,1,2,11,0.818,0.66,0.83,31.9,1,NETWORK_FAILURE
701.14,1,1,1,17,0.986,0.77,0.83,16.0,1,TIMEOUT
379.84,1,0,1,18,0.963,1.12,0.91,8.6,0,SUCCESS
451.73,0,0,1,6,0.993,1.05,0.98,23.5,0,SUCCESS
893.46,0,0,1,20,0.975,0.47,0.94,18.4,0,SUCCESS
2014.71,1,2,2,13,0.959,1.26,0.86,17.1,1,NETWORK_FAILURE
336.29,3,2,1,13,0.916,1.59,0.9,28.0,1,BANK_FAILURE
2625.4,1,0,1,19,0.967,0.95,0.91,9.2,0,SUCCESS
1424.92,2,2,2,18,0.833,1.18,0.89,26.8,1,TIMEOUT
150841.0,6,4,13,2,0.091,4.88,0.09,99.8,1,AUTHENTICATION_FAILURE
450.12,0,0,1,21,0.911,0.95,0.96,7.8,0,SUCCESS
2563.95,0,0,1,8,0.976,0.66,0.9,8.2,0,SUCCESS
269.15,0,0,2,15,0.932,0.29,0.99,20.6,0,SUCCESS
295.07,3,2,1,17,0.743,0.82,0.71,35.1,1,BANK_FAILURE
1639.8,0,0,1,22,0.948,0.51,0.88,11.5,0,SUCCESS
1237.23,1,0,1,7,0.996,1.13,0.94,19.7,0,SUCCESS
45808.0,5,6,12,23,0.317,5.52,0.21,100.0,1,AUTHENTICATION_FAILURE
168.48,0,0,2,12,0.901,0.57,0.85,7.7,0,SUCCESS
625.49,3,1,1,12,0.909,1.25,0.94,29.3,1,BANK_FAILURE
521.35,1,0,2,9,0.954,0.62,0.94,20.2,0,SUCCESS
995.8,0,0,1,17,0.911,0.51,0.87,34.8,1,INSUFFICIENT_FUNDS
1688.97,1,1,2,13,0.865,0.69,0.84,29.7,1,NETWORK_FAILURE
1191.66,0,0,1,20,0.955,0.2,0.85,12.8,0,SUCCESS
3088.87,3,2,3,11,0.873,1.43,0.97,28.2,1,BANK_FAILURE
1150.55,0,0,1,12,0.93,1.15,0.97,14.6,0,SUCCESS
2116.69,1,2,1,8,0.811,1.2,0.81,31.3,1,NETWORK_FAILURE
95350.0,7,9,15,3,0.259,5.08,0.23,97.2,1,AUTHENTICATION_FAILURE
117.51,0,0,1,10,1.0,0.38,1.0,12.5,0,SUCCESS
317.25,0,0,1,15,0.898,0.75,0.87,17.2,0,SUCCESS
3297.32,1,0,1,17,0.918,0.35,0.97,17.0,0,SUCCESS
175.97,1,0,2,17,0.901,0.57,0.91,25.4,1,INSUFFICIENT_FUNDS
1331.71,0,0,1,8,0.963,1.16,0.92,15.5,0,SUCCESS
378.03,0,0,2,14,0.997,0.99,0.93,24.1,0,SUCCESS
567.65,3,2,2,9,0.901,1.6,0.74,31.9,1,BANK_FAILURE
844.41,2,1,1,18,0.822,1.15,0.97,33.6,1,TIMEOUT
4364.71,0,0,1,13,0.982,0.6,0.96,15.6,0,SUCCESS
2165.55,0,0,1,19,0.887,0.76,0.88,24.3,0,SUCCESS
947.3,0,0,2,6,0.989,0.82,0.9,10.9,0,SUCCESS
884.57,1,0,1,19,0.946,0.69,0.87,6.7,0,SUCCESS
546.83,0,0,1,7,0.994,0.98,0.95,15.4,0,SUCCESS
95511.0,6,6,6,4,0.223,8.31,0.32,100.0,1,AUTHENTICATION_FAILURE
4012.48,1,2,1,17,0.961,1.36,0.92,26.5,1,TIMEOUT
2061.75,0,0,1,13,0.987,0.75,1.0,24.9,0,SUCCESS
197.7,0,0,1,8,0.981,0.58,0.93,23.8,0,SUCCESS
1421.04,0,0,1,18,0.906,0.63,0.99,13.6,0,SUCCESS
581.49,0,0,1,20,0.956,1.0,0.92,21.3,0,SUCCESS
964.56,0,0,1,10,0.887,0.37,0.89,10.7,0,SUCCESS
95559.0,3,4,10,4,0.143,5.21,0.21,97.0,1,DUPLICATE_TRANSACTION
2638.88,0,0,1,18,0.933,1.05,0.94,10.8,0,SUCCESS
704.25,0,0,2,20,0.997,1.09,0.9,25.0,0,SUCCESS
53.21,0,0,1,13,0.886,0.38,0.95,7.7,0,SUCCESS
95705.0,5,9,17,1,0.226,8.59,0.29,100.0,1,AUTHENTICATION_FAILURE
4887.63,1,0,1,11,0.899,0.83,0.86,10.9,0,SUCCESS
6500.79,3,3,2,19,0.93,1.21,0.95,43.9,1,BANK_FAILURE
56.38,0,0,1,20,0.917,0.98,0.93,21.6,0,SUCCESS
75198.0,3,7,5,2,0.104,3.69,0.35,93.8,1,AUTHENTICATION_FAILURE
1067.57,0,1,1,21,0.882,1.15,0.91,5.2,0,SUCCESS
1451.16,0,0,1,21,0.978,0.82,1.0,19.7,0,SUCCESS
340.77,0,0,1,8,0.969,0.38,0.99,17.8,0,SUCCESS
3478.72,2,2,1,11,0.986,1.08,0.97,34.1,1,NETWORK_FAILURE
1399.03,0,0,2,16,0.88,0.24,0.88,8.7,0,SUCCESS
401.86,0,0,1,15,0.911,0.68,0.89,11.5,0,SUCCESS
410.96,0,0,1,8,0.944,0.64,0.95,21.6,0,SUCCESS
718.7,0,0,2,14,0.994,1.04,0.91,17.9,0,SUCCESS
282.86,1,0,1,11,0.998,0.72,0.99,13.1,0,SUCCESS
95678.0,4,6,16,4,0.146,3.68,0.3,92.5,1,AUTHENTICATION_FAILURE
150893.0,7,7,12,1,0.177,6.81,0.23,100.0,1,DUPLICATE_TRANSACTION
3002.84,1,0,1,22,0.944,1.08,0.99,7.0,0,SUCCESS
670.04,1,2,2,17,0.932,0.75,0.87,18.8,1,TIMEOUT
2377.03,1,1,1,20,0.916,1.02,0.9,7.0,0,SUCCESS
1751.96,1,0,1,11,0.928,0.39,0.9,8.4,0,SUCCESS
183.87,0,0,1,18,0.895,0.96,0.88,24.5,0,SUCCESS
113.19,0,0,1,18,0.905,0.5,0.88,20.5,0,SUCCESS
3267.01,2,1,3,14,0.927,1.96,0.75,29.5,1,BANK_FAILURE
943.92,0,0,1,8,0.891,0.68,0.96,16.3,0,SUCCESS
311.43,0,1,1,15,0.995,0.41,0.95,5.9,0,SUCCESS
131.47,0,0,1,14,0.94,0.56,0.88,22.3,0,SUCCESS
650.54,0,0,2,17,0.904,0.87,0.88,17.3,0,SUCCESS
686.15,0,0,1,6,0.999,1.14,0.85,35.9,1,INSUFFICIENT_FUNDS
131.57,1,0,1,12,0.937,0.54,0.99,32.5,1,INSUFFICIENT_FUNDS
978.75,1,0,1,7,0.993,0.81,0.96,20.2,0,SUCCESS
414.9,1,1,1,9,0.916,0.63,0.86,7.0,0,SUCCESS
811.38,0,1,1,11,0.895,1.11,0.87,15.8,0,SUCCESS
1128.04,1,0,1,12,0.905,0.74,0.97,15.7,0,SUCCESS
2911.67,0,0,1,7,0.947,0.89,0.93,13.7,0,SUCCESS
636.92,1,0,2,10,0.955,0.75,0.99,8.7,0,SUCCESS
568.3,0,0,1,14,0.893,0.39,0.93,22.0,0,SUCCESS
582.7,1,2,2,21,0.982,1.34,0.87,16.5,1,NETWORK_FAILURE
1058.47,0,1,1,11,0.89,0.52,0.99,8.1,0,SUCCESS
2541.83,1,1,1,8,0.819,0.81,0.9,19.6,1,NETWORK_FAILURE
95151.0,5,9,17,4,0.286,4.44,0.11,100.0,1,AUTHENTICATION_FAILURE
88.29,1,0,1,7,0.905,0.4,0.99,20.2,0,SUCCESS
1478.78,0,0,1,13,0.894,1.07,0.85,12.8,0,SUCCESS
962.98,3,2,2,15,0.913,1.52,0.74,39.5,1,BANK_FAILURE
731.28,2,1,1,12,0.944,1.95,0.77,27.0,1,GATEWAY_FAILURE
387.9,1,2,2,12,0.928,0.84,0.83,26.6,1,NETWORK_FAILURE
842.24,0,0,1,13,0.933,0.54,0.89,9.2,0,SUCCESS
419.68,0,0,1,11,0.994,0.33,0.86,13.3,0,SUCCESS
308.75,1,0,1,7,0.966,0.78,0.99,5.4,0,SUCCESS
1659.29,0,0,2,17,0.998,0.63,0.95,24.4,0,SUCCESS
226.7,0,0,1,8,0.918,0.74,0.95,13.4,0,SUCCESS
4960.64,3,1,1,17,0.855,1.08,0.86,44.1,1,BANK_FAILURE
2583.97,0,0,1,20,0.915,0.43,0.93,7.3,0,SUCCESS
1005.28,0,0,1,19,0.919,0.42,1.0,19.5,0,SUCCESS
873.45,1,2,1,16,0.841,1.04,0.97,27.3,1,TIMEOUT
1254.45,0,0,1,9,0.901,0.66,0.85,7.8,0,SUCCESS
1412.0,1,0,1,21,0.894,0.43,0.86,13.7,0,SUCCESS
487.02,1,1,2,17,0.77,1.61,0.96,32.0,1,BANK_FAILURE
528.0,0,0,1,11,0.939,0.5,0.9,24.2,0,SUCCESS
291.09,0,1,2,12,0.958,0.24,0.88,22.9,0,SUCCESS
3403.14,0,0,2,21,0.917,0.59,0.9,21.7,0,SUCCESS
263.4,1,1,2,16,0.809,1.45,0.76,33.6,1,BANK_FAILURE
884.87,0,0,1,7,0.911,1.07,0.95,5.4,0,SUCCESS
45865.0,6,8,11,2,0.355,5.14,0.13,99.7,1,DUPLICATE_TRANSACTION
1250.79,2,1,1,14,0.701,1.55,0.86,35.7,1,BANK_FAILURE
1898.39,0,0,1,14,0.954,0.66,0.94,23.0,0,SUCCESS
4253.9,0,0,1,10,0.92,0.73,0.95,6.6,0,SUCCESS
1853.45,1,3,1,12,0.919,1.64,0.88,39.7,1,GATEWAY_FAILURE
595.82,0,0,1,12,0.908,1.09,0.86,8.5,0,SUCCESS
75500.0,4,4,14,4,0.396,7.12,0.16,100.0,1,DUPLICATE_TRANSACTION
75604.0,4,4,11,4,0.174,8.73,0.24,100.0,1,AUTHENTICATION_FAILURE
1492.84,0,0,1,11,0.889,0.93,0.93,19.0,0,SUCCESS
826.45,0,0,1,20,0.914,0.93,0.89,19.3,0,SUCCESS
75472.0,4,8,16,2,0.122,7.27,0.22,100.0,1,DUPLICATE_TRANSACTION
2846.52,0,0,2,13,0.942,0.59,0.99,11.7,0,SUCCESS
1858.05,0,1,1,14,0.927,0.93,0.88,12.5,0,SUCCESS
58.71,1,0,1,13,0.987,0.59,0.94,21.6,0,SUCCESS
299.49,0,0,1,12,0.952,1.09,0.88,13.4,0,SUCCESS
2195.59,0,0,2,16,0.893,1.19,0.89,24.5,0,SUCCESS
290.85,0,0,1,8,0.968,0.52,0.9,9.2,0,SUCCESS
756.89,1,0,1,9,0.908,0.64,0.87,16.9,0,SUCCESS
395.09,0,0,1,12,0.926,0.7,0.88,22.5,0,SUCCESS
1068.11,0,0,2,7,0.984,0.89,0.85,17.3,0,SUCCESS
167.09,0,0,1,21,0.893,0.42,0.89,9.8,0,SUCCESS
874.84,1,0,2,14,0.983,0.37,0.89,13.9,0,SUCCESS
1543.79,0,1,1,22,0.991,0.29,0.91,19.2,0,SUCCESS
560.1,1,1,2,18,0.811,0.62,0.99,26.0,1,TIMEOUT
1958.6,0,0,1,12,0.951,0.69,0.99,20.0,0,SUCCESS
3428.36,2,1,3,19,0.817,1.91,0.77,30.4,1,BANK_FAILURE
684.9,1,0,1,15,0.896,1.06,0.93,22.2,0,SUCCESS
4596.64,3,3,2,17,0.801,1.27,0.78,34.2,1,BANK_FAILURE
397.04,0,0,1,16,0.976,1.03,0.9,14.4,0,SUCCESS
2533.05,0,0,2,7,0.991,0.86,0.98,19.3,0,SUCCESS
217.89,0,0,2,6,0.983,0.3,0.9,15.8,0,SUCCESS
2050.05,0,0,1,20,0.988,0.25,0.87,17.0,0,SUCCESS
1207.36,0,0,1,15,0.888,0.56,0.94,16.1,0,SUCCESS
1032.51,1,1,2,14,0.887,1.45,0.97,17.9,1,NETWORK_FAILURE
85.28,0,0,1,16,0.958,0.86,0.94,7.0,0,SUCCESS
6448.94,0,0,1,11,0.961,0.35,0.87,9.1,0,SUCCESS
1795.58,0,0,1,7,0.883,1.14,0.88,5.2,0,SUCCESS
373.8,0,0,1,17,0.979,1.17,0.86,8.1,0,SUCCESS
299.31,2,1,1,11,0.868,0.56,0.93,26.4,1,NETWORK_FAILURE
192.76,0,0,1,11,0.939,0.22,0.87,12.6,0,SUCCESS
1430.39,0,0,1,7,0.917,1.09,0.89,19.9,0,SUCCESS
5595.2,1,0,1,17,0.939,0.95,0.87,13.5,0,SUCCESS
70.53,0,0,2,12,0.938,0.5,0.98,17.0,0,SUCCESS
1662.53,2,2,3,16,0.745,0.94,0.74,38.2,1,GATEWAY_FAILURE
1348.67,0,1,1,21,0.934,0.81,0.95,15.3,0,SUCCESS
1261.08,2,1,1,11,0.922,1.11,0.94,27.9,1,TIMEOUT
929.12,1,0,1,19,0.996,0.34,0.98,10.7,0,SUCCESS
1122.94,0,0,1,9,0.947,0.92,0.91,11.4,0,SUCCESS
2348.44,0,0,1,12,0.91,0.81,0.95,14.4,0,SUCCESS
3861.57,2,2,1,16,0.97,1.36,0.83,15.5,1,NETWORK_FAILURE
268.73,1,2,2,13,0.906,0.87,0.98,24.1,1,TIMEOUT
75229.0,5,4,6,3,0.237,5.16,0.14,99.7,1,AUTHENTICATION_FAILURE
49.77,0,0,1,21,0.915,0.99,0.92,5.8,0,SUCCESS
1776.73,0,0,1,19,0.949,0.67,0.92,21.2,0,SUCCESS
548.85,0,0,1,10,0.895,1.15,0.96,19.8,0,SUCCESS
879.35,0,0,1,13,0.893,0.76,0.89,24.5,0,SUCCESS
1959.98,0,0,1,21,0.88,1.09,0.9,11.2,0,SUCCESS
359.66,0,0,1,13,0.906,1.11,0.98,7.0,0,SUCCESS
535.38,1,1,2,12,0.937,1.94,0.98,41.2,1,BANK_FAILURE
299.18,0,0,1,19,0.892,1.13,0.93,10.0,0,SUCCESS
45269.0,7,9,8,3,0.34,4.4,0.31,94.1,1,AUTHENTICATION_FAILURE
150.19,0,0,1,10,0.962,1.14,0.95,12.3,0,SUCCESS
765.27,0,0,1,18,0.968,0.41,0.86,10.5,0,SUCCESS
392.46,0,0,2,6,0.918,0.35,0.99,6.5,0,SUCCESS
169.85,1,0,2,12,0.978,0.97,0.99,7.8,0,SUCCESS
947.1,2,2,1,12,0.893,0.53,0.94,22.8,1,TIMEOUT
2043.66,2,2,3,20,0.76,1.12,0.79,27.1,1,GATEWAY_FAILURE
1482.7,0,0,1,22,0.964,1.2,0.85,12.1,0,SUCCESS
692.88,2,1,1,8,0.935,0.58,0.95,28.9,1,NETWORK_FAILURE
618.76,2,1,2,16,0.945,1.38,0.97,34.3,1,NETWORK_FAILURE
1093.96,0,0,1,19,0.997,0.79,0.98,5.2,0,SUCCESS
93.78,0,0,1,17,0.976,0.33,0.91,10.4,0,SUCCESS
462.8,0,0,1,15,0.913,1.11,0.92,13.5,0,SUCCESS
4888.69,3,2,2,20,0.731,1.02,0.97,41.8,1,GATEWAY_FAILURE
982.54,2,1,2,19,0.84,0.56,0.91,17.9,1,TIMEOUT
297.9,0,0,2,9,0.928,0.34,0.95,24.9,0,SUCCESS
653.32,0,0,2,15,0.894,0.3,0.96,9.4,0,SUCCESS
83.2,0,0,1,17,0.941,0.48,0.87,13.5,0,SUCCESS
217.51,0,0,1,13,0.935,0.73,0.87,7.8,0,SUCCESS
1099.8,0,0,2,15,0.929,0.8,0.87,9.2,0,SUCCESS
448.02,0,1,1,7,0.943,0.61,0.9,10.9,0,SUCCESS
487.0,0,0,1,13,0.96,1.0,0.89,17.4,0,SUCCESS
788.57,0,0,2,13,0.917,0.84,0.98,13.0,0,SUCCESS
131.73,0,1,1,6,0.989,0.46,0.89,13.3,0,SUCCESS
229.2,0,0,2,11,0.959,0.3,0.89,23.4,0,SUCCESS
1379.19,0,0,1,11,0.885,0.22,0.92,10.1,0,SUCCESS
3024.98,1,2,1,11,0.849,0.95,0.97,27.5,1,BANK_FAILURE
402.06,0,1,1,10,0.966,0.9,0.92,15.4,0,SUCCESS
920.62,0,0,1,13,0.886,0.91,0.94,9.0,0,SUCCESS
150727.0,3,6,13,23,0.315,5.34,0.16,100.0,1,AUTHENTICATION_FAILURE
336.45,0,0,1,16,0.921,0.95,0.94,13.3,0,SUCCESS
4063.43,0,0,2,10,0.887,0.94,0.85,18.0,0,SUCCESS
45421.0,3,5,7,3,0.267,5.07,0.33,100.0,1,DUPLICATE_TRANSACTION
383.55,0,0,2,7,0.891,0.41,0.89,23.4,0,SUCCESS
146.59,0,0,1,13,0.921,0.39,0.98,19.1,0,SUCCESS
157.89,0,0,1,6,0.974,1.16,0.96,6.6,0,SUCCESS
665.84,0,0,1,15,0.941,0.56,0.97,24.5,0,SUCCESS
150623.0,3,5,8,3,0.29,7.27,0.06,100.0,1,AUTHENTICATION_FAILURE
544.18,0,1,1,9,0.971,0.85,0.91,17.2,0,SUCCESS
98.23,0,0,1,19,0.904,0.31,0.98,10.2,0,SUCCESS
150642.0,4,4,11,3,0.345,4.23,0.25,97.6,1,AUTHENTICATION_FAILURE
86.66,0,0,1,11,0.903,0.56,0.98,13.5,0,SUCCESS
3016.92,1,0,1,15,0.914,1.11,0.93,10.4,0,SUCCESS
1143.94,0,1,1,13,0.975,1.12,0.91,16.9,0,SUCCESS
882.45,1,0,1,8,0.998,1.13,0.96,18.9,0,SUCCESS
541.9,0,0,1,20,0.905,1.14,0.85,24.3,0,SUCCESS
242.98,0,0,1,19,0.949,0.38,0.94,15.8,0,SUCCESS
866.24,0,0,2,15,0.959,0.22,0.86,7.0,0,SUCCESS
700.59,0,0,1,15,0.903,0.52,0.91,16.9,0,SUCCESS
2437.36,0,0,2,19,0.943,0.33,0.85,8.1,0,SUCCESS
1231.94,0,0,1,14,0.903,0.54,0.86,8.8,0,SUCCESS
95520.0,3,8,12,23,0.242,4.6,0.06,100.0,1,AUTHENTICATION_FAILURE
1225.82,1,1,2,9,0.96,0.65,0.98,24.0,1,NETWORK_FAILURE
1006.69,1,0,1,18,0.986,1.16,0.9,21.0,0,SUCCESS
332.85,1,0,1,13,0.913,1.06,0.94,5.0,0,SUCCESS
4242.97,1,3,3,10,0.841,1.02,0.92,44.4,1,BANK_FAILURE
534.18,2,2,2,13,0.942,0.78,0.8,25.8,1,TIMEOUT
3813.77,0,0,1,22,0.93,1.17,0.95,19.4,0,SUCCESS
1587.85,2,2,1,16,0.97,1.2,0.95,20.8,1,TIMEOUT
482.99,0,0,2,8,0.967,0.22,0.89,17.8,0,SUCCESS
295.88,0,0,1,16,0.952,0.39,0.93,10.6,0,SUCCESS
517.93,0,0,1,15,0.888,1.19,0.85,18.2,0,SUCCESS
934.17,1,1,1,11,0.928,1.23,0.94,17.3,1,TIMEOUT
1332.66,0,0,1,9,0.971,0.72,0.89,10.0,0,SUCCESS
1756.22,0,0,2,18,0.917,0.52,0.86,18.7,0,SUCCESS
1055.71,0,1,1,11,0.968,0.76,0.88,15.2,0,SUCCESS
931.85,1,0,1,21,0.959,0.49,0.87,8.1,0,SUCCESS
1934.93,1,1,2,17,0.832,1.26,0.97,32.6,1,TIMEOUT
1169.22,0,0,1,15,0.96,0.9,0.95,12.7,0,SUCCESS
1426.97,1,0,1,22,0.92,1.14,0.85,12.0,0,SUCCESS
354.02,2,1,2,11,0.974,1.28,1.0,19.3,1,TIMEOUT
150176.0,3,9,9,1,0.398,6.81,0.34,100.0,1,DUPLICATE_TRANSACTION
784.04,1,0,1,12,0.932,0.66,1.0,10.9,0,SUCCESS
1875.68,1,1,1,17,0.893,1.31,0.82,16.4,1,TIMEOUT
249.16,0,0,1,19,0.908,0.74,0.88,7.9,0,SUCCESS
1070.54,0,0,1,19,0.957,0.66,0.98,23.5,0,SUCCESS
77.91,0,0,1,16,0.886,1.08,0.98,15.5,0,SUCCESS
75337.0,5,6,8,1,0.35,6.53,0.17,100.0,1,AUTHENTICATION_FAILURE
10051.96,2,3,3,17,0.85,1.63,0.89,39.1,1,BANK_FAILURE
513.58,0,0,1,14,0.951,0.52,0.9,20.2,0,SUCCESS
1097.81,0,0,2,9,0.913,0.71,0.88,21.1,0,SUCCESS
2680.74,0,0,2,21,0.986,0.44,0.86,13.8,0,SUCCESS
1402.89,0,0,2,12,0.942,0.63,0.98,13.6,0,SUCCESS
45475.0,6,6,19,4,0.154,8.72,0.1,100.0,1,DUPLICATE_TRANSACTION
1562.39,3,3,2,12,0.88,1.07,0.75,41.7,1,GATEWAY_FAILURE
581.97,0,0,1,22,0.917,0.7,0.91,8.4,0,SUCCESS
581.07,0,0,1,6,0.963,0.71,0.93,19.9,0,SUCCESS
610.36,1,2,2,10,0.805,0.64,0.91,29.8,1,TIMEOUT
975.35,1,0,2,20,0.983,0.98,0.89,20.4,0,SUCCESS
64.27,0,0,1,12,0.925,0.38,0.86,9.5,0,SUCCESS
964.35,0,0,1,8,0.94,0.9,0.87,18.0,0,SUCCESS
154.43,1,0,1,21,0.932,0.7,0.98,21.1,0,SUCCESS
1264.1,0,0,1,6,0.961,1.02,0.93,15.5,0,SUCCESS
1594.25,0,0,2,16,0.963,1.13,0.96,5.7,0,SUCCESS
618.56,0,1,1,19,0.995,0.57,0.98,22.3,0,SUCCESS
335.83,1,2,2,13,0.913,1.04,0.93,29.8,1,TIMEOUT
746.67,0,0,1,6,0.917,1.16,0.94,24.8,0,SUCCESS
608.15,0,0,1,20,0.919,0.38,0.87,23.9,0,SUCCESS
5243.02,0,1,1,15,0.898,0.62,0.88,12.3,0,SUCCESS
214.87,0,0,1,12,0.975,0.29,0.86,21.0,0,SUCCESS
409.33,0,0,1,17,0.933,0.22,0.86,21.5,0,SUCCESS
45723.0,6,5,10,1,0.14,7.66,0.28,100.0,1,AUTHENTICATION_FAILURE
3667.59,1,0,1,10,0.965,0.96,0.93,23.5,0,SUCCESS
2140.83,0,1,1,7,0.974,0.65,0.92,8.7,0,SUCCESS
1346.73,0,0,2,13,0.916,0.35,0.97,21.7,0,SUCCESS
3131.54,1,2,1,10,0.858,0.51,0.97,16.7,1,NETWORK_FAILURE
1244.55,0,1,2,18,0.943,1.13,0.85,20.5,0,SUCCESS
113.15,0,1,1,17,0.916,1.1,0.94,9.1,0,SUCCESS
413.79,0,0,1,16,0.885,0.81,0.97,13.8,0,SUCCESS
1019.49,0,0,1,17,0.893,0.81,0.92,6.2,0,SUCCESS
993.43,0,0,2,18,0.955,1.17,0.88,24.0,0,SUCCESS
976.51,0,0,1,18,0.939,0.83,0.88,5.2,0,SUCCESS
556.3,0,0,1,11,0.946,0.29,1.0,22.9,0,SUCCESS
74.57,1,0,1,19,0.99,0.55,0.96,13.8,0,SUCCESS
1326.86,1,0,2,9,0.919,0.62,0.87,21.6,0,SUCCESS
870.81,1,1,2,17,0.894,1.04,0.99,32.7,1,NETWORK_FAILURE
271.82,0,0,2,11,0.901,1.06,0.93,13.2,0,SUCCESS
1154.73,0,0,2,19,0.885,1.2,0.9,6.2,0,SUCCESS
2344.27,0,0,1,21,0.921,0.51,0.99,16.7,0,SUCCESS
75694.0,5,5,16,4,0.187,6.38,0.32,100.0,1,DUPLICATE_TRANSACTION
413.84,1,0,1,22,0.947,0.21,0.91,6.5,0,SUCCESS
1034.23,1,1,1,16,0.84,0.83,0.97,29.9,1,TIMEOUT
345.68,0,0,1,14,0.918,0.88,0.99,17.8,0,SUCCESS
1720.53,0,0,2,12,0.92,0.21,0.86,10.6,0,SUCCESS
1452.65,0,0,1,6,0.986,0.56,0.99,17.6,0,SUCCESS
4995.82,1,2,1,21,0.844,0.89,0.83,24.9,1,TIMEOUT
95872.0,6,8,10,23,0.158,5.56,0.19,100.0,1,DUPLICATE_TRANSACTION
917.26,1,0,2,8,0.923,1.03,0.92,15.5,0,SUCCESS
4900.06,0,0,1,21,0.957,0.97,0.95,16.8,0,SUCCESS
361.72,0,0,1,10,0.92,1.12,0.95,10.6,0,SUCCESS
817.5,0,0,1,11,0.92,0.73,0.95,20.1,0,SUCCESS
278.24,0,0,1,8,0.917,0.33,0.96,22.0,0,SUCCESS
405.48,0,0,2,17,0.94,0.73,0.95,5.8,0,SUCCESS
1582.91,0,0,2,15,0.971,0.8,0.9,8.7,0,SUCCESS
75495.0,5,4,12,1,0.194,4.51,0.33,96.6,1,AUTHENTICATION_FAILURE
2344.54,0,0,1,13,0.9,0.36,0.87,8.6,0,SUCCESS
320.81,0,0,1,19,0.936,0.62,0.97,12.1,0,SUCCESS
4907.01,0,0,2,15,0.983,0.33,0.98,16.9,0,SUCCESS
150557.0,6,6,7,4,0.378,8.94,0.17,100.0,1,DUPLICATE_TRANSACTION
95324.0,6,4,13,1,0.319,8.19,0.28,100.0,1,AUTHENTICATION_FAILURE
914.77,0,0,2,21,0.927,1.04,0.95,19.0,0,SUCCESS
970.28,0,0,1,18,0.882,1.18,0.86,23.0,0,SUCCESS
499.48,0,0,1,8,0.922,0.57,0.98,14.3,0,SUCCESS
920.11,0,0,1,14,0.913,0.86,0.87,22.6,0,SUCCESS
1861.61,0,0,1,18,0.918,0.71,0.89,22.3,0,SUCCESS
75718.0,6,9,5,23,0.319,7.67,0.24,100.0,1,AUTHENTICATION_FAILURE
150504.0,7,5,17,23,0.126,6.48,0.16,100.0,1,AUTHENTICATION_FAILURE
824.04,0,0,1,10,0.883,0.22,0.93,14.7,0,SUCCESS
751.21,0,0,1,14,0.975,0.53,0.93,7.7,0,SUCCESS
1490.8,1,1,2,11,0.923,0.89,0.9,32.5,1,NETWORK_FAILURE
437.3,1,3,2,10,0.709,1.02,0.91,33.1,1,BANK_FAILURE
2520.76,0,0,1,16,0.883,0.92,0.87,20.8,0,SUCCESS
269.86,0,0,1,16,0.886,0.88,0.97,24.2,0,SUCCESS
255.09,0,0,1,12,0.981,1.01,0.94,10.4,0,SUCCESS
449.95,1,0,2,12,0.904,0.84,1.0,5.2,0,SUCCESS
983.24,0,0,1,11,0.922,0.87,0.91,10.1,0,SUCCESS
660.26,0,0,1,17,0.887,0.61,0.86,16.0,0,SUCCESS
489.58,0,0,1,7,0.999,0.64,0.86,24.1,0,SUCCESS
1939.4,0,0,2,10,0.954,0.3,0.9,10.0,0,SUCCESS
3014.44,0,0,1,19,0.898,0.31,0.93,16.1,0,SUCCESS
75259.0,7,8,13,2,0.103,5.21,0.29,98.9,1,DUPLICATE_TRANSACTION
299.13,1,1,1,11,0.923,1.09,0.94,21.1,0,SUCCESS
718.15,0,0,2,17,0.983,1.12,0.99,24.0,0,SUCCESS
2264.02,0,0,1,13,0.909,0.4,0.93,15.7,0,SUCCESS
744.4,0,0,1,11,0.897,1.03,0.96,15.0,0,SUCCESS
45274.0,3,4,18,3,0.192,8.59,0.16,100.0,1,DUPLICATE_TRANSACTION
4839.67,0,0,2,18,0.938,0.42,0.93,23.9,0,SUCCESS
681.98,0,0,1,19,0.997,1.03,0.95,19.7,0,SUCCESS
3356.74,0,0,1,18,0.988,1.16,0.98,16.6,0,SUCCESS
754.69,0,0,1,6,0.993,1.09,0.93,15.7,0,SUCCESS
492.4,1,1,1,14,0.924,0.83,0.95,9.2,0,SUCCESS
2225.36,0,0,1,16,0.997,0.59,0.99,9.5,0,SUCCESS
476.54,1,1,1,19,0.814,1.06,0.86,31.6,1,TIMEOUT
2105.47,2,2,2,13,0.892,1.0,0.85,26.8,1,TIMEOUT
751.84,0,1,1,13,0.924,0.22,0.93,11.7,0,SUCCESS
50.58,0,1,1,21,0.975,1.02,0.88,14.6,0,SUCCESS
1808.35,2,1,1,9,0.813,1.42,0.93,33.6,1,BANK_FAILURE
1500.18,0,0,1,16,0.992,0.94,0.93,22.7,0,SUCCESS
1363.34,0,0,1,21,0.908,0.78,0.97,20.7,0,SUCCESS
593.01,0,0,1,10,0.906,0.79,0.86,19.3,0,SUCCESS
2285.08,1,1,2,13,0.895,1.15,0.84,23.3,1,TIMEOUT
3669.36,1,1,2,13,0.86,0.65,0.86,19.7,1,NETWORK_FAILURE
3135.03,0,0,1,22,0.93,0.32,0.91,8.9,0,SUCCESS
693.52,0,0,1,12,0.973,0.81,0.85,23.6,0,SUCCESS
75495.0,3,4,13,23,0.253,6.07,0.18,100.0,1,AUTHENTICATION_FAILURE
1587.79,3,3,1,16,0.723,1.75,0.72,26.4,1,BANK_FAILURE
974.03,0,0,1,18,0.881,0.62,0.87,8.2,0,SUCCESS
150100.0,5,5,6,1,0.227,3.68,0.07,95.7,1,AUTHENTICATION_FAILURE
991.05,0,0,1,12,0.991,0.53,0.97,9.9,0,SUCCESS
1378.56,0,0,1,18,0.961,0.79,0.94,6.3,0,SUCCESS
392.74,0,0,2,9,0.912,1.14,0.92,7.6,0,SUCCESS
729.25,1,0,1,19,0.926,1.13,0.95,23.3,0,SUCCESS
2200.11,0,0,1,21,0.971,0.69,0.88,7.5,0,SUCCESS
860.76,2,2,2,8,0.809,0.94,0.89,21.0,1,TIMEOUT
2267.8,1,3,1,13,0.918,1.2,0.74,41.2,1,BANK_FAILURE
2116.26,2,2,2,15,0.876,1.44,0.92,18.2,1,TIMEOUT
885.94,0,0,2,8,0.92,0.61,0.94,25.0,0,SUCCESS
864.08,0,0,2,13,0.9,0.24,0.93,15.9,0,SUCCESS
324.65,0,0,1,11,0.897,0.53,0.92,15.7,0,SUCCESS
907.0,0,0,1,9,0.971,0.65,0.97,20.4,0,SUCCESS
1371.26,0,0,2,6,0.95,0.68,0.93,9.0,0,SUCCESS
998.88,1,0,2,11,0.901,0.25,0.95,10.0,0,SUCCESS
879.99,0,0,2,18,0.904,1.12,0.92,19.9,0,SUCCESS
2129.63,3,3,2,17,0.939,1.72,0.87,44.8,1,BANK_FAILURE
419.0,1,0,1,20,0.984,1.05,0.93,19.1,0,SUCCESS
305.95,0,0,1,14,0.964,0.57,0.88,23.5,0,SUCCESS
180.24,0,0,1,13,0.918,0.47,0.95,9.6,0,SUCCESS
6353.24,1,1,3,11,0.882,1.62,0.95,29.6,1,BANK_FAILURE
156.98,0,0,1,12,0.984,0.61,0.93,5.4,0,SUCCESS
256.22,0,0,1,8,0.966,0.78,0.87,13.9,0,SUCCESS
575.38,0,1,1,11,0.984,0.98,0.86,22.8,0,SUCCESS
814.86,1,0,2,9,0.897,0.87,0.89,13.8,0,SUCCESS
69.41,0,0,1,12,0.891,0.44,0.87,18.8,0,SUCCESS
84.36,0,0,2,15,0.938,0.57,0.91,15.1,0,SUCCESS
243.84,2,2,2,14,0.843,0.78,0.84,33.0,1,NETWORK_FAILURE
271.2,0,1,1,14,0.96,0.67,0.91,22.1,1,INSUFFICIENT_FUNDS
604.72,2,2,2,11,0.826,1.1,0.87,19.5,1,TIMEOUT
1273.21,0,1,1,20,0.992,1.16,0.98,21.9,0,SUCCESS
173.66,0,0,1,20,0.887,0.39,0.93,22.3,0,SUCCESS
2621.71,0,0,1,7,0.895,0.67,0.93,13.9,0,SUCCESS
135.42,0,0,1,22,0.988,0.21,0.88,21.5,0,SUCCESS
1381.51,0,0,2,15,0.893,0.52,0.88,13.2,0,SUCCESS
191.05,0,0,1,19,0.922,0.42,0.95,24.0,0,SUCCESS
327.49,0,1,1,6,0.921,0.47,1.0,23.2,0,SUCCESS
150854.0,4,8,10,23,0.191,5.24,0.33,100.0,1,AUTHENTICATION_FAILURE
194.88,0,0,2,20,0.965,0.62,0.95,25.0,0,SUCCESS
1535.04,0,0,2,11,0.887,0.57,0.86,16.9,0,SUCCESS
1299.41,0,0,1,17,0.939,0.63,0.91,13.6,0,SUCCESS
4175.22,1,0,1,18,0.933,0.73,0.92,14.9,0,SUCCESS
474.59,0,0,1,18,0.97,0.58,0.98,12.7,0,SUCCESS
565.64,0,0,2,9,0.938,1.01,0.97,23.5,0,SUCCESS
75307.0,5,8,19,4,0.246,4.41,0.13,99.3,1,AUTHENTICATION_FAILURE
75844.0,3,5,11,23,0.319,7.45,0.06,100.0,1,DUPLICATE_TRANSACTION
1035.42,1,0,1,16,0.909,0.45,0.91,21.4,0,SUCCESS
2977.27,0,0,2,9,0.953,0.29,0.85,5.3,0,SUCCESS
677.17,0,1,1,9,0.928,1.0,0.96,7.7,0,SUCCESS
160.22,0,0,1,16,0.944,1.06,0.86,15.5,0,SUCCESS
979.34,0,0,1,15,0.892,0.44,0.91,22.3,0,SUCCESS
75812.0,3,5,12,4,0.067,4.31,0.15,100.0,1,DUPLICATE_TRANSACTION
95474.0,5,6,11,23,0.186,8.99,0.34,100.0,1,DUPLICATE_TRANSACTION
4689.75,0,0,1,11,0.933,0.22,1.0,15.9,0,SUCCESS
819.1,0,0,1,20,0.966,0.62,0.86,21.2,0,SUCCESS
3711.58,0,0,1,16,0.913,0.23,0.93,8.9,0,SUCCESS
1750.82,0,0,2,19,0.991,0.98,0.88,21.0,0,SUCCESS
1280.79,0,0,2,20,0.94,0.85,0.98,23.7,0,SUCCESS
507.24,0,0,1,19,0.954,0.43,0.86,5.0,0,SUCCESS
1173.77,0,0,1,20,0.99,0.43,0.97,17.5,0,SUCCESS
400.5,2,1,1,17,0.856,1.12,0.88,22.9,1,TIMEOUT
45285.0,7,9,5,23,0.362,7.44,0.35,100.0,1,DUPLICATE_TRANSACTION
2196.7,0,0,1,9,0.987,1.05,0.89,18.8,0,SUCCESS
129.87,0,0,1,10,0.955,0.59,1.0,14.6,0,SUCCESS
360.02,0,1,1,6,0.985,0.36,0.93,12.0,0,SUCCESS
732.71,0,0,1,7,0.92,0.74,0.88,15.7,0,SUCCESS
967.67,1,3,1,9,0.795,1.29,0.84,38.4,1,BANK_FAILURE
929.77,2,1,1,9,0.986,0.52,0.91,21.8,1,TIMEOUT
438.2,0,0,1,7,0.957,0.39,0.99,14.3,0,SUCCESS
521.68,0,0,1,14,0.884,0.47,0.92,6.5,0,SUCCESS
1517.63,0,0,1,11,0.884,0.35,0.87,24.8,0,SUCCESS
75.9,1,0,2,12,0.948,0.43,0.94,5.2,0,SUCCESS
853.83,0,0,1,18,0.897,0.87,1.0,15.6,0,SUCCESS
338.09,1,0,1,15,0.942,0.73,0.92,18.5,0,SUCCESS
1067.21,0,0,1,6,0.981,0.21,0.98,14.0,0,SUCCESS
53.84,0,0,2,14,0.898,0.67,0.97,10.6,0,SUCCESS
2226.68,0,0,1,21,0.959,1.04,0.96,21.6,0,SUCCESS
317.54,0,0,2,14,0.965,1.12,0.96,16.7,0,SUCCESS
2842.76,0,1,1,22,0.908,0.45,0.92,23.0,0,SUCCESS
243.45,0,0,2,13,0.977,1.12,0.91,12.3,0,SUCCESS
3016.09,1,1,2,18,0.918,0.65,0.97,18.9,1,TIMEOUT
3279.89,0,0,1,6,0.932,1.06,0.88,15.6,0,SUCCESS
577.5,0,0,1,12,0.947,1.08,0.9,18.8,0,SUCCESS
1726.79,0,0,1,20,0.928,0.68,0.9,11.4,0,SUCCESS
1440.64,0,0,2,18,0.891,0.82,0.87,6.5,0,SUCCESS
1357.76,0,0,1,21,0.935,0.24,0.98,6.3,0,SUCCESS
2474.53,0,0,1,13,0.887,1.0,0.86,19.0,0,SUCCESS
140.74,2,2,2,21,0.898,1.1,0.89,21.8,1,NETWORK_FAILURE
805.92,0,0,2,8,0.933,0.56,0.93,9.8,0,SUCCESS
45285.0,3,9,11,2,0.353,3.62,0.25,95.8,1,DUPLICATE_TRANSACTION
271.96,0,0,1,6,0.925,1.11,0.97,20.0,0,SUCCESS
4295.08,0,0,2,6,0.969,1.04,0.86,20.5,0,SUCCESS
1190.39,0,0,1,15,0.941,0.28,0.96,15.9,0,SUCCESS
3732.86,0,0,1,14,0.939,0.29,0.91,6.9,0,SUCCESS
302.98,0,0,1,13,0.978,1.05,0.86,11.9,0,SUCCESS
1443.33,0,0,1,14,0.965,0.56,0.96,17.4,0,SUCCESS
787.97,1,1,2,20,0.929,0.23,0.86,22.1,0,SUCCESS
3929.81,1,0,2,8,0.993,0.86,0.98,20.3,0,SUCCESS
620.98,1,0,2,16,0.902,0.49,0.97,22.9,0,SUCCESS
1595.83,0,0,1,16,0.963,0.73,0.89,21.3,0,SUCCESS
460.07,0,0,1,16,0.881,1.19,0.9,22.0,0,SUCCESS
967.78,1,0,1,9,0.907,0.59,0.89,24.7,0,SUCCESS
2359.59,0,0,2,12,0.959,1.11,0.86,10.3,0,SUCCESS
5964.84,1,3,2,16,0.849,1.3,0.78,26.0,1,BANK_FAILURE
1685.41,0,1,1,8,0.925,1.14,0.96,20.1,0,SUCCESS
382.15,0,0,1,11,0.927,0.97,0.99,13.5,0,SUCCESS
2777.25,1,1,1,11,0.94,1.3,0.84,21.1,1,TIMEOUT
1327.96,1,2,1,13,0.912,0.62,0.84,34.1,1,TIMEOUT
1657.07,0,0,1,11,0.985,0.77,0.98,8.9,0,SUCCESS
427.84,1,2,2,10,0.925,1.29,0.95,33.8,1,TIMEOUT
658.51,0,0,1,10,0.956,1.06,1.0,15.1,0,SUCCESS
779.03,1,0,1,9,0.893,0.23,0.95,17.2,0,SUCCESS
1527.68,1,0,1,18,0.954,0.63,0.87,10.9,0,SUCCESS
1060.82,0,0,1,7,0.935,1.0,0.87,6.7,0,SUCCESS
103.3,1,0,2,13,0.974,0.89,0.95,16.1,0,SUCCESS
1043.98,0,0,1,11,0.922,1.07,0.9,15.9,0,SUCCESS
1504.37,0,0,1,15,0.931,0.73,0.89,23.5,0,SUCCESS
857.55,0,0,1,8,0.936,0.52,0.94,22.5,0,SUCCESS
2631.7,0,0,1,18,0.931,0.66,1.0,18.6,0,SUCCESS
676.57,0,0,1,9,0.956,0.37,0.91,23.0,0,SUCCESS
266.92,0,0,1,9,0.988,0.49,0.89,23.8,0,SUCCESS
2037.12,1,0,1,11,0.903,0.34,0.85,9.7,0,SUCCESS
150906.0,5,5,18,3,0.065,8.84,0.29,100.0,1,DUPLICATE_TRANSACTION
838.12,0,0,2,6,0.893,0.69,0.91,18.9,0,SUCCESS
2090.83,0,0,2,21,0.884,0.82,0.86,17.3,0,SUCCESS
1435.33,0,0,1,22,0.943,0.57,1.0,11.0,0,SUCCESS
439.09,0,1,2,15,0.918,1.02,0.85,5.1,0,SUCCESS
1760.1,0,0,1,12,0.975,1.13,0.87,9.6,0,SUCCESS
2857.65,0,0,2,22,0.962,0.73,0.86,10.7,0,SUCCESS
930.69,0,0,2,14,0.94,0.9,0.86,23.8,0,SUCCESS
785.66,0,0,2,8,0.893,1.15,0.87,14.2,0,SUCCESS
3385.59,1,0,1,14,0.884,0.99,0.94,15.3,0,SUCCESS
90.94,0,0,1,22,0.971,0.56,0.96,13.0,0,SUCCESS
137.26,0,0,1,19,0.991,0.25,0.92,19.5,0,SUCCESS
648.56,0,1,1,13,0.929,0.38,0.9,12.7,0,SUCCESS
822.06,0,0,1,20,0.949,0.24,0.96,24.0,0,SUCCESS
870.76,2,2,2,11,0.934,1.18,0.92,17.9,1,TIMEOUT
3362.28,1,2,1,15,0.816,0.92,0.92,28.3,1,TIMEOUT
3996.7,0,0,1,14,0.98,0.87,0.89,7.3,0,SUCCESS
68.43,0,0,1,22,0.915,0.75,0.86,7.7,0,SUCCESS
288.72,0,0,1,16,0.959,0.94,0.92,6.7,0,SUCCESS
2755.72,2,1,1,22,0.973,0.85,0.82,19.7,1,NETWORK_FAILURE
1040.42,0,0,1,19,1.0,0.3,0.95,10.1,0,SUCCESS
1393.87,3,1,3,19,0.784,1.21,0.97,41.0,1,GATEWAY_FAILURE
785.2,0,0,1,8,0.954,1.07,0.95,9.9,0,SUCCESS
1304.84,0,0,1,22,0.913,0.77,0.92,13.7,0,SUCCESS
191.5,0,0,1,17,0.995,0.37,0.9,16.7,0,SUCCESS
2471.84,1,1,2,11,0.971,1.23,0.94,22.6,1,TIMEOUT
2957.75,0,0,2,15,0.903,0.27,0.98,20.9,0,SUCCESS
75698.0,7,7,15,4,0.154,6.58,0.13,100.0,1,DUPLICATE_TRANSACTION
45743.0,4,7,5,23,0.095,7.91,0.22,100.0,1,AUTHENTICATION_FAILURE
869.96,0,0,1,18,0.97,0.27,0.88,14.3,0,SUCCESS
1161.34,1,0,1,14,0.951,0.92,0.97,8.0,0,SUCCESS
753.73,0,0,2,19,0.939,0.61,0.89,13.0,0,SUCCESS
228.26,0,0,1,10,0.916,1.2,0.9,23.7,0,SUCCESS
646.61,0,1,1,17,0.951,0.46,0.93,6.5,0,SUCCESS
2995.01,1,1,2,13,0.972,1.37,0.89,18.3,1,TIMEOUT
2177.36,0,0,1,17,0.989,0.37,0.85,6.5,0,SUCCESS
352.35,0,0,1,22,0.976,0.58,0.89,10.7,0,SUCCESS
870.51,1,1,2,18,0.825,0.66,0.87,26.2,1,TIMEOUT
1126.74,0,0,1,20,0.951,0.48,0.91,18.6,0,SUCCESS
2706.62,0,0,1,14,0.897,1.18,0.91,17.5,0,SUCCESS
1833.99,1,1,1,10,0.762,1.09,0.97,34.2,1,GATEWAY_FAILURE
84.84,0,0,1,9,0.893,1.04,0.91,10.3,0,SUCCESS
1642.38,1,2,1,13,0.969,1.43,0.85,23.5,1,NETWORK_FAILURE
66.68,0,0,1,10,0.915,1.18,0.86,24.8,0,SUCCESS
45707.0,5,7,8,2,0.1,4.24,0.13,100.0,1,AUTHENTICATION_FAILURE
622.87,0,0,1,14,0.965,0.94,0.95,11.7,0,SUCCESS
95909.0,4,9,10,2,0.059,8.65,0.33,100.0,1,DUPLICATE_TRANSACTION
277.06,1,0,1,17,0.92,0.52,0.87,21.2,0,SUCCESS
2666.9,2,2,2,19,0.811,1.06,0.96,26.5,1,TIMEOUT
418.96,0,0,2,17,0.923,0.74,0.92,12.6,0,SUCCESS
1571.76,0,0,1,7,0.95,0.59,0.86,13.1,0,SUCCESS
3072.77,0,0,1,13,0.936,1.03,0.88,8.2,0,SUCCESS
2027.52,1,1,1,20,0.922,1.03,0.87,34.6,1,NETWORK_FAILURE
511.26,0,0,1,11,0.943,0.72,0.86,29.2,1,INSUFFICIENT_FUNDS
75577.0,6,5,14,3,0.249,8.4,0.28,100.0,1,DUPLICATE_TRANSACTION
3912.63,0,0,2,9,0.937,0.23,1.0,9.4,0,SUCCESS
816.9,0,0,1,20,0.975,0.52,0.98,17.2,0,SUCCESS
1392.68,0,0,1,19,0.929,0.44,0.97,17.4,0,SUCCESS
167.67,2,1,2,17,0.909,0.51,0.93,28.2,1,TIMEOUT
1317.48,0,0,1,16,0.91,1.08,0.92,23.8,1,INSUFFICIENT_FUNDS
2455.68,1,1,1,9,0.97,0.75,0.91,21.2,0,SUCCESS
1102.84,0,1,1,12,0.893,1.1,0.86,22.3,0,SUCCESS
584.47,0,0,1,13,0.911,0.9,0.89,19.6,0,SUCCESS
9977.39,2,2,1,9,0.944,1.34,0.95,22.1,1,NETWORK_FAILURE
6915.24,1,1,1,15,0.923,1.02,0.91,21.8,0,SUCCESS
4087.05,0,0,1,14,0.963,0.27,0.88,6.9,0,SUCCESS
127.3,1,0,1,20,0.949,1.16,0.98,22.5,0,SUCCESS
281.4,0,0,2,11,0.93,1.1,0.9,7.5,0,SUCCESS
235.61,0,0,2,10,0.999,0.96,0.98,16.4,0,SUCCESS
2506.66,0,0,1,15,0.978,1.07,0.93,11.5,0,SUCCESS
1500.73,0,0,1,18,0.915,0.35,0.93,16.9,0,SUCCESS
1058.38,0,0,1,13,0.948,0.37,0.95,13.6,0,SUCCESS
2315.89,0,0,1,15,0.886,0.36,0.91,9.6,0,SUCCESS
543.81,0,0,2,9,0.979,1.08,0.99,11.8,0,SUCCESS
733.51,2,2,2,16,0.929,0.74,0.88,25.1,1,TIMEOUT
950.29,0,0,1,14,0.926,1.11,0.92,19.9,0,SUCCESS
95724.0,7,8,14,3,0.217,5.87,0.24,100.0,1,AUTHENTICATION_FAILURE
192.09,0,0,1,18,0.929,0.55,0.92,5.2,0,SUCCESS
220.4,0,0,1,14,0.899,0.74,0.99,8.1,0,SUCCESS
296.41,0,0,1,10,0.916,0.78,0.92,11.0,0,SUCCESS
224.19,1,2,2,16,0.903,1.1,0.92,22.8,1,TIMEOUT
1517.12,1,3,2,19,0.805,1.76,0.85,31.0,1,BANK_FAILURE
422.03,0,0,2,11,0.993,1.2,0.89,16.5,0,SUCCESS
767.97,0,0,1,22,0.899,1.06,0.99,14.0,0,SUCCESS
443.92,1,0,1,14,0.962,0.47,0.87,12.6,0,SUCCESS
2199.13,0,0,1,15,0.947,0.25,0.99,17.6,0,SUCCESS
6200.66,0,0,1,6,0.965,0.26,0.94,20.3,0,SUCCESS
1857.88,1,0,1,12,0.912,0.32,0.93,8.5,0,SUCCESS
1180.04,0,1,1,15,0.915,0.89,0.9,24.4,0,SUCCESS
177.44,0,0,1,13,0.987,0.31,0.86,17.1,0,SUCCESS
207.06,0,0,1,11,0.998,1.0,0.98,12.2,0,SUCCESS
806.17,2,2,2,20,0.98,0.64,0.98,16.7,1,TIMEOUT
4473.72,2,2,3,12,0.88,1.14,0.9,36.1,1,BANK_FAILURE
187.23,0,0,1,9,0.934,0.93,0.93,17.1,0,SUCCESS
481.77,0,0,1,10,0.974,1.18,0.91,8.4,0,SUCCESS
2349.24,0,1,1,18,0.886,0.54,0.91,6.9,0,SUCCESS
371.87,1,0,1,22,0.963,0.21,0.9,11.4,0,SUCCESS
1706.98,0,0,1,14,0.956,0.89,0.95,17.1,0,SUCCESS
689.54,0,0,1,8,0.995,0.78,0.95,11.7,0,SUCCESS
625.6,0,0,1,18,0.913,0.94,0.86,15.5,0,SUCCESS
2633.68,0,0,1,19,0.956,0.49,0.97,21.2,0,SUCCESS
45969.0,4,8,10,1,0.393,7.87,0.26,100.0,1,DUPLICATE_TRANSACTION
2087.45,0,0,1,20,0.978,1.04,0.89,11.5,0,SUCCESS
372.41,0,0,1,16,0.96,0.87,0.9,19.0,0,SUCCESS
638.09,0,0,1,12,0.921,0.83,0.94,10.9,0,SUCCESS
243.1,1,0,1,10,0.976,1.06,0.98,11.3,0,SUCCESS
1366.74,2,1,2,12,0.808,1.0,0.8,34.0,1,NETWORK_FAILURE
4132.48,3,1,2,15,0.896,1.34,0.94,39.1,1,BANK_FAILURE
76.81,0,0,1,6,0.991,0.3,0.94,11.0,0,SUCCESS
2690.42,0,0,1,21,0.945,0.58,0.85,19.6,0,SUCCESS
1720.82,1,0,2,9,0.918,1.19,0.92,20.0,0,SUCCESS
450.54,2,1,1,9,0.926,1.01,0.98,23.7,1,TIMEOUT
496.02,0,0,1,15,0.95,0.55,0.98,12.2,0,SUCCESS
411.12,1,0,1,17,0.923,0.95,0.99,12.6,0,SUCCESS
2516.37,0,0,1,21,0.932,0.26,0.94,20.1,0,SUCCESS
1058.87,2,1,2,12,0.838,0.65,0.9,25.6,1,TIMEOUT
3618.71,0,0,1,17,0.943,0.72,0.98,9.1,0,SUCCESS
173.93,2,1,1,17,0.803,0.75,0.86,27.3,1,TIMEOUT
276.34,1,0,2,9,0.929,0.59,0.96,5.2,0,SUCCESS
544.15,0,0,2,13,0.986,1.1,0.89,9.0,0,SUCCESS
871.77,0,0,1,11,0.898,0.45,0.89,17.2,0,SUCCESS
1318.04,2,1,2,9,0.939,1.72,0.81,40.0,1,BANK_FAILURE
3636.56,0,0,1,22,0.929,0.28,0.98,9.9,0,SUCCESS
45830.0,7,6,5,4,0.192,7.81,0.3,100.0,1,DUPLICATE_TRANSACTION
1121.72,0,0,1,18,0.959,0.9,0.96,18.7,0,SUCCESS
647.69,0,1,1,12,0.911,0.36,0.95,6.9,0,SUCCESS
3381.73,0,0,1,11,0.9,0.55,0.97,12.7,0,SUCCESS
1178.53,0,0,1,9,0.966,0.36,0.99,17.9,0,SUCCESS
428.22,0,0,2,8,0.898,0.98,0.94,12.6,0,SUCCESS
534.78,0,0,1,12,0.888,0.68,0.88,19.6,0,SUCCESS
828.1,3,3,2,10,0.794,1.78,0.75,26.6,1,BANK_FAILURE
815.45,1,1,2,13,0.871,1.29,0.81,23.6,1,TIMEOUT
966.03,2,1,2,21,0.897,1.49,0.86,15.6,1,NETWORK_FAILURE
266.34,0,0,1,14,0.917,0.78,0.99,18.0,0,SUCCESS
1390.77,0,0,1,13,0.916,1.09,0.9,19.3,0,SUCCESS
1185.25,0,0,2,19,0.888,1.11,0.93,23.5,0,SUCCESS
1068.35,0,0,1,12,0.946,0.78,0.88,14.4,0,SUCCESS
787.18,0,1,2,12,0.946,0.68,0.99,19.4,0,SUCCESS
190.93,0,0,1,18,0.98,0.75,0.93,17.6,0,SUCCESS
742.89,0,0,1,11,0.993,1.12,0.98,7.0,0,SUCCESS
1256.12,0,0,1,8,0.899,0.61,0.95,17.7,0,SUCCESS
627.77,0,0,1,20,0.978,0.23,0.92,20.2,0,SUCCESS
996.97,0,1,1,15,0.887,0.69,0.86,8.2,0,SUCCESS
628.54,0,0,1,15,0.996,1.15,0.9,17.8,0,SUCCESS
964.65,0,0,1,7,0.88,0.96,0.96,15.2,0,SUCCESS
2847.65,0,0,1,19,0.969,1.12,0.86,12.9,0,SUCCESS
6948.15,0,0,1,21,0.902,1.1,0.96,7.1,0,SUCCESS
4854.45,0,0,1,19,0.967,0.36,0.93,10.4,0,SUCCESS
2169.68,0,0,1,12,0.96,1.02,0.91,22.0,0,SUCCESS
150126.0,3,9,19,1,0.274,8.73,0.34,100.0,1,AUTHENTICATION_FAILURE
934.78,0,0,1,8,0.886,0.38,0.94,17.8,0,SUCCESS
2777.07,1,1,1,13,0.93,1.46,0.84,26.0,1,TIMEOUT
1153.85,0,1,1,18,0.903,0.67,0.98,14.4,0,SUCCESS
690.01,0,0,1,17,0.886,0.77,0.9,8.6,0,SUCCESS
518.76,0,0,1,16,0.994,0.78,0.97,13.5,0,SUCCESS
2852.55,0,0,1,13,0.952,0.34,0.95,22.3,0,SUCCESS
465.31,0,0,2,17,0.897,0.81,0.92,6.9,0,SUCCESS
1005.39,2,2,1,8,0.814,0.85,0.96,28.0,1,TIMEOUT
459.92,0,0,1,15,0.954,0.8,0.98,9.3,0,SUCCESS
280.78,0,0,2,21,0.987,1.14,0.94,29.0,1,INSUFFICIENT_FUNDS
1164.82,0,0,1,13,0.941,0.77,0.85,9.3,0,SUCCESS
79.1,0,0,1,16,0.972,1.04,0.94,20.0,0,SUCCESS
936.55,0,0,1,7,0.955,1.1,0.96,12.0,0,SUCCESS
1111.28,0,0,1,22,0.964,0.99,0.93,21.3,0,SUCCESS
874.21,0,0,1,7,0.921,0.23,0.91,23.6,0,SUCCESS
95675.0,6,5,8,1,0.188,6.35,0.3,100.0,1,AUTHENTICATION_FAILURE
602.22,0,0,1,22,0.966,0.52,0.97,8.5,0,SUCCESS
1880.33,0,0,1,7,0.985,0.49,0.89,9.1,0,SUCCESS
1260.21,1,1,1,13,0.916,1.22,0.87,26.7,1,NETWORK_FAILURE
1894.4,2,1,3,19,0.823,1.9,0.97,43.5,1,GATEWAY_FAILURE
646.95,2,1,1,18,0.86,0.87,0.92,30.3,1,TIMEOUT
1645.16,0,0,1,10,0.976,0.68,0.97,15.1,0,SUCCESS
617.48,0,0,1,17,0.911,0.84,0.98,23.3,0,SUCCESS
881.78,0,1,1,18,0.904,0.99,0.91,24.9,0,SUCCESS
312.79,0,0,2,9,0.989,0.42,0.93,21.8,0,SUCCESS
190.39,0,0,2,14,0.985,1.01,0.89,12.5,0,SUCCESS
1688.44,0,0,1,20,0.898,0.44,1.0,8.0,0,SUCCESS
1602.91,0,0,1,20,0.887,1.12,0.88,15.6,0,SUCCESS
95140.0,4,7,17,2,0.288,6.68,0.16,100.0,1,DUPLICATE_TRANSACTION
1536.19,0,0,2,14,0.967,0.75,0.91,18.0,0,SUCCESS
2915.93,0,0,1,19,0.918,0.59,0.92,6.5,0,SUCCESS
877.04,0,0,1,19,0.951,0.56,0.94,22.6,0,SUCCESS
3782.94,0,1,2,9,0.885,1.17,0.96,11.7,0,SUCCESS
385.53,2,2,1,14,0.809,1.4,0.91,29.0,1,TIMEOUT
2162.07,0,0,2,9,0.939,0.74,0.97,11.8,0,SUCCESS
443.2,2,2,2,18,0.898,1.33,0.95,25.4,1,NETWORK_FAILURE
1976.15,1,1,2,19,0.899,1.32,0.84,25.5,1,NETWORK_FAILURE
322.8,0,0,1,7,0.941,0.28,0.94,5.6,0,SUCCESS
150754.0,6,5,19,4,0.365,7.75,0.31,100.0,1,AUTHENTICATION_FAILURE
95922.0,6,8,19,4,0.158,7.57,0.06,100.0,1,DUPLICATE_TRANSACTION
137.12,0,0,1,20,0.956,0.88,0.97,18.2,0,SUCCESS
525.51,0,0,1,22,0.988,0.22,0.95,24.1,0,SUCCESS
1518.94,1,0,1,19,0.987,0.32,0.96,12.0,0,SUCCESS
177.21,0,0,2,11,0.986,1.18,0.91,22.7,0,SUCCESS
904.17,0,0,1,12,0.947,0.27,0.89,16.3,0,SUCCESS
2024.1,0,0,1,7,0.943,0.82,0.86,27.8,1,INSUFFICIENT_FUNDS
358.44,0,0,1,20,0.993,1.19,0.96,16.5,0,SUCCESS
1744.71,0,0,1,21,0.931,1.17,0.93,10.1,0,SUCCESS
362.78,1,0,2,10,0.976,1.05,0.94,12.0,0,SUCCESS
1207.23,0,1,1,13,0.888,0.56,0.99,22.3,0,SUCCESS
452.48,0,0,1,13,0.95,0.48,1.0,10.3,0,SUCCESS
1735.45,3,3,1,13,0.905,1.49,0.71,43.1,1,BANK_FAILURE
96.98,0,0,2,16,0.889,1.09,0.96,8.9,0,SUCCESS
1211.58,0,0,1,16,0.9,0.93,0.96,13.5,0,SUCCESS
3153.9,0,0,1,8,0.908,0.37,0.9,8.3,0,SUCCESS
450.16,0,0,1,7,0.925,0.57,0.88,13.9,0,SUCCESS
2599.64,1,3,2,12,0.811,1.94,0.74,40.3,1,BANK_FAILURE
95723.0,3,8,9,2,0.079,7.04,0.34,100.0,1,AUTHENTICATION_FAILURE
813.63,0,0,1,17,0.938,0.82,0.86,14.9,0,SUCCESS
1486.42,0,0,2,20,0.969,0.86,0.97,18.7,0,SUCCESS
965.29,1,0,1,17,0.969,0.67,0.89,21.0,0,SUCCESS
1480.69,1,0,1,18,0.9,0.85,0.89,23.1,0,SUCCESS
287.65,2,2,2,11,0.867,1.45,0.97,20.9,1,TIMEOUT
58.08,0,0,1,11,0.914,1.09,1.0,6.4,0,SUCCESS
813.79,0,0,1,12,0.891,0.58,0.9,15.7,0,SUCCESS
95535.0,4,6,6,1,0.207,8.42,0.31,100.0,1,DUPLICATE_TRANSACTION
624.86,0,0,1,14,0.916,1.02,0.91,6.9,0,SUCCESS
4624.24,0,0,1,12,0.915,1.17,0.9,6.9,0,SUCCESS
150218.0,6,6,10,1,0.315,4.55,0.15,95.2,1,DUPLICATE_TRANSACTION
1155.19,0,0,2,9,0.953,0.38,0.93,21.7,0,SUCCESS
481.69,0,0,1,16,0.974,0.22,0.89,15.9,0,SUCCESS
75558.0,7,5,13,2,0.183,4.52,0.28,94.2,1,AUTHENTICATION_FAILURE
1475.63,1,0,1,18,0.948,1.11,0.93,7.7,0,SUCCESS
1629.71,2,2,2,19,0.806,1.01,0.82,24.4,1,NETWORK_FAILURE
3291.69,0,0,2,13,0.947,0.24,0.94,13.7,0,SUCCESS
78.2,1,0,1,15,0.977,0.76,0.93,24.2,0,SUCCESS
1701.3,0,0,1,18,0.922,0.75,0.94,11.4,0,SUCCESS
1062.46,0,0,2,17,0.897,0.57,0.96,23.3,0,SUCCESS
783.35,0,0,2,14,0.993,0.82,0.96,18.5,0,SUCCESS
1371.24,1,0,1,9,0.911,0.73,0.99,6.8,0,SUCCESS
150758.0,6,6,5,2,0.352,8.64,0.27,100.0,1,DUPLICATE_TRANSACTION
1166.17,2,1,1,16,0.734,1.14,0.77,37.3,1,BANK_FAILURE
779.32,0,1,1,21,0.99,0.93,0.97,19.9,0,SUCCESS
1244.33,0,0,2,16,0.923,0.76,0.96,10.0,0,SUCCESS
254.07,0,1,1,8,0.894,0.95,0.88,24.9,0,SUCCESS
269.46,0,0,1,11,0.949,0.35,0.9,13.2,0,SUCCESS
2030.64,1,0,2,10,0.907,0.82,0.89,24.8,0,SUCCESS
5569.45,2,2,1,17,0.952,1.22,0.94,34.2,1,TIMEOUT
2418.68,2,3,1,11,0.759,1.25,0.74,35.1,1,BANK_FAILURE
778.97,0,0,1,20,0.925,0.91,0.9,9.6,0,SUCCESS
292.33,2,1,2,14,0.813,0.93,0.81,34.3,1,NETWORK_FAILURE
1233.36,1,0,1,15,0.901,0.77,0.9,20.5,0,SUCCESS
996.08,0,0,1,15,0.909,0.2,0.88,5.1,0,SUCCESS
2389.3,1,1,1,10,0.945,1.33,1.0,27.8,1,TIMEOUT
791.83,0,0,1,20,0.907,0.41,0.91,24.8,0,SUCCESS
45214.0,5,8,5,3,0.153,5.13,0.09,100.0,1,AUTHENTICATION_FAILURE
449.94,0,0,1,7,0.986,1.09,0.88,8.3,0,SUCCESS
1000.01,1,0,1,17,0.892,0.72,0.93,28.4,1,INSUFFICIENT_FUNDS
3522.67,2,1,1,9,0.856,0.9,0.89,32.6,1,BANK_FAILURE
219.57,0,0,1,9,0.933,0.44,0.89,9.8,0,SUCCESS
308.63,0,0,1,7,0.9,0.76,0.86,24.0,0,SUCCESS
1158.53,0,0,1,7,0.891,0.78,0.94,19.6,0,SUCCESS
1767.61,0,0,1,21,0.96,0.42,0.91,20.5,0,SUCCESS
7816.83,1,2,1,17,0.752,1.28,0.91,30.1,1,BANK_FAILURE
95648.0,6,6,13,2,0.132,5.98,0.08,100.0,1,AUTHENTICATION_FAILURE
897.4,1,0,2,16,0.904,0.42,0.94,12.6,0,SUCCESS
1794.91,3,2,3,10,0.925,1.01,0.78,36.0,1,BANK_FAILURE
791.11,2,2,2,15,0.963,1.02,0.87,20.0,1,TIMEOUT
679.47,0,0,1,20,0.995,0.92,0.96,13.7,0,SUCCESS
188.79,0,0,1,19,0.955,0.43,0.96,15.9,0,SUCCESS
75493.0,4,5,6,4,0.246,6.85,0.31,100.0,1,AUTHENTICATION_FAILURE
1153.24,0,0,1,18,0.924,0.68,0.91,19.5,0,SUCCESS
1138.92,0,0,1,18,0.887,0.37,0.97,5.0,0,SUCCESS
696.33,2,1,1,13,0.948,1.01,0.9,29.5,1,TIMEOUT
877.48,0,0,1,17,0.898,0.9,0.87,5.3,0,SUCCESS
1225.29,0,0,2,10,0.884,0.7,0.97,16.0,0,SUCCESS
426.05,0,1,1,13,0.922,0.69,0.88,12.0,0,SUCCESS
1567.72,0,0,1,17,0.912,0.95,0.88,9.9,0,SUCCESS
70.24,0,0,1,19,0.968,0.89,0.97,10.1,0,SUCCESS
1618.97,2,1,1,11,0.858,0.94,0.92,39.4,1,BANK_FAILURE
1328.96,0,0,1,21,0.935,0.67,0.98,21.4,0,SUCCESS
1240.71,0,0,1,16,0.957,0.77,0.88,23.4,0,SUCCESS
303.62,0,0,1,8,0.996,0.93,1.0,18.0,0,SUCCESS
343.25,1,0,1,6,0.979,0.31,0.98,17.8,0,SUCCESS
551.31,0,0,1,21,0.891,0.54,0.87,10.4,0,SUCCESS
114.29,0,0,2,15,0.897,0.96,0.88,34.4,1,INSUFFICIENT_FUNDS
301.69,0,0,1,22,0.908,0.95,0.98,22.6,0,SUCCESS
1886.16,0,0,1,21,0.998,0.58,0.95,8.2,0,SUCCESS
4770.67,0,0,1,7,0.972,0.97,0.95,10.8,0,SUCCESS
856.28,0,0,1,17,0.937,0.44,0.9,8.3,0,SUCCESS
362.72,0,1,1,14,0.897,0.59,0.92,24.7,0,SUCCESS
568.63,0,0,1,9,0.896,0.27,0.98,19.6,0,SUCCESS
507.39,0,0,1,11,0.898,0.23,1.0,10.6,0,SUCCESS
3134.23,1,0,2,15,0.913,1.06,1.0,10.1,0,SUCCESS
3053.1,2,1,2,21,0.982,0.99,0.93,31.5,1,TIMEOUT
832.64,1,0,1,21,0.893,0.34,0.93,11.4,0,SUCCESS
709.26,0,1,1,6,0.93,1.0,0.93,23.7,0,SUCCESS
311.0,0,1,1,19,0.927,0.35,0.88,31.1,1,INSUFFICIENT_FUNDS
132.77,0,0,2,13,0.925,1.16,0.9,24.7,0,SUCCESS
324.93,0,0,1,15,0.918,1.09,0.93,7.7,0,SUCCESS
320.53,0,0,1,7,0.987,0.89,0.87,16.8,0,SUCCESS
2722.32,1,0,1,7,0.92,1.2,0.9,13.6,0,SUCCESS
2036.38,0,0,1,13,0.926,0.29,0.87,20.1,1,INSUFFICIENT_FUNDS
60.51,1,0,1,20,0.942,0.68,0.94,14.6,0,SUCCESS
5001.86,2,1,2,17,0.975,0.58,0.92,28.6,1,TIMEOUT
894.15,0,0,1,17,0.938,0.29,0.87,23.0,0,SUCCESS
1242.71,0,0,1,10,0.945,0.87,0.99,19.8,0,SUCCESS
983.72,0,1,1,22,0.897,0.59,0.95,6.0,0,SUCCESS
537.76,0,1,1,12,0.902,0.75,0.96,23.1,0,SUCCESS
2633.15,0,0,1,9,0.965,0.44,0.95,17.9,0,SUCCESS
675.71,0,0,2,13,0.897,1.05,0.99,12.2,0,SUCCESS
150159.0,7,9,15,23,0.222,6.91,0.07,100.0,1,DUPLICATE_TRANSACTION
539.24,0,0,1,10,0.929,0.31,0.91,33.2,1,INSUFFICIENT_FUNDS
3099.33,0,0,1,16,0.923,0.35,0.95,24.2,0,SUCCESS
1278.16,0,0,2,15,0.946,0.29,0.96,17.0,0,SUCCESS
1348.8,0,0,1,14,0.977,0.88,0.99,22.9,0,SUCCESS
114.54,0,0,1,6,0.893,0.66,0.97,5.6,0,SUCCESS
204.43,2,1,2,22,0.895,0.87,0.82,29.6,1,TIMEOUT
513.6,0,0,1,18,0.984,0.36,0.99,23.9,0,SUCCESS
2515.8,0,0,1,22,0.975,0.43,0.87,34.1,1,INSUFFICIENT_FUNDS
150575.0,4,7,9,4,0.322,5.3,0.25,95.7,1,DUPLICATE_TRANSACTION
897.81,1,0,1,17,0.969,0.66,1.0,16.6,0,SUCCESS
1250.5,1,1,1,13,0.968,0.69,0.85,31.0,1,INSUFFICIENT_FUNDS
2178.6,0,0,1,11,0.948,1.15,0.87,5.7,0,SUCCESS
1172.66,1,0,1,15,0.991,0.4,0.89,19.0,0,SUCCESS
3686.21,1,0,1,10,0.9,0.66,0.94,11.6,0,SUCCESS
905.65,0,0,1,21,0.935,0.22,0.88,28.8,1,INSUFFICIENT_FUNDS
2124.58,0,0,1,11,0.949,0.35,0.89,12.2,0,SUCCESS
235.13,0,0,2,6,0.889,0.92,0.9,24.9,0,SUCCESS
481.13,1,0,2,21,0.967,0.35,0.89,16.5,0,SUCCESS
8158.12,2,2,2,19,0.808,0.7,0.98,16.9,1,TIMEOUT
2381.68,0,0,1,20,0.983,0.74,0.98,8.0,0,SUCCESS
1771.77,0,0,1,15,0.965,0.91,0.87,16.4,0,SUCCESS
1057.2,0,0,1,8,0.906,0.69,0.99,14.5,0,SUCCESS
398.75,0,0,1,20,0.951,1.17,0.87,22.1,0,SUCCESS
45319.0,7,5,13,2,0.367,5.48,0.07,100.0,1,DUPLICATE_TRANSACTION
208.99,0,0,1,22,0.957,1.07,0.97,7.2,0,SUCCESS
624.72,0,1,1,12,0.993,0.54,0.87,16.6,0,SUCCESS
1155.66,0,0,1,18,0.892,0.34,0.96,22.3,0,SUCCESS
75221.0,6,7,8,3,0.321,8.34,0.13,100.0,1,AUTHENTICATION_FAILURE
518.12,2,2,3,13,0.885,1.92,0.75,27.9,1,BANK_FAILURE
1502.35,1,2,1,12,0.914,0.68,0.9,28.2,1,TIMEOUT
729.25,0,1,1,13,0.948,1.0,0.94,20.8,0,SUCCESS
1480.96,0,0,1,19,0.886,1.1,0.99,19.5,0,SUCCESS
1594.72,0,0,1,21,0.945,1.19,0.98,11.1,0,SUCCESS
95280.0,3,6,13,23,0.092,4.4,0.24,100.0,1,DUPLICATE_TRANSACTION
564.97,0,0,2,15,0.948,0.98,0.92,24.0,0,SUCCESS
302.9,0,0,1,19,0.978,0.91,0.97,10.7,0,SUCCESS
294.64,0,0,1,22,0.966,1.03,0.85,12.1,0,SUCCESS
3544.92,3,1,1,18,0.949,1.48,0.93,39.5,1,BANK_FAILURE
2348.2,0,1,1,16,0.909,0.48,0.98,14.3,0,SUCCESS
646.35,0,0,1,13,0.989,0.23,0.92,17.2,0,SUCCESS
509.26,0,0,1,21,0.946,0.38,0.94,7.5,0,SUCCESS
860.1,0,0,1,22,0.935,0.41,0.96,10.7,0,SUCCESS
927.37,2,1,2,13,0.802,1.2,0.71,34.0,1,BANK_FAILURE
1995.75,1,2,1,8,0.898,1.16,0.91,20.5,1,NETWORK_FAILURE
1958.22,1,0,1,9,0.901,0.56,0.95,9.7,0,SUCCESS
292.51,0,0,1,13,0.883,1.12,0.91,9.1,0,SUCCESS
1022.41,0,0,1,20,0.905,0.75,0.91,16.5,0,SUCCESS
6952.1,0,1,1,8,0.999,0.45,0.92,12.1,0,SUCCESS
576.62,1,0,1,21,0.97,1.19,0.94,14.3,0,SUCCESS
162.27,1,0,1,19,0.899,0.7,0.86,23.8,0,SUCCESS
95835.0,4,6,15,23,0.114,7.32,0.32,100.0,1,AUTHENTICATION_FAILURE
1273.97,0,0,2,15,0.929,0.24,0.99,24.1,0,SUCCESS
442.13,1,0,1,11,0.887,0.39,0.92,5.4,0,SUCCESS
252.43,0,0,1,13,0.915,1.01,0.92,18.1,0,SUCCESS
300.79,0,0,1,21,0.92,1.12,0.97,11.5,0,SUCCESS
159.06,0,0,2,20,0.955,0.35,0.95,7.1,0,SUCCESS
3800.86,2,1,2,10,0.811,0.88,0.98,15.4,1,TIMEOUT
75760.0,5,8,10,1,0.2,6.68,0.19,100.0,1,AUTHENTICATION_FAILURE
71.48,0,0,1,18,0.909,0.24,0.89,18.9,0,SUCCESS
1098.34,1,2,2,18,0.822,0.57,0.97,30.5,1,TIMEOUT
416.4,0,0,1,14,0.974,0.37,0.86,12.9,0,SUCCESS
2355.48,0,0,1,15,0.978,0.58,0.93,5.6,0,SUCCESS
121.04,0,0,1,21,0.959,0.67,0.99,22.6,0,SUCCESS
1289.84,0,0,2,15,0.954,0.78,0.91,11.1,0,SUCCESS
676.09,0,0,1,22,0.999,0.33,0.99,17.0,0,SUCCESS
2062.6,0,0,1,9,0.924,1.08,0.96,11.5,0,SUCCESS
3389.3,0,0,1,7,0.918,0.23,0.89,9.4,0,SUCCESS
110.09,0,0,1,9,0.936,0.28,0.89,24.1,0,SUCCESS
189.83,0,0,2,15,0.886,0.84,0.86,19.7,0,SUCCESS
978.46,0,0,1,12,0.945,0.38,0.92,21.0,0,SUCCESS
792.7,0,0,1,12,0.896,0.69,0.87,8.4,0,SUCCESS
160.93,1,1,3,19,0.774,1.85,0.71,35.9,1,GATEWAY_FAILURE
2441.36,1,1,1,20,0.938,1.19,0.96,27.9,1,TIMEOUT
666.84,0,0,1,6,0.913,0.54,0.99,16.6,0,SUCCESS
285.62,0,0,1,16,0.999,1.02,0.96,9.2,0,SUCCESS
2555.32,0,0,1,12,0.987,0.53,0.86,14.5,0,SUCCESS
426.39,0,0,1,10,0.963,1.09,0.92,20.4,0,SUCCESS
75366.0,5,9,16,4,0.269,7.35,0.13,100.0,1,AUTHENTICATION_FAILURE
5503.04,2,1,2,15,0.94,1.16,0.91,32.6,1,NETWORK_FAILURE
764.06,0,0,2,10,0.981,0.87,0.98,7.8,0,SUCCESS
155.22,2,1,1,12,0.954,1.32,0.94,17.6,1,NETWORK_FAILURE
1369.97,0,0,1,11,0.905,0.76,0.95,7.8,0,SUCCESS
385.97,0,0,1,8,0.906,1.12,0.96,19.7,0,SUCCESS
1944.83,1,0,1,9,0.988,1.03,0.99,22.4,0,SUCCESS
2485.27,1,0,2,13,0.982,0.81,0.91,6.1,0,SUCCESS
1407.63,0,0,1,14,0.989,1.03,0.92,12.8,0,SUCCESS
377.98,0,0,1,18,0.927,1.0,1.0,12.8,0,SUCCESS
3455.94,2,1,1,8,0.807,1.45,0.86,15.3,1,TIMEOUT
144.43,0,0,1,20,0.944,1.1,0.97,11.4,0,SUCCESS
1912.06,1,3,3,18,0.708,1.82,0.74,42.8,1,BANK_FAILURE
2987.63,0,0,1,7,0.891,0.62,0.99,19.5,0,SUCCESS
2077.88,0,0,1,14,0.88,1.18,0.91,15.3,0,SUCCESS
95821.0,7,7,9,2,0.255,7.83,0.27,100.0,1,AUTHENTICATION_FAILURE
95427.0,3,5,16,3,0.17,5.2,0.27,97.0,1,AUTHENTICATION_FAILURE
114.3,0,0,1,14,0.967,0.53,0.94,18.2,0,SUCCESS
1636.92,1,0,1,18,0.989,0.51,0.88,23.5,0,SUCCESS
182.72,0,0,1,22,0.882,0.52,0.97,18.4,0,SUCCESS
1627.96,0,0,1,19,0.885,0.88,0.95,24.3,0,SUCCESS
4128.85,0,0,1,18,0.904,0.49,0.95,23.5,0,SUCCESS
285.27,0,0,1,11,0.978,0.99,0.96,6.5,0,SUCCESS
1959.33,0,0,1,17,0.893,0.24,0.88,10.7,0,SUCCESS
192.79,1,0,1,6,0.901,0.77,0.92,7.5,0,SUCCESS
798.09,0,0,1,6,0.968,1.17,0.92,17.6,0,SUCCESS
725.6,0,0,2,17,0.996,0.33,0.87,14.2,0,SUCCESS
1339.65,1,0,1,16,0.885,0.52,0.94,19.4,0,SUCCESS
1008.11,0,0,2,17,0.914,0.38,0.86,16.5,0,SUCCESS
1449.01,0,0,2,18,0.882,0.43,0.85,11.9,0,SUCCESS
237.96,0,0,2,17,0.982,0.37,0.92,19.7,0,SUCCESS
1833.56,1,0,1,10,0.907,1.0,1.0,5.5,0,SUCCESS
1454.5,0,0,1,8,0.966,0.5,0.87,8.0,0,SUCCESS
502.85,0,0,2,14,0.903,0.98,0.99,21.3,0,SUCCESS
1689.73,0,0,1,13,0.947,0.32,0.88,8.4,0,SUCCESS
132.51,0,0,1,22,0.979,0.48,0.95,22.2,0,SUCCESS
832.35,0,0,2,14,0.966,0.76,1.0,13.5,0,SUCCESS
281.22,0,0,2,10,0.946,0.99,0.95,15.3,0,SUCCESS
161.75,0,1,1,13,0.899,0.37,0.93,20.5,0,SUCCESS
345.74,0,0,1,16,0.961,0.35,0.9,5.9,0,SUCCESS
2386.98,2,2,1,13,0.817,0.98,0.97,26.0,1,NETWORK_FAILURE
106.49,0,0,1,20,0.949,0.42,0.86,16.1,0,SUCCESS
219.98,0,0,2,13,0.98,0.86,0.86,24.2,0,SUCCESS
240.9,0,0,1,14,0.956,0.39,0.88,22.4,0,SUCCESS
702.04,0,0,1,7,0.94,0.93,0.92,10.7,0,SUCCESS
590.91,0,0,1,22,0.919,0.31,0.91,20.3,0,SUCCESS
651.98,1,0,2,17,0.919,1.0,0.9,10.1,0,SUCCESS
350.92,1,0,1,22,0.968,1.09,0.88,6.7,0,SUCCESS
776.77,1,1,2,19,0.904,1.24,0.88,35.0,1,TIMEOUT
95675.0,4,6,6,23,0.265,6.08,0.29,100.0,1,AUTHENTICATION_FAILURE
1365.33,1,1,2,20,0.948,1.46,0.85,20.4,1,TIMEOUT
2686.35,0,0,2,18,0.921,0.66,0.95,17.9,0,SUCCESS
3581.79,0,0,1,18,0.899,0.33,0.85,17.6,0,SUCCESS
582.71,0,0,1,14,0.953,0.24,0.87,20.1,0,SUCCESS
3295.08,2,1,3,16,0.845,1.56,0.74,34.5,1,BANK_FAILURE
487.05,1,0,1,17,0.98,0.79,0.95,18.0,0,SUCCESS
121.2,1,0,2,11,0.995,0.73,0.91,20.2,0,SUCCESS
941.11,0,0,2,18,0.913,0.7,0.9,36.6,1,INSUFFICIENT_FUNDS
971.94,0,0,1,21,0.935,0.31,0.94,12.5,0,SUCCESS
571.81,0,0,1,15,0.948,0.57,0.95,8.3,0,SUCCESS
217.07,1,1,2,11,0.923,0.81,0.87,16.6,1,TIMEOUT
2382.79,0,0,1,7,0.996,1.15,1.0,22.3,0,SUCCESS
2932.57,1,0,2,10,0.98,0.91,0.99,16.4,0,SUCCESS
155.82,0,0,1,13,0.986,0.45,0.99,23.2,0,SUCCESS
1124.32,2,2,1,16,0.864,1.29,0.83,25.8,1,NETWORK_FAILURE
900.31,0,0,1,20,0.881,0.57,0.94,14.1,0,SUCCESS
1855.02,0,0,1,13,0.898,1.18,0.89,19.4,0,SUCCESS
234.4,0,1,2,8,0.941,0.52,0.98,5.6,0,SUCCESS
83.1,0,0,1,9,0.96,0.26,0.98,8.7,0,SUCCESS
355.43,0,0,1,16,0.919,0.89,0.98,12.6,0,SUCCESS
4067.1,0,0,1,21,0.977,0.77,0.87,12.5,0,SUCCESS
382.59,0,0,1,16,0.952,0.83,0.96,8.1,0,SUCCESS
4404.33,0,0,1,16,0.911,0.81,0.94,12.9,0,SUCCESS
5661.72,0,0,1,8,0.883,1.01,0.89,7.5,0,SUCCESS
193.34,0,0,2,17,0.986,0.35,0.93,17.9,0,SUCCESS
921.91,0,0,2,10,0.999,0.32,0.87,7.6,0,SUCCESS
1420.74,0,0,1,8,0.978,0.94,0.98,9.3,0,SUCCESS
671.69,0,0,2,19,0.899,0.87,0.89,15.0,0,SUCCESS
1983.39,1,0,1,16,0.977,0.63,1.0,13.7,0,SUCCESS
243.15,0,0,1,18,0.921,0.27,0.9,14.2,0,SUCCESS
3783.2,0,0,1,17,0.988,0.43,0.88,15.4,0,SUCCESS
2940.75,1,2,2,9,0.814,1.2,0.9,35.2,1,BANK_FAILURE
258.74,0,0,1,21,0.998,0.48,0.9,23.1,0,SUCCESS
369.01,0,1,1,17,0.965,0.47,0.99,18.3,0,SUCCESS
75584.0,4,6,13,2,0.227,6.2,0.16,100.0,1,DUPLICATE_TRANSACTION
190.42,1,0,1,7,0.995,0.44,0.99,19.5,0,SUCCESS
1667.9,0,0,1,14,0.978,1.04,0.9,13.0,0,SUCCESS
2684.24,0,0,1,16,0.898,0.53,0.87,19.5,0,SUCCESS
586.56,1,1,1,11,0.815,0.96,0.79,31.4,1,BANK_FAILURE
2268.46,1,2,1,11,0.945,0.69,0.94,28.4,1,TIMEOUT
1703.57,0,0,2,21,0.936,1.19,0.89,19.7,0,SUCCESS
1001.33,0,0,1,17,0.891,0.42,0.97,10.6,0,SUCCESS
236.01,0,0,1,7,0.892,0.84,0.9,17.7,0,SUCCESS
2203.97,0,0,1,12,0.927,0.79,0.94,20.0,0,SUCCESS
1380.76,0,0,1,10,0.928,0.97,0.94,14.9,0,SUCCESS
2979.02,0,0,1,15,0.945,0.51,0.95,5.9,0,SUCCESS
843.9,0,0,1,17,0.968,0.31,0.88,24.5,0,SUCCESS
1604.59,0,0,2,11,0.969,0.91,0.89,16.0,0,SUCCESS
1233.75,0,0,1,19,0.959,0.71,0.85,6.3,0,SUCCESS
629.9,1,0,1,9,0.99,0.23,0.91,9.5,0,SUCCESS
2075.21,0,0,1,18,0.995,0.98,0.97,17.5,0,SUCCESS
2241.91,0,0,1,18,0.929,0.35,0.93,21.9,0,SUCCESS
941.71,0,0,1,7,0.943,0.32,0.93,17.2,0,SUCCESS
7339.62,0,0,1,8,0.973,1.06,0.98,11.1,0,SUCCESS
2852.44,2,1,3,14,0.73,1.72,0.82,42.1,1,BANK_FAILURE
1660.56,0,0,1,6,0.967,0.82,0.86,7.3,0,SUCCESS
186.74,0,0,1,9,0.897,0.67,0.9,16.0,0,SUCCESS
1519.96,0,0,1,20,0.942,0.66,0.91,22.2,0,SUCCESS
531.1,0,0,1,7,0.969,0.65,0.95,22.0,0,SUCCESS
969.82,0,0,2,8,0.926,0.54,0.97,37.4,1,INSUFFICIENT_FUNDS
1694.55,1,3,2,10,0.942,1.77,0.72,39.3,1,BANK_FAILURE
1479.23,1,2,2,12,0.975,1.43,0.96,34.6,1,NETWORK_FAILURE
3055.88,1,2,1,13,0.806,0.59,0.84,25.1,1,NETWORK_FAILURE
3484.44,2,1,2,9,0.976,1.0,0.98,24.1,1,TIMEOUT
438.59,0,1,1,10,0.927,0.7,0.9,18.3,0,SUCCESS
9647.25,1,1,1,22,0.801,0.86,0.83,30.1,1,TIMEOUT
111.32,0,0,1,6,0.994,0.81,0.87,22.1,0,SUCCESS
936.51,0,0,1,20,0.895,1.11,0.94,19.8,0,SUCCESS
87.26,0,0,1,8,0.986,0.99,0.94,11.8,0,SUCCESS
1496.46,0,0,1,6,0.951,0.98,0.96,16.4,0,SUCCESS
498.08,0,0,1,18,0.98,0.65,0.98,6.8,0,SUCCESS
2125.36,0,0,1,14,0.883,0.32,0.92,21.4,0,SUCCESS
1831.91,1,0,1,17,0.999,0.63,0.94,20.5,0,SUCCESS
1648.94,0,0,1,15,0.936,0.33,0.86,8.8,0,SUCCESS
402.66,0,0,1,15,0.941,1.03,0.91,13.4,0,SUCCESS
624.88,2,2,1,18,0.849,0.56,0.96,27.4,1,TIMEOUT
3902.65,0,0,2,12,0.988,1.08,0.91,13.5,0,SUCCESS
259.83,0,1,1,14,0.893,1.15,0.89,13.9,0,SUCCESS
95551.0,7,9,13,1,0.34,8.33,0.24,100.0,1,AUTHENTICATION_FAILURE
968.89,0,0,1,8,0.967,0.53,0.95,10.2,0,SUCCESS
1607.7,0,0,1,21,0.994,0.45,0.99,24.1,0,SUCCESS
2614.93,0,0,1,18,0.923,0.21,0.96,16.2,0,SUCCESS
2820.28,0,1,1,13,0.968,0.88,0.89,16.9,0,SUCCESS
150961.0,7,6,7,4,0.16,5.86,0.13,100.0,1,DUPLICATE_TRANSACTION
121.5,0,0,1,14,0.969,0.39,0.89,20.9,0,SUCCESS
166.53,0,0,1,13,0.883,0.55,0.95,6.8,0,SUCCESS
2679.7,0,0,1,20,0.899,0.81,0.95,18.4,0,SUCCESS
347.6,0,0,1,12,0.929,0.83,0.9,21.7,0,SUCCESS
2368.65,2,1,2,13,0.979,0.59,0.86,24.3,1,NETWORK_FAILURE
875.96,0,0,1,22,0.916,0.87,0.95,16.6,0,SUCCESS
451.92,3,2,3,10,0.93,1.38,0.7,33.8,1,BANK_FAILURE
2111.09,0,0,1,9,0.978,0.45,0.91,18.1,0,SUCCESS
256.61,0,0,1,16,0.957,0.89,0.92,12.1,0,SUCCESS
2060.67,1,0,1,13,0.89,0.51,0.99,16.5,0,SUCCESS
1678.03,0,0,1,11,0.91,0.55,0.96,14.9,0,SUCCESS
83.88,0,0,1,14,0.947,0.2,0.93,12.9,0,SUCCESS
470.93,1,0,1,22,0.971,0.92,0.99,5.7,0,SUCCESS
760.96,0,0,1,19,0.894,0.66,0.85,15.1,0,SUCCESS
150342.0,3,7,11,4,0.276,4.38,0.12,98.8,1,AUTHENTICATION_FAILURE
299.22,0,0,1,7,0.988,0.63,0.97,12.8,0,SUCCESS
95648.0,5,6,12,23,0.117,5.77,0.1,98.1,1,AUTHENTICATION_FAILURE
527.6,1,2,2,8,0.895,0.75,0.94,29.1,1,NETWORK_FAILURE
1257.79,3,2,3,12,0.769,0.8,0.94,41.4,1,GATEWAY_FAILURE
206.76,0,0,2,10,0.959,0.85,0.98,7.8,0,SUCCESS
723.42,1,0,1,22,0.89,0.22,0.99,21.2,0,SUCCESS
2231.42,2,1,1,19,0.923,1.35,0.88,26.1,1,TIMEOUT
1846.0,0,0,1,18,0.89,0.96,0.92,19.5,0,SUCCESS
1424.93,0,0,2,12,0.889,1.09,0.88,17.6,0,SUCCESS
2731.83,2,1,2,16,0.702,1.08,0.82,27.4,1,BANK_FAILURE
181.15,0,0,1,9,0.95,1.13,0.9,18.5,0,SUCCESS
323.83,0,0,1,8,0.912,0.86,0.99,14.0,0,SUCCESS
1709.77,0,0,1,13,0.937,0.25,0.96,12.3,0,SUCCESS
354.09,1,0,2,15,0.973,1.16,0.89,21.7,0,SUCCESS
1171.94,0,0,2,22,0.904,0.61,0.91,11.4,0,SUCCESS
552.02,3,1,3,10,0.945,0.85,0.86,39.7,1,BANK_FAILURE
624.91,1,1,2,19,0.818,1.16,0.9,15.6,1,TIMEOUT
4243.42,1,0,1,16,0.942,0.47,0.95,12.3,0,SUCCESS
1503.79,0,0,1,13,0.921,0.67,0.91,17.9,0,SUCCESS
3370.16,0,0,2,17,0.933,0.92,0.95,8.3,0,SUCCESS
5720.83,0,0,1,19,0.979,1.12,0.95,7.1,0,SUCCESS
2756.93,0,0,1,9,0.908,0.37,0.86,22.9,0,SUCCESS
45333.0,7,8,8,4,0.281,6.84,0.08,100.0,1,AUTHENTICATION_FAILURE
3140.71,0,0,1,17,0.952,0.54,0.92,10.7,0,SUCCESS
573.59,0,0,1,19,0.908,0.38,1.0,20.1,0,SUCCESS
679.44,0,0,1,7,0.918,0.94,0.96,15.0,0,SUCCESS
104.45,1,0,1,9,0.898,0.23,0.89,24.6,0,SUCCESS
75290.0,7,4,5,4,0.206,8.91,0.14,100.0,1,AUTHENTICATION_FAILURE
1268.49,0,0,1,10,0.993,0.72,0.93,17.0,0,SUCCESS
931.07,1,2,2,9,0.879,1.62,0.86,27.5,1,BANK_FAILURE
300.73,0,0,1,15,0.993,0.75,0.94,19.2,0,SUCCESS
513.52,0,0,1,20,0.943,0.87,0.98,8.7,0,SUCCESS
1189.91,0,0,2,16,0.892,0.87,0.86,16.9,0,SUCCESS
45417.0,5,6,13,4,0.337,7.01,0.33,98.1,1,AUTHENTICATION_FAILURE
1935.64,0,1,1,19,0.911,0.93,0.96,14.2,0,SUCCESS
1449.17,0,0,1,18,0.966,0.74,0.97,10.4,0,SUCCESS
4304.45,2,2,1,15,0.948,1.31,0.91,18.8,1,TIMEOUT
1405.27,0,0,2,10,0.947,0.93,0.97,17.9,0,SUCCESS
1044.88,0,1,1,15,0.901,0.53,0.93,8.4,0,SUCCESS
75.97,0,0,1,9,0.983,1.0,0.97,5.4,0,SUCCESS
946.17,0,0,2,8,0.931,1.15,0.86,19.9,0,SUCCESS
1951.76,2,2,1,10,0.825,1.37,0.87,27.5,1,TIMEOUT
256.48,0,0,2,16,0.885,0.56,0.98,20.2,0,SUCCESS
348.56,0,0,1,7,0.94,0.69,0.88,19.7,0,SUCCESS
587.88,0,0,2,7,0.994,0.23,1.0,22.4,0,SUCCESS
150591.0,7,9,15,4,0.289,3.6,0.21,97.1,1,DUPLICATE_TRANSACTION
45433.0,4,7,16,4,0.304,5.29,0.24,100.0,1,DUPLICATE_TRANSACTION
233.73,0,0,1,15,0.966,0.63,0.98,11.2,0,SUCCESS
101.03,1,0,2,8,0.895,0.6,1.0,8.5,0,SUCCESS
237.66,0,0,1,9,0.885,0.57,0.88,7.0,0,SUCCESS
369.03,0,0,1,8,0.939,1.19,0.86,24.2,1,INSUFFICIENT_FUNDS
655.1,0,0,1,11,0.991,0.76,0.86,13.2,0,SUCCESS
695.43,0,0,1,11,0.899,0.38,0.94,11.9,0,SUCCESS
1084.26,2,1,1,18,0.95,0.73,1.0,22.3,1,TIMEOUT
271.25,0,1,1,12,0.967,0.28,0.95,22.2,0,SUCCESS
413.22,0,0,1,19,0.971,0.92,1.0,10.2,0,SUCCESS
2492.55,2,1,1,11,0.831,1.4,0.92,31.5,1,TIMEOUT
994.86,0,0,1,19,0.926,1.17,0.85,24.7,0,SUCCESS
95739.0,4,9,14,4,0.185,3.97,0.24,94.1,1,AUTHENTICATION_FAILURE
3718.11,1,1,1,20,0.812,0.78,0.94,29.7,1,NETWORK_FAILURE
75682.0,3,9,9,1,0.274,6.67,0.2,100.0,1,AUTHENTICATION_FAILURE
45171.0,7,5,12,4,0.15,4.68,0.23,100.0,1,AUTHENTICATION_FAILURE
2212.8,0,0,1,22,0.928,1.02,0.98,19.7,0,SUCCESS
2775.21,0,0,1,7,0.887,1.05,0.96,19.0,0,SUCCESS
547.03,0,0,1,6,0.882,0.99,0.97,9.4,0,SUCCESS
245.77,0,0,1,9,0.936,0.45,0.93,12.7,0,SUCCESS
333.22,0,0,2,22,0.898,1.0,0.93,21.6,0,SUCCESS
54.72,0,0,1,6,0.886,1.15,0.96,11.4,0,SUCCESS
511.53,0,0,1,9,0.987,0.99,0.87,17.2,0,SUCCESS
6647.07,0,0,2,17,0.883,0.29,0.95,13.0,0,SUCCESS
1054.28,0,0,1,18,0.909,0.66,0.92,23.2,1,INSUFFICIENT_FUNDS
2555.98,0,0,1,15,0.984,0.46,0.88,5.4,0,SUCCESS
167.28,0,0,2,9,0.931,0.48,0.99,8.7,0,SUCCESS
1421.45,1,0,1,17,0.944,0.33,0.87,20.5,0,SUCCESS
150844.0,3,9,11,2,0.213,6.03,0.35,100.0,1,DUPLICATE_TRANSACTION
1144.02,0,0,2,16,0.911,0.56,0.98,8.4,0,SUCCESS
346.76,1,0,2,21,0.991,0.7,0.95,12.7,0,SUCCESS
475.02,1,1,2,15,0.97,0.99,0.87,31.2,1,TIMEOUT
1390.7,1,0,1,8,0.927,0.76,0.89,6.6,0,SUCCESS
78.66,0,0,1,12,0.967,0.54,0.95,17.3,0,SUCCESS
888.12,0,0,1,15,0.914,1.09,0.91,13.0,0,SUCCESS
672.74,0,0,1,6,0.997,0.34,0.9,11.4,0,SUCCESS
344.04,2,3,1,18,0.917,1.21,0.73,37.9,1,BANK_FAILURE
150710.0,4,8,8,23,0.113,6.31,0.12,100.0,1,AUTHENTICATION_FAILURE
4838.35,0,0,1,21,0.99,0.77,0.88,11.9,0,SUCCESS
954.63,1,0,1,8,1.0,0.85,0.91,11.6,0,SUCCESS
3267.92,0,0,1,6,0.937,0.55,0.96,11.3,0,SUCCESS
201.59,1,0,1,6,1.0,0.79,0.95,18.6,0,SUCCESS
2288.15,0,0,2,22,0.906,0.87,0.98,18.7,0,SUCCESS
1059.42,2,1,1,11,0.941,1.11,0.86,33.5,1,TIMEOUT
2156.74,3,2,2,11,0.724,0.88,0.74,33.5,1,GATEWAY_FAILURE
189.08,0,0,1,17,0.949,0.3,0.88,25.0,0,SUCCESS
310.2,0,1,1,15,0.908,0.63,0.96,7.7,0,SUCCESS
1656.1,0,1,1,9,0.933,1.13,0.92,18.9,0,SUCCESS
135.17,0,0,1,16,0.994,0.6,0.94,22.8,0,SUCCESS
2182.76,0,1,2,21,0.919,1.09,0.91,19.5,0,SUCCESS
152.65,0,0,1,10,0.905,0.92,0.89,18.7,0,SUCCESS
2071.86,1,2,2,17,0.82,0.55,0.97,16.0,1,NETWORK_FAILURE
160.51,0,0,1,19,0.942,0.29,0.96,21.7,0,SUCCESS
2855.24,0,0,1,20,0.92,0.94,0.89,22.9,0,SUCCESS
1582.59,1,1,1,20,0.959,1.07,0.83,19.1,1,NETWORK_FAILURE
806.91,0,0,1,17,0.946,0.9,1.0,12.2,0,SUCCESS
2769.25,0,0,1,9,0.963,0.8,0.86,6.6,0,SUCCESS
74.18,0,0,1,13,0.901,0.81,0.89,20.9,0,SUCCESS
1970.74,0,0,1,13,0.935,1.0,0.89,15.3,0,SUCCESS
1157.61,0,0,1,16,0.902,0.87,0.95,31.7,1,INSUFFICIENT_FUNDS
1065.91,1,1,1,18,0.896,0.91,0.92,18.9,1,NETWORK_FAILURE
219.64,0,0,1,6,0.984,0.52,0.9,7.1,0,SUCCESS
2563.99,1,0,1,22,0.988,0.61,0.97,13.6,0,SUCCESS
2271.81,2,1,1,10,0.988,1.11,0.87,20.2,1,NETWORK_FAILURE
97.69,1,0,2,15,0.984,0.67,1.0,6.5,0,SUCCESS
95125.0,7,7,10,1,0.257,4.82,0.22,93.8,1,AUTHENTICATION_FAILURE
498.45,0,0,1,11,0.961,0.86,0.94,9.1,0,SUCCESS
719.87,0,0,1,11,0.944,0.22,0.99,21.9,0,SUCCESS
411.21,0,0,1,12,0.962,0.68,0.99,5.6,0,SUCCESS
556.62,1,0,1,8,0.98,0.58,0.86,6.3,0,SUCCESS
75380.0,3,7,15,23,0.281,4.96,0.09,100.0,1,DUPLICATE_TRANSACTION
487.95,0,0,1,12,0.954,1.18,0.91,12.8,0,SUCCESS
797.94,0,0,1,19,0.946,0.53,0.87,14.3,0,SUCCESS
53.07,0,0,1,18,0.932,0.66,0.92,18.2,0,SUCCESS
801.74,1,0,1,11,0.929,1.06,0.9,24.3,0,SUCCESS
276.22,0,0,1,19,0.936,1.0,0.96,8.5,0,SUCCESS
373.1,0,0,1,18,0.915,0.62,0.92,16.9,0,SUCCESS
395.9,1,0,1,22,0.93,0.57,0.93,14.1,0,SUCCESS
2693.34,0,0,2,7,0.988,0.91,1.0,17.7,0,SUCCESS
150490.0,3,5,18,23,0.394,5.8,0.11,100.0,1,AUTHENTICATION_FAILURE
1304.67,1,0,2,7,0.997,1.1,0.89,11.5,0,SUCCESS
150258.0,4,8,6,2,0.059,8.94,0.26,100.0,1,DUPLICATE_TRANSACTION
641.23,0,0,2,20,0.962,1.11,0.94,14.1,0,SUCCESS
1068.11,0,0,2,19,0.963,0.39,0.93,18.0,0,SUCCESS
2795.22,0,0,2,12,0.973,0.37,0.87,15.5,0,SUCCESS
1731.93,1,1,1,10,0.856,1.12,0.84,19.4,1,NETWORK_FAILURE
132.62,1,0,1,6,0.938,0.8,0.89,20.4,0,SUCCESS
1232.08,0,0,2,10,0.939,0.4,1.0,22.9,0,SUCCESS
464.23,0,0,2,8,0.983,0.45,0.9,17.7,0,SUCCESS
50.24,0,0,1,13,0.993,0.71,0.92,18.4,0,SUCCESS
95997.0,7,9,18,4,0.287,8.05,0.13,100.0,1,DUPLICATE_TRANSACTION
4314.06,0,0,1,10,0.908,0.25,0.89,13.0,0,SUCCESS
1226.51,0,0,2,8,0.922,0.67,0.97,9.5,0,SUCCESS
342.75,1,0,2,22,0.889,0.21,0.9,12.8,0,SUCCESS
379.95,0,0,1,12,0.904,0.34,0.9,16.6,0,SUCCESS
1758.99,2,2,2,11,0.914,0.91,0.98,33.2,1,TIMEOUT
1803.12,0,0,1,13,0.923,0.75,0.95,17.4,0,SUCCESS
1513.87,0,0,2,20,0.982,0.82,0.88,9.2,0,SUCCESS
56.68,0,0,1,9,0.924,0.69,0.86,37.0,1,INSUFFICIENT_FUNDS
1788.05,0,0,1,20,0.901,0.8,0.93,24.6,0,SUCCESS
1701.43,0,0,1,16,0.988,0.25,0.95,5.9,0,SUCCESS
1984.92,0,0,1,19,0.894,0.94,0.89,17.6,0,SUCCESS
6384.57,3,2,1,11,0.736,1.69,0.93,44.3,1,BANK_FAILURE
653.1,0,0,1,21,0.965,1.07,0.97,15.6,0,SUCCESS
178.69,0,0,2,14,0.924,0.29,0.98,11.8,0,SUCCESS
344.46,0,0,1,16,0.901,0.37,0.94,12.7,0,SUCCESS
118.4,0,0,2,7,0.888,0.79,0.99,10.2,0,SUCCESS
2923.0,0,0,1,10,0.971,0.44,0.96,20.9,0,SUCCESS
389.76,0,0,1,22,0.893,0.72,0.94,10.6,0,SUCCESS
75982.0,5,7,7,4,0.182,7.31,0.12,100.0,1,AUTHENTICATION_FAILURE
223.59,0,0,1,12,0.994,0.8,0.94,7.6,0,SUCCESS
14279.54,1,1,3,14,0.749,1.63,0.95,28.3,1,GATEWAY_FAILURE
157.33,0,1,1,12,0.913,0.82,0.95,11.4,0,SUCCESS
3137.73,1,2,1,12,0.945,1.37,0.8,19.9,1,TIMEOUT
162.18,0,0,2,17,0.899,0.73,0.96,10.9,0,SUCCESS
1751.56,0,0,1,14,0.967,1.15,0.91,11.9,0,SUCCESS
1430.84,0,0,2,18,0.971,0.29,0.92,23.0,0,SUCCESS
5389.71,3,3,3,20,0.712,2.0,0.91,41.8,1,GATEWAY_FAILURE
336.34,0,0,1,22,0.957,0.83,0.96,9.5,0,SUCCESS
2048.92,2,2,1,14,0.838,1.29,0.98,20.7,1,TIMEOUT
302.4,0,0,2,6,0.909,0.53,0.9,11.5,0,SUCCESS
2944.21,3,2,2,20,0.707,0.98,0.77,38.3,1,BANK_FAILURE
904.72,1,0,1,11,0.967,0.59,0.86,21.3,0,SUCCESS
1088.95,0,0,2,21,0.987,0.25,0.88,20.0,0,SUCCESS
1531.88,0,0,2,19,0.941,1.05,0.9,10.2,0,SUCCESS
2706.41,0,0,2,16,0.989,0.24,0.96,16.4,0,SUCCESS
714.0,1,0,1,8,0.897,1.11,0.95,13.8,0,SUCCESS
1070.9,0,0,1,20,0.973,1.12,0.91,10.9,0,SUCCESS
1273.86,1,1,1,6,0.893,0.76,0.95,22.6,0,SUCCESS
136.2,0,0,2,10,0.963,0.23,0.88,9.4,0,SUCCESS
1376.95,0,0,1,19,0.941,0.44,0.97,6.7,0,SUCCESS
942.05,0,0,2,19,0.882,0.49,0.91,16.3,0,SUCCESS
5289.47,2,2,2,19,0.917,0.54,0.93,17.4,1,NETWORK_FAILURE
3560.51,0,0,1,6,0.903,1.11,0.86,11.2,0,SUCCESS
456.86,0,1,1,11,0.961,1.08,0.97,16.5,0,SUCCESS
3232.4,1,1,1,12,0.822,1.23,1.0,17.3,1,NETWORK_FAILURE
727.14,0,0,2,8,0.973,1.15,0.92,13.2,0,SUCCESS
6107.29,2,1,3,12,0.746,1.63,0.72,30.7,1,BANK_FAILURE
1373.46,0,0,1,14,0.98,0.51,0.86,6.5,0,SUCCESS
397.04,1,0,1,10,0.973,0.52,0.97,8.5,0,SUCCESS
1847.51,3,2,2,18,0.754,0.94,0.95,37.8,1,GATEWAY_FAILURE
383.94,0,0,1,8,0.908,0.83,0.89,8.8,0,SUCCESS
785.76,0,1,1,15,0.989,1.09,0.89,17.9,0,SUCCESS
649.47,0,0,1,7,0.928,0.66,0.88,17.2,0,SUCCESS
1756.35,0,0,1,6,0.997,0.26,0.94,16.7,0,SUCCESS
93.37,0,0,1,13,0.918,0.38,0.99,18.4,0,SUCCESS
2965.91,0,0,1,18,0.94,0.43,0.88,9.5,0,SUCCESS
2318.46,1,1,1,14,0.916,1.14,0.93,22.4,1,NETWORK_FAILURE
95133.0,4,5,5,3,0.384,3.83,0.17,96.9,1,AUTHENTICATION_FAILURE
239.05,1,0,1,8,0.97,0.44,0.98,15.6,0,SUCCESS
1159.09,0,0,2,7,0.909,0.55,0.97,12.3,0,SUCCESS
1734.95,0,1,1,11,0.974,1.18,0.89,35.5,1,INSUFFICIENT_FUNDS
1215.87,0,0,1,11,0.988,0.6,0.95,8.7,0,SUCCESS
2133.16,0,0,1,14,0.999,0.94,0.9,21.5,0,SUCCESS
2736.48,1,2,2,18,0.967,1.12,0.99,22.7,1,NETWORK_FAILURE
246.69,0,0,1,15,0.993,0.98,0.94,9.9,0,SUCCESS
944.22,0,0,1,11,0.88,1.12,0.9,9.4,0,SUCCESS
3147.3,1,1,1,14,0.937,1.49,0.84,41.8,1,GATEWAY_FAILURE
2458.78,0,0,1,14,0.99,0.83,0.98,16.7,0,SUCCESS
529.0,0,1,1,15,0.89,0.43,0.96,18.2,0,SUCCESS
267.57,0,0,1,15,0.897,1.06,0.87,18.1,0,SUCCESS
1169.73,0,0,2,21,0.908,1.1,0.95,9.5,0,SUCCESS
345.84,0,0,1,14,0.892,1.06,0.98,18.6,0,SUCCESS
1166.4,0,0,1,7,0.989,0.53,0.87,19.2,0,SUCCESS
979.15,0,0,1,17,0.912,0.22,0.93,24.8,0,SUCCESS
2075.42,1,0,1,17,0.953,0.92,0.91,9.3,0,SUCCESS
974.67,0,1,1,17,0.971,0.53,0.93,12.7,0,SUCCESS
224.73,0,0,1,20,0.88,0.98,0.95,7.6,0,SUCCESS
5081.01,0,0,2,14,0.94,0.58,0.98,9.9,0,SUCCESS
452.86,0,0,1,9,0.971,0.8,0.94,9.4,0,SUCCESS
1312.8,1,0,1,7,0.923,1.0,0.9,33.6,1,INSUFFICIENT_FUNDS
90.17,0,0,1,12,0.948,0.4,0.99,23.5,0,SUCCESS
238.49,0,0,1,13,0.889,0.8,0.88,7.9,0,SUCCESS
53.95,0,0,1,15,0.98,0.28,0.94,9.7,0,SUCCESS
416.86,0,0,2,14,0.935,1.03,0.91,10.0,0,SUCCESS
10398.16,3,1,2,17,0.947,0.96,0.91,43.7,1,BANK_FAILURE
75705.0,6,9,7,3,0.196,7.85,0.18,100.0,1,DUPLICATE_TRANSACTION
1025.45,0,0,1,9,0.887,0.67,0.89,24.0,0,SUCCESS
584.35,0,0,1,21,0.923,0.82,0.88,36.6,1,INSUFFICIENT_FUNDS
1075.55,0,0,1,22,0.918,0.78,0.96,13.0,0,SUCCESS
222.53,2,2,2,22,0.879,1.34,0.92,29.7,1,NETWORK_FAILURE
564.29,0,1,1,22,0.994,0.98,0.88,16.2,0,SUCCESS
193.02,0,0,1,14,0.965,0.62,0.88,19.5,0,SUCCESS
1172.25,0,0,1,9,0.923,0.99,0.87,12.2,0,SUCCESS
1221.29,1,1,2,19,0.885,1.49,0.84,30.4,1,TIMEOUT
1543.48,2,1,1,20,0.962,0.97,0.97,16.9,1,TIMEOUT
1319.41,0,0,1,13,0.981,0.81,0.94,10.9,0,SUCCESS
2203.26,1,0,2,7,0.954,0.71,0.9,9.1,0,SUCCESS
1836.15,0,0,1,9,0.906,0.46,0.89,22.7,0,SUCCESS
1834.36,0,1,2,22,0.983,1.17,0.95,18.5,0,SUCCESS
1226.07,0,0,1,15,0.974,0.66,0.9,22.6,0,SUCCESS
2025.43,2,2,2,20,0.967,1.4,0.93,29.7,1,TIMEOUT
97.11,0,0,1,10,0.896,0.58,0.87,9.0,0,SUCCESS
113.12,1,0,1,7,0.96,0.78,0.98,10.7,0,SUCCESS
1926.68,0,0,1,13,0.981,0.29,0.98,14.7,0,SUCCESS
2226.89,1,0,1,21,0.893,0.98,0.98,23.5,0,SUCCESS
2357.54,1,0,1,7,0.888,0.8,0.96,24.2,0,SUCCESS
1033.38,1,1,1,13,0.855,0.93,0.9,16.3,1,NETWORK_FAILURE
847.6,0,0,1,21,0.966,0.85,0.88,9.1,0,SUCCESS
395.83,0,1,1,10,0.943,0.67,0.9,22.5,0,SUCCESS
1709.3,0,0,1,7,0.899,0.89,1.0,17.2,0,SUCCESS
274.57,0,0,1,19,0.896,0.97,0.97,7.5,0,SUCCESS
4568.51,0,0,2,13,0.992,0.7,0.89,16.6,0,SUCCESS
702.54,0,0,1,7,0.893,0.59,0.92,17.6,0,SUCCESS
2311.92,1,1,2,12,0.9,0.87,0.8,26.6,1,TIMEOUT
2079.05,0,0,1,16,0.967,0.88,0.91,18.2,0,SUCCESS
5617.54,2,1,1,14,0.835,1.22,0.87,34.8,1,NETWORK_FAILURE
1553.84,0,0,1,20,0.885,0.74,0.97,17.2,0,SUCCESS
1639.01,1,2,1,20,0.869,0.81,0.94,18.2,1,TIMEOUT
64.73,1,0,1,17,0.942,0.88,0.86,14.2,0,SUCCESS
753.47,0,0,1,18,0.897,0.89,0.91,15.2,0,SUCCESS
1773.57,0,0,2,15,0.972,0.27,0.92,19.8,0,SUCCESS
305.65,0,0,1,15,0.976,0.67,0.95,23.3,0,SUCCESS
678.95,0,0,1,21,0.996,1.05,0.9,37.4,1,INSUFFICIENT_FUNDS
3072.65,3,3,3,16,0.704,0.98,0.93,37.9,1,BANK_FAILURE
592.44,0,0,1,7,0.989,0.49,0.94,11.4,0,SUCCESS
405.39,0,0,1,15,0.952,0.89,0.91,5.6,0,SUCCESS
150423.0,5,6,16,1,0.299,4.05,0.18,97.5,1,AUTHENTICATION_FAILURE
2650.37,1,1,2,19,0.858,1.06,0.98,31.6,1,TIMEOUT
120.63,0,0,1,14,0.93,0.97,0.86,5.8,0,SUCCESS
819.85,2,1,2,21,0.879,1.31,0.95,30.7,1,TIMEOUT
787.82,0,0,1,10,0.897,0.69,0.89,8.4,0,SUCCESS
1639.58,0,0,1,21,0.906,0.51,0.99,22.0,0,SUCCESS
95956.0,3,9,9,4,0.076,7.98,0.24,100.0,1,DUPLICATE_TRANSACTION
1892.14,2,2,1,17,0.851,0.89,0.85,19.9,1,NETWORK_FAILURE
1070.02,0,0,1,14,0.937,0.74,0.89,15.5,0,SUCCESS
1379.38,1,2,1,9,0.904,0.83,0.99,31.9,1,TIMEOUT
4909.7,0,0,1,16,0.988,0.25,0.93,23.4,0,SUCCESS
455.34,1,0,1,12,0.919,0.61,0.99,20.1,0,SUCCESS
4831.18,0,0,1,21,0.996,0.4,0.86,13.5,0,SUCCESS
1083.43,0,0,2,18,0.932,0.72,0.86,19.9,0,SUCCESS
187.97,0,0,1,12,0.977,0.67,0.98,11.8,0,SUCCESS
3842.76,0,1,1,12,0.881,0.8,0.92,15.6,0,SUCCESS
1512.1,2,2,1,20,0.906,0.77,0.99,15.3,1,NETWORK_FAILURE
2428.92,2,1,2,20,0.855,0.82,0.8,29.6,1,TIMEOUT
2332.14,2,1,1,16,0.971,1.06,0.94,15.2,1,NETWORK_FAILURE
2296.64,0,0,2,18,0.987,0.76,0.89,19.9,0,SUCCESS
894.86,1,0,1,9,0.92,0.56,0.86,10.6,0,SUCCESS
468.22,1,0,1,15,0.97,0.56,0.89,23.6,0,SUCCESS
2117.17,0,0,1,16,0.937,0.85,0.9,6.0,0,SUCCESS
150599.0,4,8,12,1,0.178,6.0,0.26,100.0,1,AUTHENTICATION_FAILURE
2743.24,1,0,1,20,0.929,0.41,0.93,20.9,0,SUCCESS
45598.0,5,7,7,2,0.086,8.47,0.13,100.0,1,AUTHENTICATION_FAILURE
1116.74,0,1,1,21,0.962,0.69,0.87,23.2,0,SUCCESS
1391.11,0,0,1,10,0.943,1.09,0.85,10.6,0,SUCCESS
976.35,0,0,1,18,0.939,0.68,0.9,20.8,0,SUCCESS
174.81,0,0,1,22,0.947,0.2,0.9,7.8,0,SUCCESS
45813.0,6,7,12,23,0.286,5.05,0.05,98.0,1,DUPLICATE_TRANSACTION
394.12,1,0,1,20,0.936,1.12,0.97,10.7,0,SUCCESS
2289.0,0,0,2,22,0.884,0.81,0.9,11.6,0,SUCCESS
1443.66,0,0,1,15,0.92,0.54,0.96,16.7,0,SUCCESS
168.91,1,1,1,11,0.989,1.45,0.99,31.2,1,TIMEOUT
348.1,0,1,2,21,0.971,1.16,0.95,13.2,0,SUCCESS
1429.42,0,0,1,18,1.0,0.63,0.99,13.6,0,SUCCESS
3208.64,0,0,2,17,0.913,0.65,0.91,37.3,1,INSUFFICIENT_FUNDS
631.87,1,1,3,9,0.76,1.75,0.89,29.5,1,BANK_FAILURE
447.87,0,0,1,9,0.952,0.21,0.9,23.6,0,SUCCESS
483.96,1,0,1,18,0.91,0.51,0.94,20.2,0,SUCCESS
884.11,0,0,1,9,0.904,1.08,0.91,21.7,0,SUCCESS
75193.0,6,7,11,1,0.168,3.75,0.26,98.7,1,AUTHENTICATION_FAILURE
2670.38,1,1,2,21,0.98,0.35,0.93,19.2,0,SUCCESS
2413.45,1,0,1,19,0.974,0.85,0.92,7.2,0,SUCCESS
1533.36,0,0,1,16,0.941,0.3,0.86,20.0,0,SUCCESS
967.1,0,0,1,22,0.966,0.76,0.88,23.8,0,SUCCESS
1480.51,0,0,1,17,0.958,0.21,0.9,12.9,0,SUCCESS
796.71,0,0,2,13,0.955,0.78,0.95,19.3,0,SUCCESS
75819.0,5,7,5,3,0.076,7.03,0.29,100.0,1,DUPLICATE_TRANSACTION
2087.18,0,0,1,8,0.942,0.59,0.94,15.3,0,SUCCESS
6149.34,0,0,1,19,0.915,1.18,1.0,20.9,0,SUCCESS
1239.05,0,0,1,17,0.959,0.34,0.91,7.0,0,SUCCESS
446.7,0,0,1,9,0.994,0.71,0.99,11.7,0,SUCCESS
1559.36,1,0,1,17,0.891,1.08,0.85,24.4,0,SUCCESS
1387.18,0,0,1,11,0.925,0.3,0.98,10.7,0,SUCCESS
408.57,0,1,1,10,0.888,0.51,0.9,20.2,1,INSUFFICIENT_FUNDS
60.55,0,1,1,13,0.955,0.44,0.94,17.9,0,SUCCESS
936.21,0,1,1,9,0.924,0.32,0.91,11.9,0,SUCCESS
1124.71,1,0,1,20,0.931,0.97,0.92,20.8,0,SUCCESS
140.62,0,0,2,10,0.888,1.1,0.87,11.7,0,SUCCESS
1164.36,0,0,1,14,0.979,0.27,0.88,11.0,0,SUCCESS
2613.63,2,1,1,14,0.943,0.86,0.71,42.9,1,BANK_FAILURE
2785.99,0,0,1,11,0.951,0.46,0.95,11.2,0,SUCCESS
2279.08,0,0,2,10,0.976,0.98,0.9,18.2,0,SUCCESS
45616.0,3,4,14,3,0.395,9.0,0.31,100.0,1,AUTHENTICATION_FAILURE
45411.0,3,9,10,3,0.371,4.18,0.24,98.0,1,AUTHENTICATION_FAILURE
2494.78,0,0,1,13,0.995,0.75,0.98,11.4,0,SUCCESS
740.72,0,0,2,18,0.965,0.21,0.96,13.1,0,SUCCESS
4162.65,0,0,1,22,0.918,0.81,0.87,10.1,0,SUCCESS
100.65,1,1,1,21,0.96,0.98,0.94,6.9,0,SUCCESS
4484.28,0,0,1,18,0.932,1.11,0.97,25.5,1,INSUFFICIENT_FUNDS
45988.0,4,6,7,23,0.398,8.29,0.19,100.0,1,AUTHENTICATION_FAILURE
45405.0,4,8,18,4,0.091,7.76,0.28,100.0,1,DUPLICATE_TRANSACTION
330.85,0,0,1,7,0.957,0.89,0.86,13.4,0,SUCCESS
1101.01,0,0,1,15,0.995,0.65,0.93,16.7,0,SUCCESS
75606.0,7,9,13,4,0.055,8.99,0.22,100.0,1,AUTHENTICATION_FAILURE
699.24,1,2,2,14,0.878,0.73,0.9,30.9,1,TIMEOUT
95127.0,4,6,17,2,0.328,4.67,0.27,100.0,1,DUPLICATE_TRANSACTION
65.61,0,0,1,6,0.92,0.53,0.92,21.9,0,SUCCESS
1024.87,2,2,1,13,0.97,0.69,0.81,18.2,1,TIMEOUT
302.98,1,0,1,14,0.966,0.25,0.92,11.6,0,SUCCESS
1244.4,0,0,1,21,0.962,0.88,0.88,29.6,1,INSUFFICIENT_FUNDS
1041.08,0,0,1,22,1.0,0.23,0.86,6.6,0,SUCCESS
3546.5,3,1,3,13,0.781,1.35,0.76,42.3,1,GATEWAY_FAILURE
1107.7,0,0,1,14,0.903,0.35,0.9,13.2,0,SUCCESS
150115.0,6,5,12,23,0.36,7.36,0.26,100.0,1,AUTHENTICATION_FAILURE
3401.07,2,2,1,18,0.897,0.51,0.86,33.7,1,NETWORK_FAILURE
768.3,2,1,1,18,0.907,1.31,0.84,32.4,1,NETWORK_FAILURE
1749.35,1,0,1,12,0.887,0.86,0.89,7.4,0,SUCCESS
1047.2,1,1,1,16,0.808,0.91,0.95,32.5,1,TIMEOUT
283.75,2,2,2,20,0.954,1.11,0.82,28.7,1,TIMEOUT
7562.28,1,2,1,9,0.857,1.25,0.97,28.6,1,TIMEOUT
395.12,0,1,1,22,0.934,0.33,0.87,18.0,0,SUCCESS
1135.33,1,2,1,22,0.952,1.23,0.84,28.8,1,TIMEOUT
61.94,0,1,1,19,0.901,1.02,0.97,20.5,0,SUCCESS
795.91,1,0,1,22,0.991,0.53,0.88,14.3,0,SUCCESS
286.16,0,0,1,9,0.975,0.21,0.87,15.8,0,SUCCESS
390.32,0,0,1,14,0.923,0.47,0.93,24.6,0,SUCCESS
208.28,0,0,1,16,0.992,1.08,0.91,19.0,0,SUCCESS
159.35,0,0,1,16,0.95,0.32,0.96,19.1,0,SUCCESS
1003.18,0,0,1,18,0.922,0.25,0.92,23.1,0,SUCCESS
75606.0,5,6,17,2,0.053,3.56,0.23,98.3,1,AUTHENTICATION_FAILURE
2796.06,2,1,2,19,0.968,0.51,0.86,21.7,1,TIMEOUT
266.21,0,1,1,14,0.903,1.01,0.89,11.6,0,SUCCESS
691.04,0,0,1,8,0.929,0.7,0.97,21.4,0,SUCCESS
1970.25,0,0,1,16,0.898,0.31,0.97,5.9,0,SUCCESS
2065.52,1,2,2,14,0.988,1.11,0.92,30.1,1,NETWORK_FAILURE
365.98,0,0,1,14,0.94,1.16,0.9,24.4,0,SUCCESS
1099.07,0,0,1,20,0.927,0.23,0.96,24.1,0,SUCCESS
1225.95,0,0,1,9,0.908,0.86,0.93,18.2,0,SUCCESS
1439.33,0,0,1,14,0.914,0.51,0.88,20.8,0,SUCCESS
533.54,0,0,1,9,0.95,0.5,0.95,21.6,0,SUCCESS
7550.06,0,0,1,12,0.986,0.52,0.89,33.5,1,INSUFFICIENT_FUNDS
1154.84,0,0,1,21,0.901,0.48,0.88,24.4,0,SUCCESS
71.54,1,0,1,7,0.921,0.49,0.92,11.7,0,SUCCESS
75759.0,4,4,14,4,0.099,4.98,0.18,100.0,1,AUTHENTICATION_FAILURE
983.76,3,1,2,17,0.862,1.12,0.74,42.4,1,BANK_FAILURE
188.17,0,0,1,11,0.89,0.77,0.93,12.8,0,SUCCESS
95933.0,5,8,13,3,0.31,3.74,0.3,98.2,1,AUTHENTICATION_FAILURE
2195.75,0,0,2,9,0.883,0.84,0.9,13.6,0,SUCCESS
2526.11,0,1,1,13,0.91,1.15,0.95,24.0,0,SUCCESS
1040.65,0,0,1,7,0.968,1.13,0.9,23.0,0,SUCCESS
521.07,0,0,1,6,0.976,0.96,0.96,12.5,0,SUCCESS
229.48,0,0,1,14,0.895,0.74,0.97,9.0,0,SUCCESS
1293.64,1,2,2,20,0.948,0.8,0.84,26.2,1,NETWORK_FAILURE
95593.0,6,8,15,2,0.176,5.29,0.13,100.0,1,DUPLICATE_TRANSACTION
2010.58,0,0,1,21,0.903,0.68,0.86,19.0,0,SUCCESS
925.67,0,0,1,10,0.996,0.43,0.91,15.1,0,SUCCESS
366.8,0,0,1,18,0.945,0.39,0.89,7.5,0,SUCCESS
3274.01,2,3,3,9,0.827,0.88,0.96,30.9,1,GATEWAY_FAILURE
2659.77,1,0,1,22,0.982,0.45,0.88,22.0,0,SUCCESS
336.32,0,0,2,17,0.931,0.22,0.86,18.0,0,SUCCESS
4067.26,0,0,1,7,0.924,1.18,0.98,5.9,0,SUCCESS
1632.65,2,2,1,8,0.826,1.06,0.93,33.7,1,TIMEOUT
2303.81,0,0,1,14,0.994,0.94,0.95,20.1,0,SUCCESS
516.23,0,0,1,18,0.908,0.63,0.98,5.4,0,SUCCESS
690.98,0,0,2,22,0.88,1.03,0.89,22.7,0,SUCCESS
1460.16,0,1,1,8,0.924,0.96,0.88,11.3,0,SUCCESS
169.01,0,0,1,14,0.952,0.68,0.88,7.8,0,SUCCESS
206.83,0,0,1,22,0.898,0.97,0.86,17.5,0,SUCCESS
998.45,0,0,2,20,0.957,0.82,0.97,22.5,0,SUCCESS
150285.0,7,6,12,4,0.305,5.46,0.2,100.0,1,AUTHENTICATION_FAILURE
95868.0,5,7,6,3,0.256,8.01,0.31,100.0,1,DUPLICATE_TRANSACTION
2678.35,0,0,2,21,0.978,0.74,0.95,16.2,0,SUCCESS
889.51,1,2,2,22,0.989,0.74,0.98,16.9,1,NETWORK_FAILURE
1533.62,0,0,1,22,0.97,0.38,0.91,7.3,0,SUCCESS
228.06,0,0,1,14,0.953,0.41,0.92,22.3,0,SUCCESS
278.69,0,0,2,19,0.934,1.14,0.91,13.7,0,SUCCESS
1657.23,0,0,1,13,1.0,0.27,1.0,24.0,0,SUCCESS
2342.78,0,0,1,16,0.882,0.83,0.95,16.7,0,SUCCESS
292.25,0,0,1,17,0.954,0.3,0.98,16.6,0,SUCCESS
1330.4,0,0,1,8,0.982,1.18,1.0,20.4,0,SUCCESS
3808.78,0,0,1,15,0.963,0.56,0.91,16.2,0,SUCCESS
3147.87,0,0,1,7,0.978,0.51,0.91,19.0,0,SUCCESS
3011.75,0,0,1,10,0.983,0.99,0.9,12.1,0,SUCCESS
106.09,0,0,1,8,0.943,0.35,0.96,18.3,0,SUCCESS
472.1,1,0,1,6,0.902,1.03,0.98,15.5,0,SUCCESS
2973.13,0,0,2,15,0.951,0.62,0.94,17.4,0,SUCCESS
1275.1,0,0,1,14,0.881,0.36,0.98,9.8,0,SUCCESS
4263.04,0,0,1,20,0.908,0.7,0.88,24.7,0,SUCCESS
2303.86,0,0,2,19,0.994,0.92,0.86,18.4,0,SUCCESS
1298.3,0,0,1,22,0.925,1.08,0.95,9.1,0,SUCCESS
792.94,1,2,1,11,0.943,0.86,0.91,20.6,1,NETWORK_FAILURE
5211.22,0,0,1,22,0.993,0.88,0.88,12.2,0,SUCCESS
1771.58,2,3,3,20,0.788,1.87,0.72,34.3,1,GATEWAY_FAILURE
2788.5,2,1,2,15,0.956,1.16,0.8,18.6,1,NETWORK_FAILURE
150452.0,3,7,17,23,0.154,8.61,0.27,100.0,1,AUTHENTICATION_FAILURE
620.48,1,0,1,20,0.911,0.97,0.91,20.1,0,SUCCESS
71.29,1,0,1,13,0.998,1.11,0.9,20.5,0,SUCCESS
1723.44,0,0,1,17,0.917,0.67,0.98,20.6,0,SUCCESS
648.99,0,0,1,19,0.913,0.67,1.0,22.6,0,SUCCESS
289.2,0,0,2,10,0.934,0.72,0.93,11.6,0,SUCCESS
280.18,0,0,1,10,0.953,1.18,0.89,20.7,0,SUCCESS
369.89,1,0,1,19,0.972,0.52,0.94,6.0,0,SUCCESS
420.74,0,1,1,12,0.959,0.43,0.87,5.5,0,SUCCESS
464.02,1,0,1,10,0.983,0.61,0.85,17.7,0,SUCCESS
2532.02,1,2,1,16,0.906,1.25,0.84,22.4,1,TIMEOUT
191.89,1,2,3,13,0.716,1.24,0.97,32.8,1,GATEWAY_FAILURE
945.39,0,0,1,10,0.963,0.7,0.92,18.8,0,SUCCESS
311.13,0,0,1,9,0.939,0.56,1.0,19.2,0,SUCCESS
764.08,0,0,1,18,0.942,1.18,0.93,8.6,0,SUCCESS
205.85,3,1,2,12,0.757,1.64,0.77,43.2,1,GATEWAY_FAILURE
951.21,0,1,1,8,0.915,1.01,0.87,20.3,0,SUCCESS
636.16,0,0,2,21,0.988,0.74,0.85,23.5,0,SUCCESS
150318.0,7,8,16,4,0.36,4.39,0.08,94.8,1,AUTHENTICATION_FAILURE
501.25,0,0,1,22,0.906,0.21,0.88,11.7,0,SUCCESS
87.49,0,0,2,16,0.942,0.93,0.92,5.3,0,SUCCESS
122.38,2,2,2,20,0.949,0.81,0.89,19.7,1,TIMEOUT
5477.3,0,0,1,22,0.93,0.88,0.98,6.0,0,SUCCESS
478.76,0,0,2,12,0.997,0.89,0.91,12.8,0,SUCCESS
1826.42,2,1,1,20,0.816,1.15,0.92,42.1,1,GATEWAY_FAILURE
703.56,1,0,2,12,0.911,1.13,0.92,7.2,0,SUCCESS
459.28,0,1,1,13,0.916,0.94,0.98,7.8,0,SUCCESS
1596.1,0,0,1,7,0.902,0.22,0.88,17.1,0,SUCCESS
2863.72,0,0,1,12,0.943,1.19,0.93,7.3,0,SUCCESS
811.92,0,0,2,17,0.911,0.9,0.96,21.5,0,SUCCESS
549.97,0,0,1,19,0.957,1.16,0.91,24.8,0,SUCCESS
1667.31,0,0,1,16,0.948,1.12,0.94,7.9,0,SUCCESS
736.99,0,0,1,14,0.964,1.06,0.88,24.0,0,SUCCESS
122.15,0,0,1,12,0.983,0.86,0.96,6.5,0,SUCCESS
99.84,0,0,1,14,0.981,0.71,0.92,9.8,0,SUCCESS
760.58,0,1,1,16,0.958,0.52,0.89,11.8,0,SUCCESS
45340.0,7,8,19,23,0.204,5.65,0.06,100.0,1,AUTHENTICATION_FAILURE
210.62,1,0,1,14,0.97,0.64,0.87,21.1,0,SUCCESS
789.99,0,0,1,22,0.975,0.98,0.86,8.6,0,SUCCESS
4483.52,0,0,1,16,0.9,0.56,0.99,14.5,0,SUCCESS
3088.66,0,0,2,14,0.907,0.7,0.94,12.8,0,SUCCESS
558.63,0,0,1,22,0.922,0.89,0.85,23.6,0,SUCCESS
1008.23,0,0,2,13,0.96,0.76,0.98,17.2,0,SUCCESS
2909.03,0,0,1,11,0.913,0.89,0.94,8.4,0,SUCCESS
261.29,0,0,2,19,0.889,0.63,0.89,17.6,0,SUCCESS
3058.36,1,2,2,13,0.949,1.42,0.94,19.9,1,TIMEOUT
1172.35,0,0,1,21,0.903,0.3,0.94,13.4,0,SUCCESS
420.25,0,0,1,13,0.896,0.39,0.91,16.8,0,SUCCESS
2464.7,3,1,3,9,0.823,1.16,0.86,43.9,1,BANK_FAILURE
2675.93,1,0,2,12,0.922,0.44,0.92,32.4,1,INSUFFICIENT_FUNDS
1674.6,0,0,1,17,0.936,0.65,0.98,6.7,0,SUCCESS
1881.88,0,0,1,7,0.993,0.65,0.93,24.2,0,SUCCESS
784.99,0,0,1,9,0.998,0.91,0.94,5.7,0,SUCCESS
612.0,0,0,1,21,0.976,0.69,0.93,24.2,0,SUCCESS
450.66,0,0,1,11,0.976,0.5,0.86,15.4,0,SUCCESS
951.95,0,0,1,14,0.907,1.04,0.92,21.9,0,SUCCESS
1255.53,1,2,1,13,0.981,0.77,0.97,22.8,1,TIMEOUT
137.7,0,0,1,7,0.895,0.97,0.97,12.4,0,SUCCESS
2033.44,1,1,2,19,0.945,0.76,0.87,18.8,1,NETWORK_FAILURE
1573.44,0,0,1,15,0.99,0.63,0.94,14.2,0,SUCCESS
619.62,1,1,2,12,0.895,0.37,0.99,14.1,0,SUCCESS
1585.96,0,0,1,21,0.899,0.5,0.98,9.0,0,SUCCESS
53.17,1,0,2,17,0.925,0.29,0.98,17.4,0,SUCCESS
3807.74,0,0,1,9,0.931,0.3,0.9,8.2,0,SUCCESS
527.41,0,0,1,18,0.989,0.69,0.93,13.3,0,SUCCESS
1917.57,1,0,1,6,0.992,0.46,0.91,22.6,0,SUCCESS
2875.68,1,1,2,11,0.845,1.06,0.88,24.2,1,TIMEOUT
249.62,0,0,1,16,0.988,0.81,0.92,19.3,0,SUCCESS
1175.41,0,0,1,13,0.933,1.0,0.99,24.5,0,SUCCESS
2792.13,1,0,1,17,0.978,0.79,0.97,14.3,0,SUCCESS
322.61,0,1,2,12,0.972,0.28,0.88,24.2,0,SUCCESS
882.4,0,1,2,19,0.93,0.58,0.9,11.2,0,SUCCESS
331.98,0,0,1,15,0.99,0.71,0.89,8.2,0,SUCCESS
2176.36,0,0,2,12,0.964,0.28,0.93,10.5,0,SUCCESS
1201.5,0,1,2,18,0.966,1.16,0.87,24.9,0,SUCCESS
95385.0,6,8,7,23,0.22,7.34,0.17,100.0,1,DUPLICATE_TRANSACTION
854.41,0,0,2,17,0.924,0.51,0.89,14.4,0,SUCCESS
2977.48,0,0,2,20,0.944,0.51,0.92,9.5,0,SUCCESS
288.19,3,2,2,18,0.741,1.92,0.79,40.8,1,GATEWAY_FAILURE
2713.25,1,0,2,6,0.969,1.08,0.91,13.1,0,SUCCESS
730.21,0,0,2,15,0.975,0.64,0.88,6.6,0,SUCCESS
641.27,0,0,1,15,0.908,0.86,0.87,12.7,0,SUCCESS
1226.17,0,0,1,20,0.888,0.28,0.87,21.7,0,SUCCESS
75876.0,7,6,16,23,0.252,6.38,0.19,100.0,1,DUPLICATE_TRANSACTION
45151.0,5,9,8,1,0.374,3.79,0.11,99.9,1,AUTHENTICATION_FAILURE
1083.1,0,0,1,22,0.915,0.57,0.92,21.4,0,SUCCESS
65.69,0,0,2,17,0.924,0.73,0.87,13.3,0,SUCCESS
586.05,0,0,1,19,0.966,0.96,0.87,8.4,0,SUCCESS
322.46,0,0,2,6,0.901,1.02,0.89,23.4,0,SUCCESS
1530.68,0,0,1,19,0.989,0.92,0.92,17.7,0,SUCCESS
1197.05,0,1,1,22,0.993,0.24,0.94,18.9,0,SUCCESS
185.27,0,0,1,10,0.942,0.25,0.89,13.9,0,SUCCESS
965.98,0,0,1,17,0.95,0.36,0.85,19.0,0,SUCCESS
1007.58,0,0,1,21,0.985,0.86,0.9,23.5,0,SUCCESS
2629.04,0,0,1,18,0.924,0.99,0.9,10.1,0,SUCCESS
917.36,0,0,1,17,0.929,0.76,0.91,22.8,0,SUCCESS
1284.74,2,1,1,21,0.957,1.22,0.97,22.7,1,NETWORK_FAILURE
318.22,2,1,2,8,0.824,0.62,0.83,30.0,1,TIMEOUT
2332.5,2,1,1,15,0.867,0.83,0.87,16.8,1,TIMEOUT
1225.88,1,0,1,12,0.976,0.59,0.92,17.9,0,SUCCESS
3737.36,1,1,1,15,0.701,1.3,0.82,41.2,1,BANK_FAILURE
485.85,0,0,1,6,0.903,0.84,0.94,16.3,0,SUCCESS
45174.0,6,8,15,3,0.055,5.31,0.18,100.0,1,DUPLICATE_TRANSACTION
1351.74,1,2,2,11,0.883,1.17,0.81,22.8,1,NETWORK_FAILURE
1971.05,1,2,2,18,0.868,1.26,0.81,33.4,1,TIMEOUT
620.69,2,1,1,18,0.924,1.89,0.91,27.1,1,BANK_FAILURE
740.8,1,0,1,19,0.943,0.66,0.99,8.7,0,SUCCESS
408.54,2,2,2,22,0.892,0.98,0.86,33.6,1,NETWORK_FAILURE
75275.0,7,8,6,4,0.177,7.24,0.27,100.0,1,AUTHENTICATION_FAILURE
313.09,0,1,1,20,0.997,0.21,0.99,21.6,0,SUCCESS
2966.52,0,0,1,15,0.904,0.81,0.96,22.4,1,INSUFFICIENT_FUNDS
1966.14,0,0,1,10,0.939,0.36,0.92,13.2,0,SUCCESS
2701.33,0,0,1,15,0.997,0.82,0.87,5.9,0,SUCCESS
1489.35,1,1,1,22,0.847,1.15,0.91,16.6,1,TIMEOUT
946.19,1,0,1,12,0.97,0.71,0.99,16.5,0,SUCCESS
759.16,0,0,1,9,0.893,0.63,0.88,13.6,0,SUCCESS
5708.08,0,0,1,19,0.883,0.25,0.94,17.3,0,SUCCESS
879.98,0,0,1,8,0.937,0.52,0.9,11.7,0,SUCCESS
519.7,1,0,1,13,0.951,0.4,1.0,13.6,0,SUCCESS
1050.89,0,0,1,6,0.934,0.42,0.96,23.1,0,SUCCESS
370.94,0,0,2,12,0.913,0.82,0.88,20.4,0,SUCCESS
358.8,0,0,1,15,0.983,0.56,0.91,19.0,0,SUCCESS
162.67,0,0,1,14,0.947,0.35,0.89,17.9,0,SUCCESS
67.9,0,1,2,10,0.883,0.97,0.99,11.8,0,SUCCESS
1302.33,0,0,1,18,0.907,1.16,0.95,24.5,0,SUCCESS
2316.77,1,0,1,9,0.907,0.63,0.95,8.7,0,SUCCESS
1417.64,1,0,1,12,0.896,0.91,0.95,24.9,0,SUCCESS
1238.25,1,1,1,19,0.976,1.1,0.95,10.8,0,SUCCESS
2495.18,0,0,1,17,0.931,0.91,0.98,24.5,0,SUCCESS
7759.76,2,2,3,15,0.763,1.74,0.91,30.1,1,BANK_FAILURE
3444.54,0,0,1,14,0.902,0.5,0.92,12.3,0,SUCCESS
7423.17,1,2,2,18,0.967,0.85,0.96,19.5,1,NETWORK_FAILURE
2762.68,2,1,1,9,0.852,0.9,0.95,16.5,1,NETWORK_FAILURE
1341.97,0,0,2,6,0.958,0.96,0.88,16.7,0,SUCCESS
3448.21,0,0,1,18,0.944,0.77,1.0,24.9,0,SUCCESS
711.04,0,0,1,20,0.938,0.92,0.99,11.2,0,SUCCESS
2099.28,1,0,1,14,0.914,1.0,0.91,7.4,0,SUCCESS
6076.8,0,0,1,13,0.945,1.01,0.99,35.7,1,INSUFFICIENT_FUNDS
942.46,0,0,2,17,0.935,1.02,0.93,22.7,0,SUCCESS
1546.12,1,0,2,10,0.991,1.05,0.92,17.3,0,SUCCESS
459.39,0,1,1,18,0.908,1.18,0.93,18.2,0,SUCCESS
441.24,0,0,1,8,0.92,0.9,0.92,15.4,0,SUCCESS
1124.79,0,0,1,18,0.971,0.53,0.92,10.5,0,SUCCESS
710.19,0,0,1,8,0.929,0.43,1.0,14.9,0,SUCCESS
6698.05,0,0,1,18,0.906,0.71,0.86,23.1,0,SUCCESS
2097.13,0,0,1,13,0.95,1.2,0.89,20.6,0,SUCCESS
2327.13,1,1,1,17,0.704,0.9,0.77,36.1,1,GATEWAY_FAILURE
1801.04,1,0,1,10,0.948,0.6,0.98,14.2,0,SUCCESS
739.09,2,2,2,10,0.876,0.53,0.82,31.9,1,TIMEOUT
118.85,0,0,1,13,0.957,0.53,0.95,6.2,0,SUCCESS
2385.7,0,0,2,8,0.958,0.7,0.97,6.2,0,SUCCESS
2685.77,0,1,2,21,0.882,1.17,0.89,18.9,0,SUCCESS
464.19,0,0,2,10,0.883,0.92,0.85,24.5,0,SUCCESS
349.63,0,0,1,15,0.998,1.14,0.99,22.6,0,SUCCESS
629.24,2,1,1,10,0.84,0.81,0.82,24.1,1,NETWORK_FAILURE
5034.62,0,0,1,8,0.969,0.88,0.98,9.3,0,SUCCESS
1731.06,0,0,1,11,0.901,0.55,1.0,20.6,0,SUCCESS
696.8,2,1,2,15,0.893,0.86,0.86,28.5,1,TIMEOUT
2812.54,2,1,2,10,0.956,0.75,0.89,33.0,1,NETWORK_FAILURE
1189.91,1,1,2,9,0.89,1.26,1.0,30.7,1,TIMEOUT
2563.8,0,0,1,21,0.929,0.99,0.86,13.2,0,SUCCESS
508.76,0,0,1,6,0.966,0.94,1.0,20.4,0,SUCCESS
627.63,0,0,2,17,0.894,0.42,0.97,15.0,0,SUCCESS
1518.32,0,0,1,12,0.976,0.26,0.99,9.3,0,SUCCESS
910.93,0,0,2,16,0.945,0.54,0.96,21.5,0,SUCCESS
75200.0,4,4,17,3,0.235,7.49,0.29,100.0,1,DUPLICATE_TRANSACTION
1084.56,0,0,1,13,0.9,0.2,0.98,18.4,0,SUCCESS
286.54,2,1,2,17,0.89,0.92,0.98,19.9,1,TIMEOUT
658.62,1,0,1,8,0.994,0.39,0.99,7.8,0,SUCCESS
899.3,0,0,1,15,0.97,1.18,0.85,31.4,1,INSUFFICIENT_FUNDS
2516.63,2,1,2,8,0.96,1.45,0.91,15.1,1,TIMEOUT
62.34,0,1,2,7,0.955,1.16,0.98,7.2,0,SUCCESS
77.15,1,0,1,11,0.973,0.51,0.96,23.6,0,SUCCESS
786.17,0,0,1,14,0.919,0.3,0.89,7.6,0,SUCCESS
727.52,2,2,2,19,0.981,1.19,0.99,30.7,1,NETWORK_FAILURE
1610.8,0,0,1,17,0.919,1.05,0.99,14.0,0,SUCCESS
115.39,2,1,2,18,0.948,0.95,0.97,26.5,1,NETWORK_FAILURE
1206.12,0,0,2,22,0.94,0.49,0.9,20.9,0,SUCCESS
764.29,0,0,1,12,0.992,0.81,0.98,13.9,0,SUCCESS
1141.5,0,0,1,22,0.936,0.76,0.85,20.8,0,SUCCESS
469.19,0,0,1,6,0.993,0.82,0.98,9.9,0,SUCCESS
1662.78,0,0,1,9,0.956,0.49,0.87,8.6,0,SUCCESS
45428.0,3,8,8,2,0.107,4.63,0.2,96.0,1,DUPLICATE_TRANSACTION
171.08,0,1,1,20,0.911,1.05,0.88,13.3,0,SUCCESS
1029.44,1,1,2,10,0.892,0.38,0.9,21.1,0,SUCCESS
278.04,0,1,1,15,0.958,0.43,0.87,17.6,0,SUCCESS
767.42,1,0,1,11,0.902,0.52,0.86,18.0,0,SUCCESS
5406.15,0,0,1,19,0.979,0.33,0.92,17.2,0,SUCCESS
1401.42,0,0,1,17,0.907,0.62,0.9,5.2,0,SUCCESS
500.0,0,0,1,19,0.952,1.13,0.89,8.0,0,SUCCESS
3763.74,2,2,2,18,0.822,0.99,0.82,32.7,1,TIMEOUT
1526.82,0,0,1,18,0.958,0.5,0.96,24.3,1,INSUFFICIENT_FUNDS
2172.5,2,1,2,9,0.92,0.61,0.93,33.5,1,NETWORK_FAILURE
6366.12,2,1,1,13,0.867,1.4,0.96,16.5,1,TIMEOUT
676.35,0,0,2,9,0.96,1.11,0.9,10.4,0,SUCCESS
560.4,1,2,2,13,0.913,0.78,0.92,16.7,1,NETWORK_FAILURE
196.22,0,0,1,20,0.932,0.37,0.92,18.3,0,SUCCESS
874.47,0,0,1,17,0.947,1.07,0.91,13.0,0,SUCCESS
1088.68,0,0,1,8,0.896,1.0,0.87,13.2,0,SUCCESS
150571.0,6,4,6,1,0.129,8.18,0.14,100.0,1,AUTHENTICATION_FAILURE
312.27,1,0,1,20,0.909,0.45,0.99,23.0,0,SUCCESS
392.48,0,0,1,21,0.887,0.5,0.9,24.2,0,SUCCESS
2377.34,1,2,2,14,0.765,1.78,0.76,38.6,1,BANK_FAILURE
153.78,0,0,1,22,0.887,0.8,0.96,24.6,0,SUCCESS
2024.07,1,0,1,10,0.933,0.44,0.93,21.8,0,SUCCESS
730.25,0,0,1,18,0.892,0.3,0.97,10.0,0,SUCCESS
121.39,0,1,1,22,0.978,0.33,0.95,5.1,0,SUCCESS
188.49,1,1,1,17,0.913,0.41,0.99,20.3,0,SUCCESS
193.41,0,0,1,21,0.943,0.38,0.89,15.3,0,SUCCESS
1642.69,0,0,1,21,0.986,0.86,0.87,19.9,0,SUCCESS
930.29,0,0,1,7,0.915,0.76,0.94,24.4,0,SUCCESS
2363.91,1,0,1,21,0.881,0.33,0.88,16.9,0,SUCCESS
308.83,0,0,1,9,0.926,0.96,0.96,18.3,0,SUCCESS
56.57,0,0,1,9,0.949,0.91,0.97,19.8,0,SUCCESS
151.53,0,0,1,9,0.949,0.29,0.98,24.3,0,SUCCESS
95292.0,5,4,13,4,0.163,6.13,0.2,100.0,1,AUTHENTICATION_FAILURE
3237.41,0,0,1,13,0.95,0.89,0.87,12.2,0,SUCCESS
6049.17,3,2,3,19,0.801,1.85,0.71,35.7,1,BANK_FAILURE
2523.38,0,0,1,21,0.998,0.21,0.98,12.1,0,SUCCESS
219.83,0,0,2,14,0.964,1.07,0.95,23.6,0,SUCCESS
2266.83,0,0,2,22,0.953,0.82,0.97,24.0,0,SUCCESS
616.3,1,0,1,14,0.906,0.85,0.99,5.1,0,SUCCESS
1897.85,0,1,1,21,0.886,0.99,0.88,10.3,0,SUCCESS
275.73,2,2,1,12,0.866,0.67,0.97,32.5,1,TIMEOUT
982.35,0,0,1,8,0.927,0.86,0.97,20.8,0,SUCCESS
1583.8,1,1,1,17,0.968,0.66,0.86,32.4,1,INSUFFICIENT_FUNDS
1282.78,0,0,1,13,0.944,0.85,0.96,17.9,0,SUCCESS
1812.67,0,0,1,19,0.905,0.21,0.9,6.8,0,SUCCESS
797.14,1,1,2,14,0.96,0.75,0.83,18.9,1,NETWORK_FAILURE
95325.0,6,7,17,23,0.188,8.45,0.13,100.0,1,AUTHENTICATION_FAILURE
892.71,0,0,1,16,0.958,0.8,0.86,11.4,0,SUCCESS
652.1,0,0,1,21,0.923,0.52,0.99,5.8,0,SUCCESS
1798.55,0,0,1,22,0.993,0.59,0.96,6.4,0,SUCCESS
3219.25,0,0,1,16,0.955,1.1,0.88,17.5,0,SUCCESS
1824.54,0,0,2,13,0.969,0.98,0.97,11.3,0,SUCCESS
1422.36,0,0,1,12,0.932,0.91,0.92,11.6,0,SUCCESS
927.7,0,1,1,11,0.998,0.7,0.97,18.3,0,SUCCESS
832.85,0,0,2,16,0.935,0.94,0.87,10.4,0,SUCCESS
574.15,1,1,2,17,0.867,1.23,0.92,16.6,1,TIMEOUT
1267.49,0,0,1,8,0.886,0.3,0.87,5.0,0,SUCCESS
248.62,1,0,2,22,0.988,0.69,0.95,7.9,0,SUCCESS
406.77,1,1,1,13,0.968,0.33,0.88,7.4,0,SUCCESS
389.97,0,1,1,9,0.896,1.19,0.9,23.4,0,SUCCESS
301.91,0,0,1,21,0.992,0.63,0.86,7.8,0,SUCCESS
150644.0,4,5,10,1,0.314,5.14,0.33,100.0,1,AUTHENTICATION_FAILURE
2480.07,0,0,1,13,0.887,1.15,0.99,5.4,0,SUCCESS
1253.59,3,2,1,11,0.821,1.89,0.79,44.4,1,BANK_FAILURE
171.54,0,0,1,12,0.953,0.7,0.89,22.7,0,SUCCESS
2828.88,1,0,1,18,0.899,0.35,0.92,7.7,0,SUCCESS
818.44,1,0,1,16,0.986,0.5,0.93,19.9,0,SUCCESS
1136.36,1,0,1,8,0.941,0.26,0.93,21.0,0,SUCCESS
219.09,0,0,1,13,0.999,0.4,0.87,17.2,0,SUCCESS
352.85,0,0,1,17,0.92,1.17,0.89,23.0,0,SUCCESS
1091.52,1,0,1,19,0.959,0.94,0.94,7.2,0,SUCCESS
2909.52,1,2,1,17,0.946,1.05,0.94,22.7,1,TIMEOUT
62.39,0,0,1,19,0.953,0.43,0.95,20.9,0,SUCCESS
775.75,0,0,2,17,0.898,0.68,0.95,6.1,0,SUCCESS
150777.0,3,8,8,3,0.245,3.87,0.05,100.0,1,DUPLICATE_TRANSACTION
856.82,1,0,1,15,0.897,0.89,0.87,8.8,0,SUCCESS
2091.52,1,0,1,12,0.956,0.62,0.91,18.8,0,SUCCESS
1665.51,0,0,1,7,0.996,1.16,0.91,34.8,1,INSUFFICIENT_FUNDS
989.39,0,0,1,20,0.967,0.97,0.95,9.0,0,SUCCESS
656.25,1,0,1,18,0.918,0.78,0.9,16.2,0,SUCCESS
741.57,0,0,2,8,0.891,1.09,0.85,5.0,0,SUCCESS
3254.93,1,2,1,14,0.803,0.73,0.99,31.2,1,TIMEOUT
2241.39,1,1,3,11,0.705,1.53,0.71,44.9,1,GATEWAY_FAILURE
75667.0,5,4,14,1,0.361,8.94,0.06,100.0,1,AUTHENTICATION_FAILURE
2090.93,0,0,1,20,0.958,1.19,0.95,7.2,0,SUCCESS
2270.29,0,0,1,21,0.93,1.15,1.0,23.7,0,SUCCESS
75173.0,4,5,11,4,0.191,5.77,0.2,98.1,1,AUTHENTICATION_FAILURE
771.81,0,0,1,19,0.939,0.68,0.98,5.0,0,SUCCESS
1659.57,0,0,1,6,0.991,0.66,0.95,24.5,0,SUCCESS
3555.5,2,2,3,11,0.784,1.65,0.9,44.9,1,BANK_FAILURE
1241.35,1,1,2,18,0.888,0.69,0.97,31.8,1,NETWORK_FAILURE
584.4,2,1,1,20,0.94,1.16,1.0,32.4,1,NETWORK_FAILURE
75186.0,5,7,18,23,0.336,6.11,0.27,96.4,1,DUPLICATE_TRANSACTION
3170.84,0,0,1,14,0.927,0.58,0.87,21.3,0,SUCCESS
1805.48,1,0,1,21,0.892,0.46,0.92,10.3,0,SUCCESS
731.94,0,0,1,14,0.919,0.9,0.97,9.9,0,SUCCESS
3833.94,2,3,3,16,0.751,1.04,0.72,39.5,1,GATEWAY_FAILURE
622.59,0,0,1,17,0.888,1.07,0.92,14.3,0,SUCCESS
3520.39,0,0,1,10,0.925,1.07,0.9,6.6,0,SUCCESS
755.64,0,0,1,15,0.95,0.79,0.99,10.7,0,SUCCESS
441.27,0,0,1,8,0.988,0.36,0.96,19.6,0,SUCCESS
743.03,0,0,2,22,0.932,1.18,0.88,19.3,0,SUCCESS
45982.0,4,8,16,1,0.324,8.62,0.27,100.0,1,AUTHENTICATION_FAILURE
132.45,0,0,1,11,0.997,0.89,0.93,12.3,0,SUCCESS
95101.0,3,4,5,23,0.37,7.67,0.17,100.0,1,AUTHENTICATION_FAILURE
4482.52,0,0,1,16,0.988,0.67,0.98,23.5,0,SUCCESS
165.33,0,0,1,10,0.945,0.85,0.99,24.9,0,SUCCESS
1531.5,0,0,2,20,0.915,1.13,0.86,11.6,0,SUCCESS
1274.8,1,0,2,17,1.0,0.2,0.95,22.4,0,SUCCESS
1387.69,0,1,1,14,0.994,0.58,0.94,14.0,0,SUCCESS
150709.0,4,7,7,1,0.074,6.79,0.34,97.3,1,AUTHENTICATION_FAILURE
1342.27,0,0,1,17,0.959,0.71,0.88,13.1,0,SUCCESS
609.52,0,0,1,9,0.982,0.59,0.99,11.9,0,SUCCESS
1371.79,1,1,1,7,0.919,0.61,0.9,16.6,0,SUCCESS
3385.34,0,0,1,16,0.998,0.65,0.99,23.3,0,SUCCESS
400.25,0,0,1,11,0.986,0.28,0.94,22.2,0,SUCCESS
45828.0,7,7,6,23,0.249,6.98,0.35,100.0,1,AUTHENTICATION_FAILURE
1011.13,0,0,1,17,0.964,0.54,0.86,15.1,0,SUCCESS
1153.47,0,0,1,20,0.916,0.69,0.88,8.7,0,SUCCESS
5064.25,3,2,2,12,0.891,1.34,0.81,38.8,1,BANK_FAILURE
656.27,1,1,2,14,0.835,0.53,0.86,24.5,1,TIMEOUT
2495.08,1,1,1,12,0.844,1.39,0.84,32.6,1,NETWORK_FAILURE
1165.64,2,1,2,18,0.834,1.05,0.92,27.7,1,TIMEOUT
685.21,0,0,1,17,0.945,0.35,0.92,15.9,0,SUCCESS
3662.01,1,0,2,15,0.998,0.74,0.89,8.8,0,SUCCESS
232.35,0,0,2,18,0.979,0.79,0.97,7.5,0,SUCCESS
1272.33,0,0,1,7,0.987,0.38,0.92,16.8,0,SUCCESS
914.96,1,0,1,14,0.908,0.58,0.97,15.6,0,SUCCESS
666.23,0,0,1,20,0.97,1.17,0.94,22.1,0,SUCCESS
921.98,0,0,2,21,0.976,0.62,0.99,10.4,0,SUCCESS
613.21,0,0,1,20,0.999,0.71,0.91,10.7,0,SUCCESS
1769.77,3,2,2,13,0.783,1.07,0.78,26.0,1,BANK_FAILURE
822.48,0,0,1,18,0.927,0.93,0.92,11.8,0,SUCCESS
1227.5,0,0,1,6,0.963,0.69,0.97,19.7,0,SUCCESS
2716.81,1,0,2,8,0.937,0.34,0.96,18.3,0,SUCCESS
4000.85,0,1,1,8,0.912,0.26,0.96,17.3,0,SUCCESS
45529.0,5,7,18,3,0.324,4.73,0.14,95.7,1,AUTHENTICATION_FAILURE
1960.37,2,1,1,12,0.969,0.83,0.91,23.0,1,NETWORK_FAILURE
237.45,1,1,1,10,0.97,0.82,0.88,30.7,1,TIMEOUT
1756.33,0,0,2,8,0.895,0.97,0.99,24.0,0,SUCCESS
1381.99,0,1,1,18,0.916,0.42,0.87,8.7,0,SUCCESS
127.31,0,0,1,10,0.944,1.16,0.99,18.9,0,SUCCESS
519.87,0,0,1,16,0.89,0.91,0.93,30.3,1,INSUFFICIENT_FUNDS
816.28,0,0,1,7,0.949,1.11,0.85,21.0,0,SUCCESS
990.26,2,1,2,17,0.858,0.59,0.85,19.4,1,NETWORK_FAILURE
3535.53,2,1,3,13,0.868,1.08,0.9,31.9,1,BANK_FAILURE
779.28,1,0,2,16,0.946,1.02,0.9,20.3,0,SUCCESS
2289.46,0,1,1,22,0.96,0.65,0.87,15.7,0,SUCCESS
265.07,0,0,1,12,0.929,0.92,0.88,21.4,0,SUCCESS
522.67,1,0,1,10,0.972,1.18,1.0,22.7,0,SUCCESS
148.41,0,1,1,7,0.944,0.32,0.97,8.0,0,SUCCESS
969.15,2,1,2,14,0.898,1.01,0.95,18.8,1,NETWORK_FAILURE
3562.08,1,0,1,18,0.916,0.27,0.86,20.4,0,SUCCESS
633.22,0,0,1,13,0.902,0.97,0.94,15.0,0,SUCCESS
1219.64,0,0,1,8,0.971,1.18,0.91,6.3,0,SUCCESS
1211.1,1,1,2,13,0.912,0.81,0.94,31.4,1,TIMEOUT
703.58,0,0,1,19,0.89,1.04,0.97,11.4,0,SUCCESS
474.81,0,0,1,8,0.903,0.78,0.94,10.9,0,SUCCESS
134.44,0,1,2,20,0.936,1.2,0.87,24.0,0,SUCCESS
3228.7,2,1,2,16,0.841,0.52,0.94,27.9,1,NETWORK_FAILURE
284.31,0,1,1,16,0.916,0.33,0.91,6.8,0,SUCCESS
415.6,0,0,1,13,0.982,0.99,0.92,19.5,0,SUCCESS
1612.5,2,1,2,14,0.93,1.12,0.92,28.7,1,NETWORK_FAILURE
1363.49,1,1,3,13,0.786,0.95,0.87,32.5,1,BANK_FAILURE
2077.13,1,0,2,22,0.981,0.41,1.0,23.0,0,SUCCESS
994.12,2,1,2,15,0.869,0.8,0.83,29.0,1,BANK_FAILURE
519.02,0,0,1,19,0.943,0.72,0.94,19.9,0,SUCCESS
6492.41,1,1,1,19,0.864,0.76,0.84,25.9,1,TIMEOUT
1015.95,0,0,2,6,0.94,0.71,0.86,9.8,0,SUCCESS
2190.31,0,0,1,20,0.942,0.55,0.89,9.9,0,SUCCESS
75440.0,5,5,18,23,0.066,7.8,0.06,100.0,1,AUTHENTICATION_FAILURE
1071.0,0,0,1,17,0.911,0.53,0.86,10.9,0,SUCCESS
103.47,0,0,2,11,0.885,0.24,0.96,16.0,0,SUCCESS
1885.71,0,0,1,14,0.881,0.54,0.96,24.2,0,SUCCESS
725.83,0,0,1,11,0.941,0.7,0.94,8.7,0,SUCCESS
1328.21,0,1,1,14,0.909,0.63,0.88,22.5,0,SUCCESS
45472.0,7,7,14,4,0.287,4.68,0.35,96.8,1,AUTHENTICATION_FAILURE
458.26,1,0,1,15,0.99,1.02,0.86,13.9,0,SUCCESS
553.69,0,1,1,9,0.989,1.09,0.92,7.7,0,SUCCESS
65.15,0,0,1,6,0.923,0.46,0.94,11.9,0,SUCCESS
492.63,0,0,1,10,0.929,0.4,0.99,8.1,0,SUCCESS
2983.43,0,0,1,11,0.925,0.43,0.95,18.7,0,SUCCESS
805.37,0,1,1,7,0.997,0.77,0.99,22.2,0,SUCCESS
535.18,0,0,1,6,0.932,0.91,0.94,20.7,0,SUCCESS
179.55,1,3,1,10,0.893,1.11,0.75,32.6,1,BANK_FAILURE
996.13,2,2,1,13,0.877,1.03,0.99,17.3,1,TIMEOUT
328.4,0,0,1,14,0.896,0.33,0.9,19.9,0,SUCCESS
80.0,1,0,1,13,0.959,0.28,0.86,14.7,0,SUCCESS
5796.03,2,2,2,12,0.99,1.03,0.88,22.7,1,TIMEOUT
95302.0,4,7,18,2,0.145,4.38,0.14,98.9,1,DUPLICATE_TRANSACTION
300.26,1,2,3,9,0.836,0.88,0.89,26.2,1,BANK_FAILURE
45724.0,6,9,11,23,0.306,3.98,0.27,92.3,1,AUTHENTICATION_FAILURE
546.72,1,0,1,22,0.881,0.28,0.96,13.0,0,SUCCESS
1892.29,0,0,2,14,0.956,0.28,0.88,10.2,0,SUCCESS
1706.54,0,0,1,14,0.896,0.24,0.91,24.6,0,SUCCESS
189.3,0,0,1,18,0.935,0.63,0.9,5.0,0,SUCCESS
2709.01,0,0,1,21,0.912,0.65,0.97,20.2,0,SUCCESS
919.24,0,0,2,17,0.912,0.44,0.94,17.4,0,SUCCESS
106.19,0,0,1,12,0.925,0.95,0.97,16.0,0,SUCCESS
75150.0,5,5,13,23,0.388,5.14,0.12,98.2,1,AUTHENTICATION_FAILURE
1030.91,0,0,1,19,0.953,0.5,0.95,17.5,0,SUCCESS
1139.36,0,0,1,13,0.956,0.63,0.85,29.7,1,INSUFFICIENT_FUNDS
5490.29,0,1,1,15,0.913,0.73,0.86,13.5,0,SUCCESS
210.47,0,0,1,16,0.949,0.79,0.97,17.3,0,SUCCESS
1129.54,0,0,1,11,0.936,1.05,0.85,11.0,0,SUCCESS
6688.97,0,0,1,13,0.95,0.44,0.87,16.9,0,SUCCESS
1768.11,1,0,1,22,0.908,0.69,0.97,12.1,0,SUCCESS
1047.38,0,1,1,10,0.909,1.08,0.99,5.8,0,SUCCESS
122.12,1,0,1,6,0.975,1.17,0.94,15.4,0,SUCCESS
927.2,0,0,2,19,0.956,1.13,0.94,22.1,0,SUCCESS
5115.42,3,3,1,15,0.9,1.01,0.72,41.7,1,GATEWAY_FAILURE
4522.62,0,0,1,9,0.981,0.85,0.94,19.2,0,SUCCESS
722.16,0,0,1,20,0.977,0.55,0.87,18.0,0,SUCCESS
2278.0,1,2,2,10,0.96,1.15,0.97,33.7,1,TIMEOUT
2015.01,0,0,1,21,0.893,0.76,0.86,15.9,0,SUCCESS
1547.13,1,2,1,12,0.847,1.39,0.91,27.1,1,TIMEOUT
271.12,0,0,1,10,0.904,1.0,0.9,11.3,0,SUCCESS
3770.72,2,2,1,19,0.878,0.84,0.9,16.2,1,NETWORK_FAILURE
249.97,1,0,2,9,0.978,0.93,0.88,10.5,0,SUCCESS
3513.51,0,0,1,20,0.946,0.72,0.96,10.2,0,SUCCESS
3324.85,0,0,1,9,0.92,0.55,0.88,23.6,0,SUCCESS
279.66,0,0,1,9,0.926,1.1,0.97,17.8,0,SUCCESS
2012.05,2,1,2,18,0.82,1.06,0.87,23.6,1,TIMEOUT
1179.49,0,0,1,18,0.935,1.19,0.94,8.2,0,SUCCESS
676.83,1,2,2,12,0.82,0.98,0.82,40.0,1,BANK_FAILURE
785.79,0,0,1,22,0.938,1.03,0.93,5.1,0,SUCCESS
2808.5,0,0,1,19,0.928,0.61,0.9,16.2,0,SUCCESS
558.5,0,0,1,19,0.948,0.57,0.97,22.7,0,SUCCESS
122.89,0,0,1,10,0.946,0.68,0.95,21.0,0,SUCCESS
6578.51,1,2,1,20,0.8,1.03,0.84,16.9,1,TIMEOUT
960.07,0,0,1,11,0.929,0.87,0.92,13.7,0,SUCCESS
716.13,2,1,2,9,0.923,0.62,0.82,28.2,1,TIMEOUT
997.38,0,0,1,14,0.898,0.61,0.97,22.8,0,SUCCESS
1504.12,1,0,1,21,0.895,0.24,0.9,16.8,0,SUCCESS
3607.49,0,0,1,9,0.958,0.81,0.95,9.7,0,SUCCESS
754.78,0,0,1,10,0.956,0.99,0.89,20.4,0,SUCCESS
745.18,0,0,1,9,0.891,1.0,0.96,17.0,0,SUCCESS
618.71,1,0,1,9,0.931,0.43,0.89,9.4,0,SUCCESS
984.1,0,0,1,8,0.973,1.0,0.92,11.4,0,SUCCESS
2648.09,1,2,1,19,0.806,1.09,0.87,18.9,1,TIMEOUT
1471.56,0,0,1,12,0.981,0.58,0.86,19.3,0,SUCCESS
3234.75,0,0,1,15,0.949,0.43,0.85,18.9,0,SUCCESS
364.24,0,0,1,14,0.974,0.65,0.89,5.6,0,SUCCESS
499.55,0,0,1,9,0.993,1.18,0.99,21.5,0,SUCCESS
1516.48,0,0,1,11,0.892,0.47,0.85,7.7,0,SUCCESS
743.13,0,0,2,13,0.993,0.31,0.87,12.2,0,SUCCESS
705.23,0,0,1,14,0.993,1.2,1.0,13.2,0,SUCCESS
394.74,0,0,1,19,0.958,0.92,0.88,20.4,0,SUCCESS
148.1,0,0,1,22,0.887,0.32,0.87,6.0,0,SUCCESS
513.81,0,1,1,22,0.968,0.99,0.94,9.9,0,SUCCESS
477.18,1,2,1,8,0.841,1.12,0.89,18.2,1,TIMEOUT
959.78,0,1,2,6,0.998,0.88,0.99,7.7,0,SUCCESS
2175.3,0,0,1,21,0.911,0.23,0.87,7.8,0,SUCCESS
291.35,0,0,1,7,0.933,0.35,0.87,11.0,0,SUCCESS
1968.48,1,0,1,14,0.929,0.94,0.93,23.3,0,SUCCESS
95787.0,6,5,10,23,0.365,7.33,0.33,100.0,1,AUTHENTICATION_FAILURE
3117.96,2,1,3,13,0.872,1.24,0.95,41.9,1,BANK_FAILURE
280.09,0,0,1,18,0.932,0.24,0.85,17.9,0,SUCCESS
75988.0,4,5,15,3,0.398,8.7,0.05,100.0,1,AUTHENTICATION_FAILURE
2153.08,2,1,2,19,0.96,1.45,0.91,18.6,1,NETWORK_FAILURE
1274.16,0,0,1,22,0.977,0.55,0.86,18.8,0,SUCCESS
546.4,0,0,1,16,0.995,0.33,0.86,21.1,0,SUCCESS
2462.03,1,0,2,17,0.924,0.85,0.9,9.8,0,SUCCESS
852.66,0,1,2,6,0.957,0.53,0.96,10.4,0,SUCCESS
1241.6,1,0,1,13,0.923,1.01,0.99,23.9,0,SUCCESS
2168.06,1,1,2,13,0.828,1.47,0.89,32.1,1,TIMEOUT
799.69,0,0,1,19,0.961,0.46,0.99,16.3,0,SUCCESS
575.75,1,0,1,21,0.972,0.56,0.97,7.0,0,SUCCESS
1415.41,0,0,1,19,0.933,0.72,1.0,24.4,0,SUCCESS
1063.5,2,2,1,19,0.829,1.27,0.89,18.5,1,TIMEOUT
1755.79,0,0,1,11,0.931,1.03,0.92,16.7,0,SUCCESS
2532.43,0,0,2,17,0.993,1.09,0.96,5.1,0,SUCCESS
677.59,0,0,1,15,0.907,0.27,0.89,13.0,0,SUCCESS
150473.0,4,9,11,23,0.263,4.54,0.16,100.0,1,AUTHENTICATION_FAILURE
456.91,0,0,2,20,0.927,1.1,0.89,19.1,0,SUCCESS
481.07,0,0,1,15,0.98,0.61,0.94,23.0,0,SUCCESS
1920.03,1,0,2,21,0.981,0.98,0.93,7.4,0,SUCCESS
2787.17,3,1,1,19,0.793,1.35,0.79,25.7,1,GATEWAY_FAILURE
407.31,2,1,2,21,0.84,0.79,0.89,19.7,1,NETWORK_FAILURE
387.72,0,0,1,18,0.884,0.54,0.91,6.2,0,SUCCESS
2073.67,0,0,1,11,0.93,1.05,0.93,19.2,0,SUCCESS
2664.31,0,0,1,16,0.881,0.61,0.99,12.7,0,SUCCESS
166.28,0,0,1,8,0.94,0.39,0.92,21.7,0,SUCCESS
2521.68,1,0,1,16,0.987,0.35,0.93,24.4,0,SUCCESS
556.8,0,0,2,6,0.966,0.3,0.94,7.3,0,SUCCESS
402.3,0,0,1,22,0.901,0.82,0.93,8.5,0,SUCCESS
5596.12,0,0,1,16,0.892,0.32,0.94,24.6,0,SUCCESS
1067.22,0,0,1,18,0.972,0.36,0.96,20.0,0,SUCCESS
1152.33,2,2,2,15,0.978,0.61,0.83,31.8,1,NETWORK_FAILURE
2265.94,0,1,1,15,0.938,0.89,0.97,19.8,0,SUCCESS
550.5,0,0,2,13,0.933,1.18,0.91,24.1,0,SUCCESS
1962.59,0,0,1,13,0.973,1.05,0.89,16.9,0,SUCCESS
448.63,1,0,1,17,0.962,0.34,0.95,18.0,0,SUCCESS
2043.45,0,0,1,15,0.995,0.67,0.99,22.6,0,SUCCESS
2726.21,2,2,1,8,0.959,1.04,0.95,30.8,1,NETWORK_FAILURE
912.62,0,0,1,22,0.912,0.58,0.85,12.7,0,SUCCESS
2034.33,0,0,2,20,0.883,0.66,0.86,24.4,0,SUCCESS
4353.42,0,1,1,11,0.992,0.24,0.95,22.0,0,SUCCESS
3889.02,0,1,1,20,0.968,0.6,0.85,15.1,0,SUCCESS
1653.6,0,0,2,11,0.945,0.65,0.89,17.8,0,SUCCESS
263.41,0,0,2,17,0.895,0.96,0.95,17.2,0,SUCCESS
99.04,0,0,1,10,0.916,0.44,0.99,20.0,0,SUCCESS
75278.0,4,7,13,2,0.143,4.6,0.31,93.6,1,AUTHENTICATION_FAILURE
490.93,0,0,1,14,0.921,0.48,0.91,19.3,0,SUCCESS
5262.03,1,3,1,13,0.945,1.16,0.7,35.3,1,BANK_FAILURE
245.06,0,0,1,8,0.964,0.93,0.92,18.5,0,SUCCESS
976.25,1,0,1,10,0.972,0.77,0.95,7.1,0,SUCCESS
251.76,2,2,1,11,0.756,1.8,0.76,41.3,1,GATEWAY_FAILURE
772.92,0,0,1,10,0.965,0.62,0.98,24.7,0,SUCCESS
2920.46,2,3,2,18,0.934,1.8,0.98,37.5,1,BANK_FAILURE
1861.63,1,0,1,16,0.922,0.87,0.86,16.7,0,SUCCESS
441.09,1,1,2,20,0.947,1.09,0.94,9.5,0,SUCCESS
148.35,1,0,1,11,0.945,0.87,0.92,21.5,0,SUCCESS
3082.57,0,0,2,7,0.969,0.24,0.92,14.2,0,SUCCESS
150360.0,5,8,7,1,0.17,4.73,0.26,93.7,1,AUTHENTICATION_FAILURE
590.29,1,1,1,13,0.949,1.09,0.89,9.8,0,SUCCESS
2493.3,0,0,1,6,0.88,0.55,0.98,5.5,0,SUCCESS
150339.0,4,9,17,4,0.308,8.4,0.34,100.0,1,DUPLICATE_TRANSACTION
159.93,0,0,2,7,0.978,0.21,0.97,7.7,0,SUCCESS
460.41,0,0,1,21,0.915,0.77,1.0,9.3,0,SUCCESS
5163.22,0,0,1,19,0.976,0.73,0.9,5.0,0,SUCCESS
439.76,0,0,1,8,0.96,0.43,0.87,9.0,0,SUCCESS
573.49,0,0,1,6,0.896,0.54,0.97,21.9,1,INSUFFICIENT_FUNDS
362.39,0,0,2,17,0.996,0.79,0.96,18.0,0,SUCCESS
236.09,0,0,1,18,0.952,0.44,0.91,12.1,0,SUCCESS
2269.63,2,2,2,8,0.838,0.98,0.89,25.3,1,NETWORK_FAILURE
1554.52,0,0,2,11,0.985,0.26,0.94,24.0,0,SUCCESS
1004.76,0,0,1,10,0.977,0.57,0.96,9.0,0,SUCCESS
100.32,1,1,1,21,0.893,1.19,0.85,16.0,0,SUCCESS
492.7,0,0,1,12,0.957,0.3,0.96,5.2,0,SUCCESS
1425.87,0,0,1,19,0.978,0.92,0.98,8.4,0,SUCCESS
236.57,1,2,1,20,0.901,1.47,0.87,34.2,1,NETWORK_FAILURE
95984.0,7,7,8,3,0.07,8.72,0.11,100.0,1,AUTHENTICATION_FAILURE
1314.35,2,2,1,22,0.985,1.11,0.94,16.8,1,NETWORK_FAILURE
2620.89,1,3,3,17,0.797,1.62,0.76,30.2,1,GATEWAY_FAILURE
615.16,0,0,1,15,0.901,0.21,0.98,16.2,0,SUCCESS
75858.0,6,4,10,1,0.226,6.2,0.22,100.0,1,AUTHENTICATION_FAILURE
1354.03,0,0,1,19,0.937,0.8,0.96,8.3,0,SUCCESS
2061.68,0,0,1,15,0.94,0.81,0.92,16.4,0,SUCCESS
190.9,0,0,2,20,0.914,0.29,0.88,17.0,0,SUCCESS
311.81,0,0,1,22,0.953,1.17,0.93,6.0,0,SUCCESS
349.03,0,1,1,21,0.968,0.46,0.86,11.9,0,SUCCESS
75804.0,7,7,5,1,0.255,8.38,0.21,100.0,1,DUPLICATE_TRANSACTION
2048.15,0,0,1,15,0.975,0.56,0.95,23.6,0,SUCCESS
924.06,0,0,1,18,0.92,0.98,0.89,11.7,0,SUCCESS
1890.53,0,0,1,7,0.993,1.0,0.93,9.3,0,SUCCESS
768.31,0,0,1,12,0.934,0.46,0.93,18.6,0,SUCCESS
509.68,0,0,1,12,0.899,0.25,0.91,11.7,0,SUCCESS
1266.19,0,0,1,8,0.914,1.05,0.86,24.1,0,SUCCESS
95357.0,6,9,11,23,0.344,4.6,0.27,96.9,1,DUPLICATE_TRANSACTION
7847.76,0,0,1,14,0.927,1.11,0.98,15.3,0,SUCCESS
375.34,0,0,2,18,0.982,1.04,0.85,15.6,0,SUCCESS
352.62,1,0,2,18,0.924,0.55,0.95,24.2,0,SUCCESS
75409.0,6,8,12,1,0.053,6.71,0.31,99.0,1,AUTHENTICATION_FAILURE
1703.86,1,1,2,15,0.852,1.49,0.98,29.7,1,NETWORK_FAILURE
873.22,0,0,1,14,0.917,0.23,0.95,21.1,0,SUCCESS
3557.89,0,1,1,17,0.956,1.15,0.86,16.6,0,SUCCESS
3013.9,0,1,1,21,0.936,0.76,0.94,24.8,0,SUCCESS
3043.87,0,0,1,12,0.894,0.41,0.88,12.1,0,SUCCESS
2558.71,0,0,1,10,0.98,1.13,0.98,15.4,0,SUCCESS
2635.7,0,0,1,17,0.983,0.47,0.95,7.9,0,SUCCESS
2120.11,2,1,2,18,0.923,0.74,0.99,15.9,1,TIMEOUT
75946.0,5,5,8,4,0.26,8.23,0.05,100.0,1,DUPLICATE_TRANSACTION
95526.0,4,6,19,23,0.284,6.4,0.33,96.2,1,AUTHENTICATION_FAILURE
739.95,0,0,1,20,0.912,1.13,0.95,13.3,0,SUCCESS
3000.48,1,1,1,9,0.88,1.79,0.9,29.6,1,BANK_FAILURE
3814.72,0,0,2,10,0.987,0.95,0.94,23.6,0,SUCCESS
1076.02,0,0,1,19,0.986,1.19,0.97,14.4,0,SUCCESS
1592.54,0,0,1,17,0.939,1.2,0.97,24.4,0,SUCCESS
551.9,0,0,1,14,0.923,0.77,0.99,24.5,0,SUCCESS
358.36,0,0,1,11,0.994,0.49,1.0,9.6,0,SUCCESS
329.0,1,1,1,14,0.97,0.92,0.89,5.5,0,SUCCESS
45902.0,3,9,13,4,0.286,7.01,0.16,100.0,1,AUTHENTICATION_FAILURE
397.86,0,0,2,11,0.889,0.31,0.95,20.1,0,SUCCESS
514.53,0,0,1,15,0.918,0.95,0.95,19.8,0,SUCCESS
1014.49,2,3,1,10,0.894,1.72,0.84,40.9,1,BANK_FAILURE
643.52,1,1,1,10,0.979,1.0,0.93,27.5,1,TIMEOUT
219.67,0,0,2,18,0.976,0.98,0.95,7.0,0,SUCCESS
7164.92,0,1,1,15,0.909,0.58,0.93,9.6,0,SUCCESS
563.77,2,2,1,9,0.861,1.19,0.85,33.6,1,NETWORK_FAILURE
1390.0,1,0,1,19,0.886,0.8,0.93,10.9,0,SUCCESS
414.27,0,1,1,19,0.898,1.0,0.86,8.8,0,SUCCESS
1458.94,1,0,2,6,0.996,1.04,0.88,10.7,0,SUCCESS
5265.06,2,3,2,12,0.756,1.82,0.76,38.2,1,BANK_FAILURE
6292.01,1,1,2,12,0.854,0.59,0.94,25.4,1,NETWORK_FAILURE
326.52,0,0,2,21,0.881,1.18,0.97,12.9,0,SUCCESS
7451.09,2,1,2,20,0.866,1.47,0.83,43.0,1,BANK_FAILURE
45368.0,6,6,11,3,0.266,8.29,0.19,100.0,1,DUPLICATE_TRANSACTION
2109.38,0,0,1,21,0.963,0.45,0.9,19.8,0,SUCCESS
1926.99,0,0,1,15,0.888,0.42,0.92,28.5,1,INSUFFICIENT_FUNDS
1048.99,0,0,1,21,0.897,0.91,0.85,6.7,0,SUCCESS
3511.82,0,0,1,13,0.97,0.42,0.99,14.7,0,SUCCESS
758.41,0,0,1,22,0.993,0.63,0.95,10.2,0,SUCCESS
1921.27,1,1,1,10,0.93,0.67,0.86,29.7,1,NETWORK_FAILURE
263.7,0,0,1,10,0.96,1.14,0.86,15.3,0,SUCCESS
151.55,1,0,1,18,0.892,0.75,0.9,9.4,0,SUCCESS
802.41,0,0,1,13,0.914,0.72,0.91,9.6,0,SUCCESS
1745.87,0,0,1,7,0.957,1.06,0.94,20.8,0,SUCCESS
95695.0,3,5,13,4,0.378,7.13,0.22,100.0,1,DUPLICATE_TRANSACTION
103.91,0,0,1,10,0.928,0.46,0.93,13.4,0,SUCCESS
1997.27,2,1,1,11,0.962,0.7,0.87,23.7,1,NETWORK_FAILURE
3975.05,0,0,1,12,0.994,0.54,0.95,24.2,0,SUCCESS
1968.33,0,0,1,21,0.997,0.37,0.97,13.1,0,SUCCESS
75908.0,6,6,17,2,0.099,5.36,0.29,96.1,1,DUPLICATE_TRANSACTION
958.65,0,0,1,6,0.93,1.13,0.93,23.0,0,SUCCESS
5957.46,3,2,1,14,0.87,1.6,0.87,39.2,1,GATEWAY_FAILURE
423.89,0,0,1,16,0.954,0.6,0.85,14.5,0,SUCCESS
749.36,0,0,2,22,0.982,1.15,0.99,13.1,0,SUCCESS
2770.83,0,0,1,15,0.937,0.54,0.91,12.4,0,SUCCESS
4357.22,0,0,1,8,0.998,0.77,0.92,15.0,0,SUCCESS
1478.62,0,0,2,15,0.929,0.76,0.89,5.7,0,SUCCESS
2218.63,1,0,1,14,0.974,0.94,0.88,13.4,0,SUCCESS
1523.73,1,1,2,18,0.816,1.57,0.86,31.2,1,BANK_FAILURE
1172.06,1,0,1,16,0.983,0.52,0.91,21.1,0,SUCCESS
161.28,0,0,1,9,0.88,0.43,0.86,6.8,0,SUCCESS
1465.45,0,0,1,14,0.935,0.63,0.95,14.0,0,SUCCESS
214.19,0,0,1,17,0.92,0.62,0.85,7.4,0,SUCCESS
1061.38,0,0,1,16,0.919,0.36,0.86,10.7,0,SUCCESS
264.47,0,0,1,10,0.917,0.94,0.86,5.9,0,SUCCESS
2047.33,0,0,1,19,0.99,0.97,0.87,9.4,0,SUCCESS
1288.38,0,0,1,6,0.995,0.79,0.91,21.0,0,SUCCESS
942.73,0,0,2,11,0.905,0.6,0.98,6.2,0,SUCCESS
344.89,0,0,1,6,0.986,0.47,0.91,19.6,0,SUCCESS
1682.07,0,0,1,10,0.892,0.78,0.95,18.6,0,SUCCESS
1265.14,0,0,1,13,0.95,0.59,0.9,10.3,0,SUCCESS
56.22,0,0,1,16,0.899,0.41,0.89,23.4,0,SUCCESS
95357.0,7,5,16,2,0.365,8.41,0.08,100.0,1,DUPLICATE_TRANSACTION
759.11,0,0,2,12,0.961,0.8,0.89,21.3,0,SUCCESS
1974.23,0,1,1,12,0.918,0.53,0.93,10.7,0,SUCCESS
754.21,1,0,1,11,0.968,0.8,0.95,9.2,0,SUCCESS
521.54,0,0,1,7,0.998,1.01,0.99,16.9,0,SUCCESS
677.43,0,0,2,12,0.979,0.32,0.95,17.9,0,SUCCESS
2845.16,0,1,1,6,0.918,0.29,0.91,23.2,0,SUCCESS
1874.29,0,0,1,18,0.958,0.25,0.85,7.4,0,SUCCESS
3637.2,0,0,1,20,0.89,0.5,0.99,7.0,0,SUCCESS
168.25,0,0,1,14,0.97,0.46,0.9,14.6,0,SUCCESS
72.07,0,0,1,19,0.895,0.66,0.96,21.7,0,SUCCESS
1521.63,2,2,2,20,0.837,0.65,0.96,24.3,1,TIMEOUT
1923.61,0,0,2,16,0.928,0.3,0.94,11.6,0,SUCCESS
3571.41,0,0,1,12,0.988,0.23,0.87,6.7,0,SUCCESS
648.87,1,2,1,20,0.895,1.4,0.99,18.3,1,TIMEOUT
2349.08,0,0,2,17,0.934,0.98,0.86,22.6,0,SUCCESS
1382.54,0,0,1,15,0.999,0.72,0.86,8.3,0,SUCCESS
518.2,0,0,1,19,0.934,0.68,0.99,19.1,0,SUCCESS
413.41,0,0,1,14,0.936,0.69,0.93,5.6,0,SUCCESS
1440.19,1,0,2,8,0.902,0.96,0.89,11.0,0,SUCCESS
2345.45,0,0,2,10,0.999,0.35,0.92,19.6,0,SUCCESS
55.46,0,1,1,13,0.882,1.19,0.96,12.5,0,SUCCESS
252.93,0,0,2,8,0.996,0.7,0.89,8.9,0,SUCCESS
1472.06,0,0,1,8,0.882,0.92,0.94,18.7,0,SUCCESS
1620.52,1,2,2,10,0.975,0.73,1.0,28.6,1,TIMEOUT
754.15,0,0,1,15,0.899,0.57,0.98,9.1,0,SUCCESS
694.82,0,0,1,19,0.974,0.25,0.88,9.2,0,SUCCESS
5996.85,0,0,1,21,0.897,0.47,0.88,7.5,0,SUCCESS
1963.54,0,0,1,15,0.936,0.66,0.97,14.1,0,SUCCESS
563.15,0,0,1,8,0.898,0.82,0.98,7.4,0,SUCCESS
2782.02,0,0,1,6,0.965,0.92,0.88,7.3,0,SUCCESS
1711.05,0,0,1,17,0.997,0.38,0.98,16.1,0,SUCCESS
3346.41,0,1,1,11,0.913,1.12,0.88,14.4,0,SUCCESS
3836.86,0,0,2,15,0.978,0.8,0.9,13.9,0,SUCCESS
2151.19,1,0,1,11,0.982,0.61,0.96,18.8,0,SUCCESS
324.99,0,0,1,21,0.988,0.42,0.95,22.6,0,SUCCESS
91.65,0,0,2,11,0.929,0.86,0.91,18.9,0,SUCCESS
627.17,1,2,1,12,0.803,1.32,0.83,22.8,1,NETWORK_FAILURE
2123.49,0,0,2,12,0.984,0.7,0.9,18.2,0,SUCCESS
550.15,0,0,1,12,0.941,0.82,0.89,19.1,0,SUCCESS
525.46,0,0,1,14,0.943,0.9,0.93,13.3,0,SUCCESS
6381.85,0,0,2,12,0.963,0.88,0.92,33.4,1,INSUFFICIENT_FUNDS
65.33,1,0,1,12,0.982,0.59,0.96,8.0,0,SUCCESS
1740.91,0,0,1,8,0.984,0.22,0.93,20.1,1,INSUFFICIENT_FUNDS
1919.35,0,0,1,19,0.945,0.42,0.96,11.1,0,SUCCESS
682.48,2,1,2,18,0.976,0.64,0.88,16.3,1,TIMEOUT
1754.32,0,0,1,7,0.947,1.05,0.93,24.4,0,SUCCESS
1974.65,0,0,1,17,0.972,0.8,0.85,24.4,0,SUCCESS
736.56,1,2,1,21,0.903,1.27,0.88,23.8,1,NETWORK_FAILURE
967.76,0,0,1,17,0.99,1.05,0.92,5.0,0,SUCCESS
2823.37,0,0,1,8,0.98,0.62,0.89,38.0,1,INSUFFICIENT_FUNDS
2526.46,0,0,1,11,0.947,0.21,1.0,21.1,0,SUCCESS
93.91,0,0,2,7,0.972,0.55,0.93,17.2,0,SUCCESS
1790.96,1,1,2,15,0.813,0.96,0.93,20.9,1,TIMEOUT
499.6,0,0,1,9,0.909,0.52,0.97,13.5,0,SUCCESS
497.25,0,0,1,12,0.882,1.1,0.91,22.4,0,SUCCESS
96.67,1,0,1,20,0.998,0.79,0.89,27.7,1,INSUFFICIENT_FUNDS
407.86,0,0,1,9,0.896,1.02,0.97,15.0,0,SUCCESS
335.96,0,0,2,8,0.976,0.58,0.96,21.7,0,SUCCESS
4004.74,0,0,2,12,0.951,0.74,1.0,15.9,0,SUCCESS
702.91,0,0,2,6,0.908,0.3,0.95,6.9,0,SUCCESS
609.45,0,0,1,21,0.919,0.55,0.88,21.7,0,SUCCESS
671.44,1,0,1,14,0.967,0.68,0.89,17.4,0,SUCCESS
978.64,0,0,2,11,0.983,1.18,0.98,13.1,0,SUCCESS
2070.66,0,0,1,21,0.887,1.13,0.92,7.7,0,SUCCESS
713.85,0,0,1,10,0.901,0.54,0.9,10.2,0,SUCCESS
553.33,0,1,1,22,0.956,0.44,0.86,30.5,1,INSUFFICIENT_FUNDS
107.46,0,0,1,18,0.922,0.26,0.99,6.3,0,SUCCESS
1670.74,0,0,1,7,0.99,0.78,0.91,7.0,0,SUCCESS
278.08,0,0,1,10,0.882,1.08,0.94,5.9,0,SUCCESS
377.96,0,0,1,21,0.903,1.16,0.99,19.9,0,SUCCESS
470.6,0,0,1,14,0.983,0.81,0.92,19.3,0,SUCCESS
784.59,3,3,2,20,0.821,1.44,0.83,33.8,1,GATEWAY_FAILURE
5387.65,2,1,2,11,0.945,0.89,0.94,26.6,1,TIMEOUT
1547.68,0,0,1,21,0.888,0.61,0.98,7.9,0,SUCCESS
150466.0,3,4,10,2,0.339,8.4,0.32,100.0,1,AUTHENTICATION_FAILURE
95559.0,4,5,12,1,0.148,5.38,0.12,100.0,1,AUTHENTICATION_FAILURE
75493.0,3,6,13,3,0.234,3.99,0.19,100.0,1,DUPLICATE_TRANSACTION
307.96,0,0,1,22,0.911,0.3,0.89,15.2,0,SUCCESS
4711.63,0,0,1,6,0.962,0.59,0.94,15.7,0,SUCCESS
1004.69,0,1,1,13,0.943,0.22,0.91,16.5,0,SUCCESS
290.07,0,0,1,15,0.906,0.27,0.9,24.6,0,SUCCESS
573.12,0,0,1,20,0.885,0.21,0.97,6.1,0,SUCCESS
977.3,0,0,1,13,0.994,0.43,0.94,22.7,0,SUCCESS
1223.24,0,0,1,14,0.892,0.64,1.0,12.6,0,SUCCESS
1663.44,0,0,1,21,0.992,0.58,0.85,5.6,0,SUCCESS
2720.01,0,0,1,21,0.893,0.25,0.97,21.2,0,SUCCESS
203.11,0,0,1,9,0.931,0.85,0.89,11.6,0,SUCCESS
205.17,0,0,1,10,0.928,0.43,0.9,22.1,0,SUCCESS
875.84,1,0,1,12,0.948,0.81,0.95,20.1,0,SUCCESS
516.47,3,2,1,15,0.803,1.69,0.72,26.2,1,BANK_FAILURE
45234.0,6,5,7,23,0.15,7.06,0.16,100.0,1,DUPLICATE_TRANSACTION
687.06,0,0,1,6,0.949,1.12,0.94,23.4,0,SUCCESS
150626.0,6,6,5,4,0.167,3.82,0.15,92.9,1,DUPLICATE_TRANSACTION
269.44,1,0,1,12,0.952,0.91,0.86,13.6,0,SUCCESS
376.07,0,0,2,22,0.968,0.93,0.99,9.7,0,SUCCESS
95328.0,7,9,16,1,0.224,4.43,0.24,98.7,1,AUTHENTICATION_FAILURE
418.11,0,0,1,11,0.887,1.2,0.93,15.9,0,SUCCESS
579.99,0,0,1,20,0.937,0.53,0.89,23.5,0,SUCCESS
461.66,1,0,2,22,0.89,0.39,0.88,18.9,0,SUCCESS
675.23,0,0,1,16,0.889,0.63,0.99,14.6,0,SUCCESS
2951.87,0,0,1,20,0.998,1.15,0.96,22.4,0,SUCCESS
1703.36,1,0,1,16,0.975,1.1,0.96,8.0,0,SUCCESS
3569.04,2,1,1,18,0.975,0.75,0.85,25.3,1,TIMEOUT
1716.7,0,0,2,17,0.956,0.65,0.94,21.4,0,SUCCESS
287.84,0,0,2,10,0.992,0.9,0.89,11.5,0,SUCCESS
631.25,0,0,1,7,0.923,0.54,0.92,19.0,0,SUCCESS
1822.37,0,0,1,17,0.949,0.88,0.95,7.3,0,SUCCESS
555.61,0,0,1,20,0.958,0.26,0.97,16.3,0,SUCCESS
2308.74,0,0,1,10,0.944,0.24,0.95,15.3,0,SUCCESS
347.72,0,0,2,8,0.919,0.69,0.87,23.6,0,SUCCESS
509.67,1,0,1,20,0.881,0.6,0.86,18.5,0,SUCCESS
4215.53,0,0,1,18,0.907,0.56,1.0,9.5,0,SUCCESS
1038.35,0,0,1,10,0.984,0.54,0.95,16.0,0,SUCCESS
440.62,0,0,1,20,0.945,0.35,0.97,6.4,0,SUCCESS
168.22,0,1,1,22,0.894,0.68,0.91,19.4,0,SUCCESS
3718.24,0,1,1,10,0.899,1.02,0.91,12.8,0,SUCCESS
1362.72,0,0,1,15,0.914,1.1,0.9,16.6,0,SUCCESS
378.38,0,0,2,14,0.9,0.3,0.85,9.1,0,SUCCESS
684.88,0,0,2,11,0.917,0.59,0.9,19.5,0,SUCCESS
861.08,0,0,1,11,0.907,0.91,0.9,23.4,0,SUCCESS
1545.52,0,0,1,7,0.999,0.47,0.95,7.4,0,SUCCESS
1154.1,0,0,1,17,0.991,0.54,0.91,8.8,0,SUCCESS
1128.35,0,0,1,21,0.961,1.04,0.88,14.1,0,SUCCESS
510.36,0,0,2,9,0.983,0.62,0.9,17.1,0,SUCCESS
346.23,0,0,2,14,0.929,0.49,0.86,15.4,0,SUCCESS
2084.36,0,0,1,22,0.975,0.67,0.97,17.3,0,SUCCESS
2184.83,0,0,2,22,0.902,0.4,0.99,23.6,0,SUCCESS
112.95,1,1,2,12,0.932,1.02,0.95,7.4,0,SUCCESS
980.5,0,0,2,18,0.884,0.56,0.9,13.6,0,SUCCESS
1358.62,1,1,1,15,0.863,1.33,0.97,19.7,1,NETWORK_FAILURE
502.43,0,0,1,16,0.89,0.53,0.92,8.7,0,SUCCESS
287.02,0,0,1,7,0.897,0.82,0.93,11.0,0,SUCCESS
445.69,3,3,1,11,0.893,1.08,0.91,36.3,1,BANK_FAILURE
308.59,0,0,1,14,0.893,1.19,0.98,13.5,0,SUCCESS
3515.92,1,3,2,16,0.848,1.48,0.88,43.8,1,BANK_FAILURE
985.13,1,2,1,21,0.828,0.61,0.87,27.2,1,TIMEOUT
105.93,0,0,1,12,0.957,0.78,0.85,25.0,0,SUCCESS
90.02,0,0,1,18,0.987,0.72,0.91,16.2,0,SUCCESS
666.14,0,0,1,7,0.913,0.46,0.89,17.3,0,SUCCESS
2073.88,1,0,1,16,0.908,0.65,0.97,28.1,1,INSUFFICIENT_FUNDS
3760.01,0,0,1,22,0.91,1.13,0.88,19.9,0,SUCCESS
125.96,0,1,1,13,0.96,0.84,0.99,17.5,0,SUCCESS
678.6,0,0,1,16,0.957,0.39,0.87,23.9,0,SUCCESS
1572.58,2,3,2,19,0.763,0.84,0.97,31.4,1,BANK_FAILURE
1548.86,0,0,1,11,0.953,0.68,0.85,24.5,0,SUCCESS
150552.0,6,4,10,4,0.4,5.12,0.17,100.0,1,DUPLICATE_TRANSACTION
1281.29,1,0,1,20,0.912,0.87,0.86,11.6,0,SUCCESS
443.55,0,0,2,13,0.94,0.93,1.0,18.8,0,SUCCESS
178.69,0,0,1,13,0.914,0.96,0.92,8.3,0,SUCCESS
106.31,0,0,1,14,0.993,1.05,0.92,14.6,0,SUCCESS
2804.52,1,1,2,17,0.926,0.33,0.97,23.8,0,SUCCESS
638.76,0,0,1,13,0.929,0.7,0.98,6.7,0,SUCCESS
955.88,0,1,2,14,0.958,1.17,0.96,17.8,0,SUCCESS
1189.91,0,0,1,9,0.96,0.34,0.96,17.9,0,SUCCESS
4307.6,0,0,1,6,0.896,0.83,0.9,10.5,0,SUCCESS
1124.96,0,0,1,8,0.895,0.78,0.99,23.1,0,SUCCESS
246.12,1,0,2,8,0.92,0.5,0.85,24.0,0,SUCCESS
884.36,1,0,1,6,0.926,1.13,0.88,11.4,0,SUCCESS
1697.42,0,0,1,12,0.949,1.06,0.93,9.6,0,SUCCESS
45469.0,7,8,12,4,0.327,5.88,0.06,99.4,1,AUTHENTICATION_FAILURE
1408.5,0,1,2,21,0.957,1.08,0.96,23.2,0,SUCCESS
1768.16,1,1,1,16,0.882,1.34,0.87,32.4,1,TIMEOUT
1277.92,1,2,1,12,0.837,0.95,0.71,42.9,1,GATEWAY_FAILURE
3222.05,1,0,1,12,0.946,0.74,0.91,16.4,0,SUCCESS
784.25,0,0,2,10,0.971,0.73,0.9,16.6,0,SUCCESS
1277.5,0,0,1,20,0.893,1.09,0.88,19.7,0,SUCCESS
1615.1,1,0,2,7,0.906,0.69,0.91,23.4,0,SUCCESS
584.06,0,0,2,9,0.915,0.98,0.9,17.8,0,SUCCESS
1393.71,0,0,1,10,0.897,0.5,0.94,19.5,0,SUCCESS
170.95,1,2,1,21,0.815,1.0,0.94,16.1,1,TIMEOUT
1762.88,0,0,1,19,0.906,1.03,0.86,13.1,0,SUCCESS
316.0,0,0,1,12,0.975,0.37,0.87,8.1,0,SUCCESS
344.42,0,0,1,20,0.956,0.86,0.99,24.0,0,SUCCESS
1339.68,0,0,2,22,0.966,0.25,0.97,15.0,0,SUCCESS
1305.66,0,0,1,13,0.912,1.03,0.97,10.5,0,SUCCESS
1622.82,0,0,1,16,0.892,0.93,0.86,19.8,0,SUCCESS
2591.04,1,0,1,16,0.965,0.94,0.98,9.5,0,SUCCESS
5434.3,0,0,1,12,0.959,0.5,0.91,19.8,0,SUCCESS
7717.87,2,1,1,19,0.881,1.16,0.88,35.0,1,TIMEOUT
95370.0,7,5,8,1,0.101,6.13,0.18,100.0,1,AUTHENTICATION_FAILURE
200.06,2,2,1,15,0.976,1.35,0.88,34.9,1,NETWORK_FAILURE
113.01,0,0,1,22,0.977,0.78,0.86,21.9,0,SUCCESS
112.45,0,0,1,6,0.954,0.44,0.96,17.1,0,SUCCESS
75577.0,4,7,18,4,0.178,8.55,0.22,100.0,1,AUTHENTICATION_FAILURE
5441.72,3,1,3,11,0.934,1.42,0.83,29.3,1,BANK_FAILURE
1738.67,0,1,1,15,0.939,0.62,0.95,36.5,1,INSUFFICIENT_FUNDS
45777.0,7,5,10,4,0.215,7.23,0.22,100.0,1,DUPLICATE_TRANSACTION
97.64,0,0,1,22,0.977,0.81,0.95,24.4,0,SUCCESS
1205.04,0,0,1,19,0.883,0.85,1.0,8.5,0,SUCCESS
750.01,0,0,2,17,0.94,0.98,0.92,24.7,0,SUCCESS
464.89,1,1,2,15,0.9,1.16,0.93,15.5,0,SUCCESS
2311.52,1,0,1,19,0.889,0.71,0.97,19.0,0,SUCCESS
4288.02,1,0,1,9,0.934,1.07,0.98,11.9,0,SUCCESS
164.47,0,0,2,12,0.88,1.15,0.91,24.1,0,SUCCESS
439.76,0,0,1,6,0.958,0.36,0.94,15.8,0,SUCCESS
45286.0,7,4,7,3,0.234,7.45,0.06,100.0,1,AUTHENTICATION_FAILURE
204.68,0,0,1,14,0.979,0.34,0.9,14.5,0,SUCCESS
2758.44,0,0,1,17,0.891,0.78,0.87,10.0,0,SUCCESS
786.67,0,0,1,7,0.999,0.37,0.97,21.6,0,SUCCESS
6284.77,0,0,1,17,0.88,0.75,1.0,11.2,0,SUCCESS
1724.97,1,2,2,18,0.839,1.3,0.81,31.1,1,NETWORK_FAILURE
81.41,0,0,1,15,0.889,0.45,0.96,10.6,0,SUCCESS
1387.35,1,1,1,12,0.954,0.57,0.83,17.4,1,NETWORK_FAILURE
6208.83,1,0,1,10,0.928,0.76,0.93,23.5,0,SUCCESS
1813.29,0,0,1,16,0.927,0.36,0.92,20.4,0,SUCCESS
1870.12,0,0,1,11,0.901,1.12,0.86,19.7,0,SUCCESS
106.04,0,0,1,18,0.894,0.34,0.87,6.8,0,SUCCESS
572.02,0,0,1,13,0.923,0.92,0.97,18.3,0,SUCCESS
799.82,0,1,1,11,0.919,0.86,0.96,16.8,0,SUCCESS
377.53,0,0,1,20,0.92,0.27,0.97,9.4,0,SUCCESS
1198.43,0,0,1,7,0.927,0.4,0.94,21.5,0,SUCCESS
189.19,1,2,2,21,0.914,1.15,0.93,17.6,1,TIMEOUT
819.49,1,2,2,10,0.866,1.09,0.87,35.7,1,GATEWAY_FAILURE
411.45,1,0,1,18,1.0,0.87,0.99,13.3,0,SUCCESS
2623.87,0,0,1,14,0.973,0.55,0.88,33.5,1,INSUFFICIENT_FUNDS
272.54,0,0,1,7,0.962,0.44,0.94,16.1,0,SUCCESS
508.87,0,0,1,17,0.984,1.08,0.97,22.3,0,SUCCESS
1061.01,0,0,1,10,0.981,0.72,0.97,11.5,0,SUCCESS
2074.8,0,0,1,10,0.971,1.02,0.88,10.4,0,SUCCESS
1026.56,3,1,1,19,0.784,1.42,0.92,33.0,1,GATEWAY_FAILURE
426.58,0,0,1,7,0.948,0.24,0.86,19.1,0,SUCCESS
1645.39,0,0,1,13,0.951,0.43,0.96,14.0,0,SUCCESS
1425.35,0,0,1,19,0.893,1.04,0.95,20.6,0,SUCCESS
761.54,1,0,2,13,0.893,0.2,0.95,16.2,0,SUCCESS
331.68,0,1,1,9,0.968,0.97,0.97,5.6,0,SUCCESS
60.74,0,0,1,22,0.996,0.77,0.87,13.1,0,SUCCESS
528.39,0,0,1,7,0.955,0.78,0.9,15.3,0,SUCCESS
1116.07,0,0,2,9,0.905,0.79,0.95,18.1,0,SUCCESS
1519.68,0,0,1,10,0.943,0.91,0.94,12.7,0,SUCCESS
3427.46,1,0,1,7,0.892,1.05,0.95,5.6,0,SUCCESS
75275.0,6,5,19,3,0.369,6.81,0.12,100.0,1,AUTHENTICATION_FAILURE
1220.12,0,0,1,8,0.943,0.56,0.93,20.7,0,SUCCESS
1498.18,1,2,1,16,0.944,0.57,0.85,18.1,1,TIMEOUT
3522.45,0,0,1,10,0.917,0.69,0.94,23.5,0,SUCCESS
630.32,0,0,1,21,0.928,0.49,0.94,23.6,0,SUCCESS
3141.16,0,0,1,16,0.915,0.53,0.85,24.4,0,SUCCESS
2063.88,0,0,1,13,0.992,0.87,0.97,7.3,0,SUCCESS
307.66,0,0,1,16,0.96,0.31,0.92,13.9,0,SUCCESS
341.08,0,0,1,16,0.915,0.41,0.93,18.4,0,SUCCESS
1598.59,0,0,2,18,0.919,0.52,0.86,10.6,0,SUCCESS
575.29,0,0,1,17,0.928,0.27,0.96,6.3,0,SUCCESS
295.56,0,0,1,6,0.915,0.27,0.93,13.8,0,SUCCESS
227.41,0,0,2,10,0.954,0.69,0.96,16.2,0,SUCCESS
2001.96,0,0,1,22,0.907,0.59,0.94,5.6,0,SUCCESS
1586.06,2,1,3,12,0.78,0.89,0.92,43.5,1,BANK_FAILURE
1041.88,1,0,1,10,0.947,0.97,0.96,19.8,0,SUCCESS
688.24,1,2,1,20,0.982,1.11,0.95,33.0,1,TIMEOUT
2347.79,0,0,2,6,0.887,0.47,0.88,22.7,0,SUCCESS
1300.03,0,0,1,15,0.908,0.31,0.92,21.2,0,SUCCESS
1324.85,0,0,2,13,0.997,1.2,0.95,23.7,0,SUCCESS
150707.0,3,7,16,1,0.289,4.57,0.17,98.8,1,AUTHENTICATION_FAILURE
339.22,0,0,1,17,0.948,0.8,0.99,31.9,1,INSUFFICIENT_FUNDS
45164.0,3,4,17,23,0.137,5.4,0.24,97.4,1,AUTHENTICATION_FAILURE
368.78,0,0,1,9,0.947,0.32,0.92,14.1,0,SUCCESS
976.5,0,0,1,16,0.958,1.08,0.93,17.5,0,SUCCESS
229.31,1,2,1,10,0.875,1.3,0.91,32.6,1,TIMEOUT
4353.96,0,0,2,21,0.927,0.86,0.9,10.3,0,SUCCESS
2065.72,0,0,1,16,0.964,0.24,0.93,8.3,0,SUCCESS
8913.44,2,1,3,16,0.734,1.52,0.84,32.5,1,BANK_FAILURE
156.15,1,0,1,6,0.881,0.66,0.94,13.6,0,SUCCESS
210.9,0,0,1,7,0.945,0.48,0.99,14.0,0,SUCCESS
2793.8,0,0,1,11,0.97,1.11,0.94,9.4,0,SUCCESS
347.15,0,1,1,11,0.973,0.33,0.92,19.0,0,SUCCESS
676.11,1,0,1,15,0.887,0.9,0.89,9.7,0,SUCCESS
482.78,0,0,1,14,0.893,0.79,0.96,6.4,0,SUCCESS
76.45,0,1,1,11,0.975,0.36,0.98,18.1,0,SUCCESS
533.47,1,0,1,22,0.966,1.19,0.92,7.8,0,SUCCESS
1608.3,0,1,1,15,0.885,0.21,0.9,6.5,0,SUCCESS
2003.16,0,0,2,12,0.887,0.63,0.85,7.7,0,SUCCESS
516.96,1,0,1,19,0.961,1.08,0.87,22.1,0,SUCCESS
1595.15,0,0,1,13,0.939,0.23,0.95,12.5,0,SUCCESS
666.83,1,0,1,6,0.931,0.98,0.85,18.8,0,SUCCESS
149.54,1,0,1,12,0.895,1.04,0.91,15.6,0,SUCCESS
731.53,1,0,1,14,0.922,0.61,0.87,20.0,0,SUCCESS
1153.22,0,0,2,20,0.909,0.33,0.87,22.6,0,SUCCESS
2952.34,2,2,3,15,0.911,1.47,0.83,35.6,1,BANK_FAILURE
512.19,0,0,1,19,0.988,0.98,0.92,24.1,0,SUCCESS
7709.97,2,1,2,19,0.801,0.57,0.8,30.5,1,TIMEOUT
148.77,0,0,1,21,0.979,1.19,0.96,10.6,0,SUCCESS
1492.05,0,0,1,10,0.983,0.29,0.87,17.8,0,SUCCESS
3740.84,0,0,1,18,0.995,1.14,0.99,23.2,0,SUCCESS
4213.64,2,2,2,12,0.805,0.63,0.83,15.5,1,TIMEOUT
197.91,0,0,1,16,0.907,0.69,0.9,24.3,0,SUCCESS
95720.0,6,5,7,4,0.225,7.99,0.1,100.0,1,AUTHENTICATION_FAILURE
136.36,0,0,1,21,0.993,0.43,0.87,19.5,0,SUCCESS
257.2,3,1,2,14,0.756,1.24,0.79,31.1,1,BANK_FAILURE
1164.3,0,0,1,16,0.992,0.27,0.89,10.1,0,SUCCESS
579.75,0,0,1,16,0.965,0.93,0.87,20.0,0,SUCCESS
1389.21,0,0,1,21,0.967,0.78,0.98,17.5,0,SUCCESS
2542.02,0,1,1,7,0.899,1.16,0.96,15.6,0,SUCCESS
3456.31,0,1,1,14,0.919,0.71,0.98,22.6,0,SUCCESS
75361.0,6,6,19,1,0.186,8.14,0.16,100.0,1,DUPLICATE_TRANSACTION
1331.28,0,0,2,14,0.961,1.05,0.95,13.4,0,SUCCESS
45202.0,4,4,8,3,0.086,5.06,0.11,100.0,1,AUTHENTICATION_FAILURE
2666.24,0,1,1,7,0.882,1.14,0.9,13.1,0,SUCCESS
4389.92,1,2,2,19,0.833,1.0,0.98,26.2,1,TIMEOUT
629.15,2,2,2,11,0.909,0.54,0.92,25.5,1,TIMEOUT
1884.84,0,0,2,20,0.982,0.74,0.95,9.1,0,SUCCESS
2501.43,1,2,1,14,0.822,0.81,0.9,28.5,1,TIMEOUT
512.37,0,0,2,18,0.925,0.24,0.97,17.9,0,SUCCESS
1992.12,0,0,1,11,0.887,0.53,0.98,20.5,0,SUCCESS
1290.96,0,0,1,21,1.0,0.96,0.94,24.7,0,SUCCESS
783.45,1,2,2,14,0.853,1.46,1.0,33.5,1,NETWORK_FAILURE
7390.25,3,1,1,12,0.742,1.75,0.84,35.3,1,BANK_FAILURE
588.51,0,0,1,20,0.891,0.5,0.96,18.2,0,SUCCESS
298.93,1,0,1,18,0.958,0.81,0.87,13.3,0,SUCCESS
2345.95,0,0,1,21,0.905,0.78,0.85,19.3,0,SUCCESS
690.9,0,0,2,14,0.943,0.49,0.97,23.9,1,INSUFFICIENT_FUNDS
178.99,2,2,2,13,0.845,1.76,0.85,37.2,1,BANK_FAILURE
1406.02,1,2,1,20,0.823,1.15,0.91,22.6,1,TIMEOUT
529.66,0,0,1,9,0.921,0.24,0.92,30.8,1,INSUFFICIENT_FUNDS
3458.64,1,0,1,10,0.955,0.57,0.87,13.9,0,SUCCESS
1144.58,0,0,1,18,0.911,0.44,0.93,16.3,0,SUCCESS
344.0,0,0,1,10,0.951,0.97,1.0,23.2,0,SUCCESS
889.3,0,0,1,20,0.921,0.41,0.94,24.1,0,SUCCESS
584.15,0,0,1,18,0.926,0.66,0.96,19.4,0,SUCCESS
150669.0,3,6,19,1,0.372,6.54,0.22,100.0,1,AUTHENTICATION_FAILURE
3873.12,0,0,2,18,0.908,0.97,0.85,19.3,0,SUCCESS
178.18,0,0,1,14,0.973,0.7,0.95,17.8,0,SUCCESS
1383.11,0,0,1,20,0.881,0.35,0.99,21.8,0,SUCCESS
954.33,2,2,1,13,0.833,0.83,0.87,43.6,1,GATEWAY_FAILURE
2641.71,0,0,1,14,0.918,0.73,0.85,22.7,0,SUCCESS
1915.14,0,0,1,15,0.918,0.89,0.97,19.8,0,SUCCESS
3044.15,0,1,2,9,0.964,0.86,0.99,15.8,0,SUCCESS
705.79,0,0,1,21,0.976,0.37,0.89,24.2,0,SUCCESS
1617.96,2,3,3,11,0.875,1.89,0.73,36.1,1,GATEWAY_FAILURE
2239.54,2,2,2,19,0.936,1.34,0.89,30.0,1,NETWORK_FAILURE
1048.06,1,3,2,11,0.877,1.25,0.84,37.9,1,BANK_FAILURE
739.99,0,0,2,12,0.894,0.92,0.87,23.8,0,SUCCESS
501.32,1,0,1,9,0.913,0.34,0.87,24.2,0,SUCCESS
616.0,1,0,1,15,0.919,0.64,0.89,23.9,0,SUCCESS
617.81,1,0,1,17,0.925,0.57,0.96,10.9,0,SUCCESS
198.44,0,0,1,6,0.881,1.03,0.93,8.1,0,SUCCESS
132.6,0,0,1,20,0.965,0.26,0.86,12.4,0,SUCCESS
309.24,0,0,1,13,0.95,0.49,0.96,12.5,0,SUCCESS
354.05,1,1,1,17,0.81,0.77,0.84,19.0,1,TIMEOUT
1426.73,0,0,1,15,0.917,0.89,0.9,17.7,0,SUCCESS
1252.07,0,0,1,7,0.93,0.57,0.91,9.1,0,SUCCESS
554.84,2,2,1,13,0.87,1.88,0.8,25.6,1,BANK_FAILURE
78.9,0,1,1,20,0.967,1.02,0.94,11.4,0,SUCCESS
495.11,0,0,2,20,0.992,0.84,0.85,18.2,0,SUCCESS
1165.81,2,2,1,9,0.833,1.22,0.9,18.7,1,NETWORK_FAILURE
1488.74,0,0,1,15,1.0,0.87,0.93,24.1,0,SUCCESS
3159.63,2,1,2,13,0.873,1.18,0.84,34.8,1,TIMEOUT
1699.41,2,2,2,20,0.944,0.89,0.92,30.6,1,TIMEOUT
197.6,0,0,1,8,0.922,0.39,0.89,21.4,0,SUCCESS
262.49,0,0,1,6,0.982,1.12,0.96,5.6,0,SUCCESS
1900.44,1,0,1,15,0.989,0.77,0.98,21.5,0,SUCCESS
148.77,0,0,1,18,0.969,0.56,0.96,14.9,0,SUCCESS
315.94,0,0,1,20,0.978,1.13,0.88,20.2,1,INSUFFICIENT_FUNDS
531.28,0,0,2,6,0.939,0.84,0.91,11.9,0,SUCCESS
350.54,0,0,1,10,0.978,0.7,0.96,37.5,1,INSUFFICIENT_FUNDS
563.0,1,0,1,19,0.942,0.63,0.97,15.1,0,SUCCESS
631.37,0,0,1,22,0.958,0.63,0.97,23.4,0,SUCCESS
2443.64,1,3,1,19,0.84,1.71,0.84,36.9,1,BANK_FAILURE
2799.55,0,0,1,18,0.937,0.23,0.94,16.7,0,SUCCESS
1967.45,0,1,1,15,0.974,0.33,0.89,5.5,0,SUCCESS
634.57,0,0,2,17,0.994,0.72,0.97,10.4,0,SUCCESS
248.49,0,0,1,12,0.972,1.06,0.97,13.3,0,SUCCESS
1622.1,1,0,2,10,0.953,1.05,0.9,8.3,0,SUCCESS
254.0,1,0,1,6,0.899,1.05,0.94,21.2,0,SUCCESS
1834.23,0,0,1,22,0.889,0.38,0.86,9.9,0,SUCCESS
1688.3,2,2,3,19,0.729,1.96,0.84,32.6,1,BANK_FAILURE
254.71,0,1,1,11,0.916,0.29,1.0,10.3,0,SUCCESS
1456.24,0,0,1,19,0.959,0.98,0.94,6.4,0,SUCCESS
722.66,0,0,1,16,0.975,0.89,0.94,7.4,0,SUCCESS
266.19,0,0,2,12,0.995,1.15,1.0,16.4,0,SUCCESS
193.09,0,0,2,21,0.897,0.36,0.88,18.1,0,SUCCESS
185.07,0,0,1,9,0.999,1.06,0.92,25.0,0,SUCCESS
915.01,0,0,1,16,0.996,0.39,0.99,18.8,0,SUCCESS
679.81,0,0,1,12,0.988,0.38,0.88,13.2,0,SUCCESS
271.46,0,1,1,18,0.965,0.95,0.86,26.1,1,INSUFFICIENT_FUNDS
456.9,0,1,1,13,0.923,0.5,0.95,22.7,0,SUCCESS
777.01,0,0,1,8,0.987,0.35,0.88,7.1,0,SUCCESS
493.72,0,0,1,17,0.999,0.99,0.91,16.5,0,SUCCESS
1220.59,1,0,1,15,0.941,0.22,0.87,16.6,0,SUCCESS
1942.89,1,0,1,12,0.998,0.42,0.91,12.6,0,SUCCESS
3245.2,0,0,1,19,0.91,0.79,0.93,9.5,0,SUCCESS
2460.37,1,2,1,14,0.889,1.11,0.75,37.0,1,BANK_FAILURE
1516.39,0,0,1,10,0.885,1.11,0.96,10.4,0,SUCCESS
873.27,1,0,2,12,0.895,0.32,0.87,14.8,0,SUCCESS
820.57,2,2,2,16,0.918,0.71,0.99,25.6,1,TIMEOUT
1576.33,0,0,1,6,0.999,0.71,0.97,16.3,0,SUCCESS
848.7,0,0,1,17,0.938,0.62,0.96,10.0,0,SUCCESS
1198.73,0,0,1,15,0.987,0.53,0.98,23.9,0,SUCCESS
1304.27,0,0,1,22,0.955,0.58,0.97,11.1,0,SUCCESS
281.9,0,0,1,15,0.954,0.43,0.96,9.5,0,SUCCESS
1124.17,0,0,1,16,0.983,0.93,0.97,23.3,0,SUCCESS
1141.88,0,0,1,17,0.908,1.01,0.88,23.7,0,SUCCESS
529.53,0,0,1,12,0.921,0.67,0.91,23.9,0,SUCCESS
95698.0,4,7,17,23,0.193,6.88,0.11,100.0,1,DUPLICATE_TRANSACTION
1973.38,0,0,2,17,0.933,1.1,0.9,14.6,0,SUCCESS
2867.41,0,0,1,17,0.909,0.52,0.9,23.3,0,SUCCESS
150571.0,6,9,5,3,0.142,8.29,0.32,100.0,1,AUTHENTICATION_FAILURE
462.77,1,1,1,9,0.878,1.21,0.94,15.2,1,NETWORK_FAILURE
452.14,0,0,1,19,0.912,1.1,0.92,21.3,0,SUCCESS
45154.0,4,4,10,2,0.261,8.04,0.08,100.0,1,AUTHENTICATION_FAILURE
801.54,1,2,2,12,0.843,1.32,0.81,17.0,1,TIMEOUT
932.26,0,0,2,16,0.989,0.71,0.9,15.2,0,SUCCESS
2583.21,0,0,2,14,0.919,0.29,1.0,9.6,0,SUCCESS
1261.39,0,0,1,16,0.946,1.05,0.99,7.3,0,SUCCESS
1058.34,0,0,1,9,0.896,0.61,0.86,7.3,0,SUCCESS
2862.47,1,0,2,6,0.899,0.74,0.89,9.4,0,SUCCESS
45194.0,4,6,7,23,0.222,6.12,0.24,96.8,1,DUPLICATE_TRANSACTION
1614.54,1,2,1,19,0.938,0.88,0.94,17.9,1,TIMEOUT
2988.88,0,0,1,17,0.948,0.6,0.89,23.7,0,SUCCESS
1424.13,0,0,2,15,0.931,1.05,0.96,10.7,0,SUCCESS
2438.09,2,2,3,19,0.79,1.01,0.9,42.7,1,GATEWAY_FAILURE
147.48,1,1,1,14,0.929,0.38,0.94,9.7,0,SUCCESS
182.85,0,1,1,12,0.932,0.63,0.88,20.7,0,SUCCESS
215.11,0,0,1,8,0.951,0.23,0.99,11.2,0,SUCCESS
766.35,0,0,2,14,0.894,0.85,0.96,22.2,0,SUCCESS
1639.49,0,0,1,13,0.961,0.57,0.85,20.1,0,SUCCESS
2495.98,0,0,1,6,0.883,0.36,0.98,10.9,0,SUCCESS
368.42,0,0,1,9,0.994,1.19,0.89,18.4,0,SUCCESS
150575.0,7,5,16,2,0.194,8.45,0.32,100.0,1,DUPLICATE_TRANSACTION
323.32,1,0,1,6,0.974,0.81,0.93,16.8,0,SUCCESS
170.38,0,0,1,11,0.999,0.29,0.93,10.9,0,SUCCESS
980.61,0,0,1,6,0.924,1.15,0.92,16.1,0,SUCCESS
2594.6,0,0,1,18,0.943,0.31,0.89,14.1,0,SUCCESS
3627.46,1,2,2,18,0.901,1.98,0.95,28.9,1,GATEWAY_FAILURE
205.82,1,2,1,11,0.922,0.77,0.97,21.6,1,TIMEOUT
3066.67,0,0,1,6,0.953,0.79,0.94,8.2,0,SUCCESS
452.76,0,0,1,13,0.945,0.66,0.9,20.7,0,SUCCESS
276.64,1,2,1,13,0.947,0.87,0.97,16.5,1,NETWORK_FAILURE
612.47,0,0,1,15,0.999,1.19,0.88,17.6,0,SUCCESS
969.2,0,0,1,13,0.995,0.62,0.87,16.8,0,SUCCESS
6874.98,0,0,1,19,0.92,0.66,0.87,11.5,0,SUCCESS
136.49,0,1,1,15,0.922,0.67,0.89,18.9,0,SUCCESS
2282.69,1,0,1,10,0.975,1.01,0.88,13.0,0,SUCCESS
1223.43,0,0,1,11,0.959,0.58,0.9,7.2,0,SUCCESS
97.05,0,0,1,7,0.922,0.69,0.86,24.2,0,SUCCESS
1363.37,0,0,2,20,0.907,1.04,1.0,22.8,0,SUCCESS
950.63,0,0,1,21,0.994,0.74,0.95,17.6,0,SUCCESS
1526.7,0,0,1,14,0.962,1.03,0.9,9.7,0,SUCCESS
2194.15,1,0,1,18,0.915,0.6,0.97,17.7,0,SUCCESS
491.89,0,0,1,20,0.97,0.63,0.95,15.3,0,SUCCESS
391.76,0,0,1,9,0.991,0.98,0.88,14.3,0,SUCCESS
1280.71,0,0,1,16,0.899,0.79,0.98,13.4,0,SUCCESS
1375.52,0,0,1,10,0.94,0.39,0.87,16.8,0,SUCCESS
896.18,0,0,1,9,0.971,0.56,0.87,21.0,0,SUCCESS
45678.0,5,7,13,1,0.394,4.54,0.14,100.0,1,DUPLICATE_TRANSACTION
95369.0,6,7,11,4,0.342,4.62,0.12,96.7,1,AUTHENTICATION_FAILURE
255.58,0,0,1,12,0.914,0.22,0.95,20.5,0,SUCCESS
88.56,0,0,1,9,0.952,0.71,0.92,6.2,0,SUCCESS
776.12,0,0,2,16,0.939,0.37,0.92,23.8,0,SUCCESS
82.34,1,0,2,16,0.973,0.33,0.89,14.1,0,SUCCESS
3490.07,0,0,2,20,0.933,1.16,0.94,9.3,0,SUCCESS
1452.02,0,0,1,12,0.909,0.2,0.98,10.9,0,SUCCESS
157.4,0,0,1,6,0.995,0.99,0.91,6.3,0,SUCCESS
285.41,2,2,2,20,0.978,1.43,0.93,29.5,1,NETWORK_FAILURE
912.9,1,0,1,14,0.908,1.01,0.98,7.2,0,SUCCESS
4417.72,0,0,2,7,0.958,0.84,0.86,13.4,0,SUCCESS
942.1,1,0,1,9,0.979,0.56,0.9,14.4,0,SUCCESS
1290.26,0,0,1,12,0.889,0.25,0.86,14.8,0,SUCCESS
886.98,1,2,2,15,0.922,1.49,0.97,27.1,1,BANK_FAILURE
788.81,0,0,1,7,0.899,0.53,1.0,24.0,1,INSUFFICIENT_FUNDS
1487.0,0,0,1,21,0.993,0.51,0.9,30.7,1,INSUFFICIENT_FUNDS
1113.4,1,0,1,9,0.899,0.79,0.88,14.2,0,SUCCESS
2524.14,0,0,1,6,0.89,0.67,0.92,11.7,0,SUCCESS
860.12,1,0,2,6,0.906,0.63,1.0,21.5,0,SUCCESS
186.05,0,1,1,21,0.888,0.4,0.98,20.9,0,SUCCESS
1149.42,2,2,2,12,0.911,0.64,0.97,17.6,1,TIMEOUT
87.85,0,0,1,21,0.915,0.97,0.91,8.6,0,SUCCESS
804.6,0,1,1,10,0.934,1.12,0.89,18.2,0,SUCCESS
150272.0,6,7,9,4,0.326,5.98,0.25,100.0,1,AUTHENTICATION_FAILURE
426.13,1,0,1,9,0.929,0.34,0.89,23.9,0,SUCCESS
2302.43,0,0,1,8,0.976,0.7,0.91,24.0,0,SUCCESS
95189.0,3,9,19,4,0.152,6.34,0.25,100.0,1,DUPLICATE_TRANSACTION
1535.1,0,0,1,17,0.983,1.19,0.99,18.8,0,SUCCESS
267.92,0,0,1,7,0.971,0.51,1.0,20.2,0,SUCCESS
120.31,0,0,1,17,0.886,0.6,0.86,7.1,0,SUCCESS
652.72,0,1,1,12,0.962,0.62,0.86,17.7,0,SUCCESS
578.83,0,0,1,10,0.977,1.02,0.93,8.5,0,SUCCESS
551.1,2,2,1,10,0.84,1.4,0.87,25.6,1,BANK_FAILURE
89.07,1,0,1,10,0.924,1.08,0.97,23.5,0,SUCCESS
502.81,0,0,1,14,0.93,0.82,0.87,12.7,0,SUCCESS
1637.6,0,0,1,17,0.901,1.0,0.89,21.4,0,SUCCESS
1183.89,0,0,1,20,0.93,0.84,0.88,18.0,0,SUCCESS
26530.84,3,2,3,13,0.817,1.57,0.79,41.8,1,BANK_FAILURE
1501.46,0,0,1,18,0.91,0.85,0.86,23.9,0,SUCCESS
1901.0,0,0,1,9,0.959,0.34,0.86,11.9,0,SUCCESS
2365.49,0,0,1,14,0.909,0.96,0.94,5.6,0,SUCCESS
988.47,0,0,1,20,0.913,1.1,0.89,6.5,0,SUCCESS
258.14,1,0,1,15,0.93,1.0,0.93,14.6,0,SUCCESS
2022.54,1,0,2,13,0.993,0.28,0.99,14.1,0,SUCCESS
1765.85,1,0,1,13,0.942,0.82,0.99,23.5,0,SUCCESS
1323.71,0,0,1,18,0.979,0.83,0.97,18.2,0,SUCCESS
1039.26,1,2,3,10,0.858,0.87,0.81,30.2,1,BANK_FAILURE
604.08,0,0,1,14,0.953,0.9,0.99,20.7,0,SUCCESS
346.6,0,0,2,7,0.955,1.08,0.87,22.0,0,SUCCESS
150883.0,3,7,6,1,0.336,4.5,0.27,98.7,1,DUPLICATE_TRANSACTION
119.81,0,0,1,21,0.963,0.53,0.95,18.3,0,SUCCESS
150113.0,6,9,12,4,0.112,5.29,0.26,100.0,1,DUPLICATE_TRANSACTION
552.21,0,0,1,21,0.911,0.88,0.9,14.6,0,SUCCESS
1055.68,0,0,1,17,0.925,0.74,0.86,17.1,0,SUCCESS
9036.62,2,1,2,11,0.851,0.52,0.97,16.1,1,TIMEOUT
725.51,2,3,3,15,0.881,1.94,0.8,40.7,1,GATEWAY_FAILURE
1428.91,0,0,1,9,0.895,0.91,1.0,5.9,0,SUCCESS
167.23,0,0,1,7,0.881,0.28,0.97,18.7,0,SUCCESS
1986.01,0,0,2,20,0.966,0.56,0.9,20.1,0,SUCCESS
1866.18,0,0,1,19,0.897,0.41,0.9,10.8,0,SUCCESS
1374.03,0,0,1,7,0.947,0.55,0.95,15.8,0,SUCCESS
412.52,0,0,1,9,0.987,0.39,0.86,17.5,0,SUCCESS
650.31,0,0,1,12,0.894,0.76,0.9,24.9,0,SUCCESS
673.85,0,0,1,14,0.939,0.68,0.92,20.9,0,SUCCESS
341.95,0,0,2,15,0.988,0.62,0.98,6.3,0,SUCCESS
2651.92,0,1,2,20,0.947,0.25,0.99,7.0,0,SUCCESS
441.99,0,0,1,22,0.954,0.94,0.96,20.9,0,SUCCESS
45927.0,4,6,9,23,0.193,4.72,0.24,97.5,1,AUTHENTICATION_FAILURE
394.35,0,0,1,12,0.932,0.52,0.99,11.5,0,SUCCESS
561.35,0,0,1,17,0.895,0.31,0.89,16.8,0,SUCCESS
630.99,0,0,1,18,0.974,0.95,0.99,12.9,0,SUCCESS
1045.63,1,0,1,7,0.949,1.17,0.86,14.2,0,SUCCESS
654.56,0,0,1,18,0.988,1.11,0.91,11.1,0,SUCCESS
764.52,0,1,1,16,0.99,0.43,0.94,12.2,0,SUCCESS
1354.46,0,0,1,12,0.895,0.32,0.87,9.3,0,SUCCESS
1041.92,1,0,1,17,0.9,0.7,0.95,5.9,0,SUCCESS
75145.0,4,9,14,1,0.358,5.34,0.27,94.9,1,DUPLICATE_TRANSACTION
1532.36,1,1,1,11,0.95,0.8,0.9,6.6,0,SUCCESS
7606.29,3,2,1,9,0.8,1.15,0.9,38.0,1,GATEWAY_FAILURE
746.45,0,0,1,15,0.959,1.18,0.86,13.5,0,SUCCESS
1457.22,2,2,1,8,0.922,1.34,0.88,22.1,1,TIMEOUT
1015.66,0,0,1,14,0.954,0.8,0.87,19.4,0,SUCCESS
1749.25,1,2,1,19,0.884,1.02,0.88,29.3,1,TIMEOUT
5381.03,1,3,3,17,0.703,1.89,0.78,42.8,1,BANK_FAILURE
150853.0,5,9,15,3,0.162,6.51,0.12,99.7,1,DUPLICATE_TRANSACTION
1159.8,0,0,1,10,0.963,0.2,0.93,13.0,0,SUCCESS
482.34,0,0,1,22,0.901,0.38,0.87,23.9,0,SUCCESS
1389.44,0,0,2,22,0.92,0.66,0.86,36.0,1,INSUFFICIENT_FUNDS
3550.22,2,2,1,9,0.917,0.95,0.92,25.9,1,TIMEOUT
150895.0,3,9,9,1,0.225,5.45,0.33,94.2,1,DUPLICATE_TRANSACTION
247.73,0,0,1,6,0.979,0.42,0.95,15.1,0,SUCCESS
239.17,0,0,1,21,0.895,0.9,0.95,11.8,0,SUCCESS
468.07,1,1,1,8,0.904,1.38,0.93,31.4,1,TIMEOUT
88.54,0,0,1,9,0.95,0.25,0.98,11.1,0,SUCCESS
227.05,0,0,2,6,0.883,0.28,0.97,17.5,0,SUCCESS
1031.51,0,1,1,20,0.947,0.82,1.0,11.2,0,SUCCESS
3806.35,0,0,2,13,0.911,0.82,0.94,7.7,0,SUCCESS
930.56,0,0,1,6,0.902,1.11,0.87,16.6,0,SUCCESS
45537.0,7,8,9,2,0.206,8.27,0.16,100.0,1,AUTHENTICATION_FAILURE
757.96,1,1,1,21,0.908,0.79,0.99,7.1,0,SUCCESS
204.55,0,0,1,11,0.953,0.23,0.98,12.7,0,SUCCESS
6728.41,1,1,2,13,0.921,0.55,0.99,15.3,1,TIMEOUT
1623.32,0,0,1,6,0.959,0.56,0.85,24.5,0,SUCCESS
4428.86,3,3,3,13,0.942,1.07,0.72,33.5,1,BANK_FAILURE
2607.37,0,0,1,9,0.919,0.44,0.96,19.7,0,SUCCESS
437.22,0,0,1,15,0.921,0.63,0.96,9.2,0,SUCCESS
808.05,0,0,1,12,0.945,0.81,0.93,9.0,0,SUCCESS
682.58,0,0,2,7,0.944,1.18,0.86,14.0,0,SUCCESS
1261.66,0,0,1,7,0.921,0.43,0.94,5.8,0,SUCCESS
283.4,0,0,1,7,0.97,0.57,0.94,10.4,0,SUCCESS
440.84,1,1,2,16,0.885,1.25,0.91,27.2,1,TIMEOUT
811.03,0,0,1,21,0.897,0.55,0.95,19.7,0,SUCCESS
809.0,0,0,1,9,0.905,1.06,0.98,11.4,0,SUCCESS
1001.12,0,0,1,11,0.894,0.64,0.96,24.2,0,SUCCESS
611.29,0,0,1,11,0.89,0.31,0.89,9.2,0,SUCCESS
3706.21,0,0,2,17,0.899,0.53,0.92,21.9,0,SUCCESS
3380.21,1,0,2,14,0.992,0.36,0.87,24.0,0,SUCCESS
904.24,0,0,1,16,0.939,0.98,0.97,22.3,0,SUCCESS
1060.57,0,0,1,17,0.941,0.81,0.96,13.5,0,SUCCESS
140.72,0,0,1,16,0.903,0.35,0.89,20.6,1,INSUFFICIENT_FUNDS
1681.39,0,0,1,7,0.919,0.53,0.97,32.8,1,INSUFFICIENT_FUNDS
510.41,0,0,2,7,0.979,0.47,0.98,16.9,0,SUCCESS
1055.7,0,0,1,18,0.988,1.18,0.99,22.0,0,SUCCESS
2300.9,0,0,1,22,0.979,0.41,0.91,17.8,0,SUCCESS
2542.14,0,0,1,13,0.981,0.67,0.96,24.6,0,SUCCESS
566.58,2,2,1,16,0.873,1.51,0.79,27.6,1,GATEWAY_FAILURE
1104.53,1,2,2,17,0.722,1.35,0.97,43.0,1,BANK_FAILURE
150887.0,3,6,8,2,0.082,7.82,0.15,100.0,1,AUTHENTICATION_FAILURE
580.04,0,0,1,6,0.985,0.65,0.89,9.5,0,SUCCESS
161.24,1,1,2,14,0.868,1.31,0.82,24.2,1,TIMEOUT
205.6,1,1,2,7,0.886,0.72,0.97,18.5,0,SUCCESS
902.99,0,0,1,18,0.976,0.53,0.87,22.5,0,SUCCESS
335.11,0,0,1,20,0.965,0.88,0.97,8.7,0,SUCCESS
880.73,2,1,2,18,0.856,1.19,0.8,16.2,1,NETWORK_FAILURE
728.94,0,0,1,15,0.93,0.4,0.9,19.9,0,SUCCESS
150184.0,4,7,7,1,0.155,3.81,0.19,93.8,1,DUPLICATE_TRANSACTION
163.82,0,1,1,9,0.975,0.61,0.93,5.9,0,SUCCESS
444.28,0,0,1,16,0.933,0.79,0.99,16.5,0,SUCCESS
256.44,0,0,1,19,0.901,0.39,0.93,19.8,0,SUCCESS
431.23,0,0,1,20,0.987,0.55,0.95,7.3,0,SUCCESS
1684.23,0,0,1,19,0.956,0.57,0.99,5.7,0,SUCCESS
96.86,1,0,2,14,0.938,1.0,0.95,24.3,0,SUCCESS
2272.9,0,0,1,12,0.905,0.2,1.0,23.8,0,SUCCESS
433.48,0,0,2,14,0.916,0.69,0.97,14.9,0,SUCCESS
721.85,0,0,1,9,0.938,0.64,0.93,17.0,0,SUCCESS
1535.87,1,0,1,14,0.912,0.47,0.98,5.3,0,SUCCESS
459.56,2,2,1,8,0.868,1.15,0.91,16.3,1,TIMEOUT
1215.64,1,0,2,20,0.999,0.23,0.95,27.5,1,INSUFFICIENT_FUNDS
60.8,0,0,1,18,0.884,1.06,0.93,11.6,0,SUCCESS
459.27,0,0,1,17,0.984,0.41,0.98,18.3,0,SUCCESS
5747.34,1,2,2,13,0.895,1.41,0.95,27.4,1,TIMEOUT
230.28,3,1,3,15,0.836,1.11,0.77,37.4,1,BANK_FAILURE
3520.11,1,0,1,11,0.884,0.95,0.92,13.6,0,SUCCESS
355.34,0,0,1,16,0.933,0.55,0.92,26.9,1,INSUFFICIENT_FUNDS
3423.02,0,0,1,17,0.981,1.19,0.89,21.9,0,SUCCESS
675.32,0,0,2,10,0.891,0.86,0.94,18.0,0,SUCCESS
1448.11,0,1,1,21,0.97,0.7,0.95,8.7,0,SUCCESS
1371.29,0,0,1,21,0.887,0.85,0.96,10.7,0,SUCCESS
1064.13,1,0,1,22,0.934,0.56,0.88,21.8,0,SUCCESS
45358.0,7,8,13,23,0.259,8.34,0.2,100.0,1,DUPLICATE_TRANSACTION
197.13,0,0,2,7,0.957,0.33,0.98,18.3,0,SUCCESS
1537.5,0,0,1,10,0.946,0.7,0.9,19.3,0,SUCCESS
150802.0,3,5,11,1,0.293,5.38,0.15,100.0,1,AUTHENTICATION_FAILURE
114.46,1,0,1,8,0.978,0.72,0.99,14.5,0,SUCCESS
284.34,1,0,1,19,0.989,1.19,0.91,8.3,0,SUCCESS
453.8,0,0,2,21,0.949,0.83,0.98,19.2,0,SUCCESS
643.03,1,1,2,18,0.801,0.83,0.93,33.2,1,TIMEOUT
369.85,0,0,1,20,0.948,0.35,0.95,7.8,0,SUCCESS
658.87,0,0,2,13,0.963,0.98,0.88,21.2,0,SUCCESS
57.69,0,0,1,12,0.992,0.85,0.87,16.6,0,SUCCESS
509.18,0,1,1,7,0.889,1.09,0.88,13.5,0,SUCCESS
731.99,0,0,2,16,0.991,1.14,0.86,5.3,0,SUCCESS
1533.75,2,1,1,15,0.87,1.52,0.75,42.7,1,GATEWAY_FAILURE
1416.23,0,0,1,12,0.962,0.31,0.92,8.4,0,SUCCESS
99.78,0,0,1,7,0.898,0.83,0.95,8.0,0,SUCCESS
78.91,0,0,2,9,0.918,0.85,0.92,16.4,0,SUCCESS
1120.61,0,1,1,7,0.959,0.46,0.86,5.0,0,SUCCESS
2866.32,1,0,1,20,0.961,0.25,0.86,20.7,0,SUCCESS
2404.03,0,0,1,6,0.931,1.05,0.96,16.6,0,SUCCESS
511.37,0,0,1,12,0.92,0.31,0.92,22.0,0,SUCCESS
1621.19,0,0,1,19,0.977,0.35,0.92,19.9,0,SUCCESS
845.35,0,0,1,22,0.896,0.31,0.85,10.7,0,SUCCESS
531.14,0,0,2,6,0.882,1.08,0.99,16.5,0,SUCCESS
1730.96,0,0,1,10,0.982,0.8,0.94,18.2,0,SUCCESS
2374.56,0,0,1,22,0.905,0.67,1.0,16.1,0,SUCCESS
5111.25,1,2,1,18,0.866,0.8,0.93,23.7,1,NETWORK_FAILURE
2984.81,2,1,1,14,0.934,0.99,0.86,23.3,1,NETWORK_FAILURE
2757.58,0,0,2,15,0.914,0.55,0.88,15.9,0,SUCCESS
240.41,0,0,1,12,0.907,0.8,0.87,24.6,0,SUCCESS
776.43,0,0,2,21,0.926,0.33,0.89,9.8,0,SUCCESS
478.7,0,0,2,12,0.912,0.99,0.99,23.0,0,SUCCESS
455.28,1,3,3,14,0.731,0.92,0.81,44.8,1,BANK_FAILURE
1058.82,0,0,1,12,0.94,1.15,0.99,23.8,0,SUCCESS
95170.0,7,4,8,3,0.186,6.77,0.08,100.0,1,AUTHENTICATION_FAILURE
2541.28,0,0,1,20,0.955,1.12,0.94,17.8,0,SUCCESS
2724.09,1,2,3,20,0.702,1.55,0.86,31.4,1,GATEWAY_FAILURE
939.54,0,0,1,8,0.923,0.27,0.98,35.5,1,INSUFFICIENT_FUNDS
688.14,0,0,1,11,0.957,0.95,0.93,15.2,0,SUCCESS
1246.34,1,0,1,9,0.922,0.53,0.89,16.0,0,SUCCESS
584.84,0,0,1,13,0.929,1.04,0.86,16.4,0,SUCCESS
1077.56,1,0,1,19,0.931,1.0,0.89,22.4,0,SUCCESS
2769.01,0,0,1,21,0.98,0.6,0.95,22.2,0,SUCCESS
2629.95,0,0,1,20,0.979,0.47,0.96,11.5,0,SUCCESS
203.36,2,1,1,20,0.941,0.6,0.96,34.9,1,TIMEOUT
1911.86,0,0,1,22,0.927,0.84,0.91,5.9,0,SUCCESS
889.29,0,0,1,22,0.989,0.31,0.87,8.5,0,SUCCESS
1976.64,0,1,1,21,0.964,1.02,0.97,10.7,0,SUCCESS
650.12,2,2,1,21,0.975,0.86,0.96,33.4,1,TIMEOUT
411.83,0,0,1,10,0.912,0.54,0.88,15.1,0,SUCCESS
2273.19,0,0,2,13,0.91,0.76,0.94,16.5,0,SUCCESS
145.16,0,1,1,16,0.989,0.71,0.96,36.5,1,INSUFFICIENT_FUNDS
1283.76,0,0,1,13,0.967,0.46,0.94,21.8,0,SUCCESS
470.45,0,1,1,6,0.89,0.99,0.87,9.1,0,SUCCESS
919.51,0,1,2,10,0.938,1.1,0.93,18.2,0,SUCCESS
7362.22,0,0,1,19,0.913,0.69,0.99,19.2,0,SUCCESS
1406.92,0,1,1,14,0.984,0.27,0.87,17.0,0,SUCCESS
1413.84,1,2,1,16,0.907,0.55,0.97,31.1,1,TIMEOUT
1895.61,0,0,2,7,0.886,0.75,1.0,11.8,0,SUCCESS
555.6,0,0,2,21,0.961,0.85,0.87,14.3,0,SUCCESS
1368.81,0,0,1,6,0.976,0.38,0.89,23.4,0,SUCCESS
3240.56,0,0,2,11,0.886,0.51,0.89,13.3,0,SUCCESS
507.92,0,0,1,10,0.957,0.86,0.95,15.4,0,SUCCESS
1182.33,0,0,1,10,0.974,0.23,0.85,21.8,0,SUCCESS
2287.58,2,3,2,19,0.818,1.32,0.84,41.2,1,BANK_FAILURE
2017.63,2,1,2,13,0.912,1.08,0.94,26.3,1,TIMEOUT
782.91,0,0,1,22,0.967,0.43,0.92,14.2,0,SUCCESS
97.87,0,0,1,14,0.954,1.04,0.96,28.3,1,INSUFFICIENT_FUNDS
2928.22,0,1,1,18,0.949,0.47,0.99,10.8,0,SUCCESS
1556.41,2,2,1,16,0.983,1.34,0.98,22.5,1,TIMEOUT
2137.15,1,3,3,19,0.936,1.85,0.9,25.5,1,BANK_FAILURE
502.92,0,0,1,10,0.906,1.06,0.96,12.1,0,SUCCESS
150267.0,6,4,6,2,0.182,4.81,0.31,99.2,1,AUTHENTICATION_FAILURE
45141.0,7,8,5,4,0.338,7.15,0.18,100.0,1,AUTHENTICATION_FAILURE
681.03,0,0,1,14,0.912,0.6,0.91,9.8,0,SUCCESS
343.28,1,0,1,14,0.894,0.38,0.9,16.2,0,SUCCESS
358.96,2,2,1,22,0.821,0.9,0.95,32.8,1,TIMEOUT
540.44,0,0,1,13,0.968,0.97,1.0,7.8,0,SUCCESS
1532.06,0,0,2,21,0.919,0.27,0.96,12.7,0,SUCCESS
523.77,0,0,1,6,0.928,0.22,0.92,11.7,0,SUCCESS
2003.59,0,0,2,11,0.971,0.91,0.89,6.7,0,SUCCESS
2261.93,1,0,1,12,0.956,0.75,1.0,20.7,0,SUCCESS
1834.69,0,0,1,13,0.881,0.93,1.0,13.1,0,SUCCESS
5130.86,0,0,2,19,0.899,1.09,0.92,24.4,0,SUCCESS
95747.0,7,4,12,4,0.258,7.31,0.27,100.0,1,AUTHENTICATION_FAILURE
144.93,0,0,1,11,0.988,0.78,0.95,20.5,0,SUCCESS
409.23,0,0,2,8,0.891,0.8,0.86,22.8,1,INSUFFICIENT_FUNDS
1163.44,0,0,2,12,0.946,1.08,0.97,36.0,1,INSUFFICIENT_FUNDS
1198.33,0,0,1,22,0.972,0.33,0.94,10.5,0,SUCCESS
2024.88,3,2,3,10,0.76,1.59,0.7,37.1,1,BANK_FAILURE
1824.97,0,0,1,20,0.993,0.59,0.99,23.5,0,SUCCESS
1345.43,0,0,2,13,0.935,0.98,0.86,20.7,0,SUCCESS
1366.17,0,0,1,11,0.949,1.05,0.97,23.1,0,SUCCESS
198.62,0,0,2,15,0.923,0.93,0.99,18.2,0,SUCCESS
665.94,0,0,1,16,0.914,0.39,0.92,15.1,0,SUCCESS
574.88,0,0,1,13,0.906,0.83,0.86,6.6,0,SUCCESS
60.55,0,0,1,13,0.96,0.51,0.95,10.0,0,SUCCESS
75177.0,6,7,10,1,0.399,5.45,0.17,97.3,1,AUTHENTICATION_FAILURE
45353.0,5,4,15,1,0.35,7.56,0.1,100.0,1,DUPLICATE_TRANSACTION
1237.7,0,0,1,9,0.936,0.46,0.92,20.5,0,SUCCESS
409.11,1,1,1,19,0.981,1.25,0.8,23.0,1,TIMEOUT
406.11,0,1,1,18,0.892,0.8,0.95,8.4,0,SUCCESS
995.53,0,0,1,18,0.979,0.61,0.95,11.1,0,SUCCESS
735.13,0,0,2,6,0.994,0.92,0.91,21.4,0,SUCCESS
146.17,1,2,2,9,0.855,1.45,0.89,23.6,1,TIMEOUT
1409.14,1,0,2,21,0.942,0.56,0.97,6.4,0,SUCCESS
435.63,0,0,1,12,0.997,0.83,1.0,11.8,0,SUCCESS
150425.0,4,6,15,2,0.279,8.76,0.29,100.0,1,AUTHENTICATION_FAILURE
880.35,0,0,1,10,0.956,0.36,0.96,16.6,0,SUCCESS
3006.34,0,0,1,6,0.998,0.78,1.0,5.5,0,SUCCESS
1611.24,0,0,1,11,0.947,0.26,0.95,6.2,0,SUCCESS
2090.0,0,1,2,17,0.917,0.51,0.96,13.2,0,SUCCESS
129.19,0,0,1,20,0.897,0.57,0.98,14.3,0,SUCCESS
514.64,0,0,1,20,0.916,0.85,0.9,14.0,0,SUCCESS
73.35,0,0,1,7,0.986,1.18,0.97,5.6,0,SUCCESS
1315.16,0,0,1,15,0.993,1.1,1.0,22.2,0,SUCCESS
998.95,0,0,2,14,0.99,0.92,0.86,22.4,0,SUCCESS
2830.74,1,2,1,11,0.713,1.7,0.77,25.5,1,GATEWAY_FAILURE
1010.32,1,2,2,21,0.808,0.69,0.94,16.6,1,NETWORK_FAILURE
1020.72,0,1,1,22,0.913,0.62,0.93,17.5,0,SUCCESS
2287.14,0,0,1,9,0.936,0.29,0.97,14.5,0,SUCCESS
997.77,0,0,1,18,0.96,1.09,0.99,23.8,0,SUCCESS
2038.49,0,1,2,15,0.99,0.47,0.99,23.1,0,SUCCESS
3136.32,0,0,1,14,0.933,0.61,0.86,21.6,0,SUCCESS
2359.51,0,0,1,7,0.982,0.95,0.99,16.5,0,SUCCESS
1671.86,2,2,1,16,0.81,1.25,0.85,24.5,1,TIMEOUT
379.02,0,0,1,15,0.995,0.26,0.89,23.4,1,INSUFFICIENT_FUNDS
1391.1,0,1,1,11,0.935,0.36,0.91,11.1,0,SUCCESS
1182.6,0,0,1,18,0.954,0.58,0.9,11.1,0,SUCCESS
1393.42,0,0,1,14,0.982,0.44,0.86,8.6,0,SUCCESS
553.74,1,0,1,9,0.955,0.6,0.86,12.1,0,SUCCESS
1821.94,0,0,1,9,0.937,0.96,0.9,20.7,0,SUCCESS
6259.88,1,1,1,19,0.91,1.22,0.87,31.0,1,TIMEOUT
738.19,0,0,2,21,0.989,0.82,0.98,5.8,0,SUCCESS
1336.02,0,0,1,9,0.9,0.83,0.92,8.4,0,SUCCESS
686.11,0,0,1,6,0.885,0.3,0.87,10.2,0,SUCCESS
150120.0,5,5,11,1,0.317,3.88,0.2,94.9,1,DUPLICATE_TRANSACTION
2325.06,0,0,1,10,0.945,1.2,0.98,6.2,0,SUCCESS
213.2,0,0,1,7,0.945,0.25,0.95,10.5,0,SUCCESS
72.87,0,0,2,12,0.881,0.68,0.93,17.1,0,SUCCESS
4260.87,1,0,1,15,0.986,1.09,0.89,8.0,0,SUCCESS
1272.53,0,0,1,20,0.892,0.88,0.93,22.3,0,SUCCESS
1176.42,0,0,1,16,0.933,0.66,0.99,7.8,0,SUCCESS
758.18,0,0,1,6,0.916,0.25,1.0,13.6,0,SUCCESS
1351.27,0,0,1,15,0.985,0.71,0.89,12.7,0,SUCCESS
300.35,1,2,1,19,0.986,0.85,0.97,20.1,1,TIMEOUT
144.05,0,1,2,21,0.953,0.51,0.92,21.4,0,SUCCESS
391.2,0,0,1,12,0.9,0.35,0.97,24.8,1,INSUFFICIENT_FUNDS
614.48,0,0,2,14,0.9,1.12,0.98,24.7,0,SUCCESS
666.9,0,0,2,11,0.951,0.29,0.89,22.0,0,SUCCESS
119.04,1,2,2,12,0.99,0.79,0.83,26.0,1,TIMEOUT
927.9,0,0,1,13,0.955,1.0,0.86,17.4,0,SUCCESS
164.5,2,1,1,21,0.858,0.97,0.99,29.2,1,TIMEOUT
3363.61,0,0,1,11,0.973,0.87,0.97,28.4,1,INSUFFICIENT_FUNDS
3022.28,1,0,1,7,0.917,1.15,0.99,27.5,1,INSUFFICIENT_FUNDS
1315.53,0,1,2,21,0.957,0.51,0.86,19.2,0,SUCCESS
786.24,0,0,1,22,0.987,0.76,0.99,15.2,0,SUCCESS
464.37,0,0,1,19,0.938,0.71,0.88,18.4,0,SUCCESS
1464.29,0,1,1,6,0.973,0.88,0.92,37.9,1,INSUFFICIENT_FUNDS
150551.0,6,9,10,23,0.113,3.59,0.1,96.2,1,AUTHENTICATION_FAILURE
184.29,0,0,2,9,0.947,0.96,0.95,15.4,0,SUCCESS
2556.71,2,1,1,16,0.883,1.34,0.91,22.5,1,TIMEOUT
286.77,0,1,1,7,0.895,0.32,0.87,22.8,0,SUCCESS
5693.37,0,0,1,19,0.914,0.29,0.98,22.1,0,SUCCESS
4291.83,0,0,1,10,0.963,0.82,0.97,21.7,0,SUCCESS
1118.31,1,0,1,19,0.979,1.02,0.94,5.4,0,SUCCESS
602.17,0,0,2,10,0.906,0.43,0.94,16.5,0,SUCCESS
459.0,0,0,1,6,0.972,1.14,0.86,7.7,0,SUCCESS
1282.22,0,0,1,10,0.975,0.92,0.98,9.3,0,SUCCESS
185.19,0,0,1,20,0.969,1.15,0.96,21.7,0,SUCCESS
846.59,0,0,1,8,0.887,0.31,0.97,9.0,0,SUCCESS
151.67,1,1,1,10,0.97,0.83,0.82,27.4,1,NETWORK_FAILURE
777.34,0,0,1,17,0.939,1.13,0.86,21.6,0,SUCCESS
1757.12,0,0,2,13,0.889,0.8,0.95,21.3,0,SUCCESS
457.59,0,0,2,10,0.933,0.5,0.9,15.4,0,SUCCESS
3360.87,0,0,2,6,0.995,0.57,0.86,20.6,0,SUCCESS
95459.0,4,9,5,4,0.185,8.55,0.21,100.0,1,DUPLICATE_TRANSACTION
518.23,0,0,2,11,0.893,0.9,0.96,5.2,0,SUCCESS
427.51,0,0,2,14,0.971,0.27,0.98,21.6,0,SUCCESS
1749.21,1,2,2,16,0.731,1.0,0.91,33.8,1,BANK_FAILURE
995.28,0,0,1,11,0.908,0.64,0.97,19.7,0,SUCCESS
2322.89,0,0,1,18,0.996,0.97,0.85,24.1,0,SUCCESS
1841.33,0,0,1,18,0.91,0.95,0.86,19.6,0,SUCCESS
2130.75,0,1,1,12,0.905,0.25,0.93,11.9,0,SUCCESS
988.38,0,1,1,14,0.897,0.2,0.86,14.3,0,SUCCESS
1521.82,0,0,1,9,0.939,0.55,0.9,12.5,0,SUCCESS
1183.97,1,0,2,13,0.949,0.47,0.93,24.3,0,SUCCESS
73.85,0,1,2,19,0.934,0.84,0.88,36.8,1,INSUFFICIENT_FUNDS
1283.59,0,0,1,7,0.92,1.03,0.91,10.1,0,SUCCESS
2960.81,0,0,2,7,0.914,1.16,0.88,21.1,0,SUCCESS
800.17,0,0,1,11,0.881,0.7,0.96,20.7,0,SUCCESS
255.44,0,0,1,21,0.892,0.64,0.97,11.0,0,SUCCESS
1118.96,1,2,2,18,0.912,1.24,0.95,29.3,1,TIMEOUT
1604.53,0,0,1,21,0.935,1.09,0.87,9.1,0,SUCCESS
571.17,0,0,1,9,0.929,1.14,0.96,24.4,0,SUCCESS
95319.0,6,4,13,4,0.331,6.22,0.27,100.0,1,AUTHENTICATION_FAILURE
231.86,3,1,2,12,0.824,1.5,0.93,31.3,1,BANK_FAILURE
110.78,0,1,1,17,0.938,0.28,0.86,14.4,0,SUCCESS
2274.45,0,0,1,6,0.98,0.86,0.91,7.5,0,SUCCESS
6191.46,3,1,3,10,0.74,1.81,0.71,30.3,1,BANK_FAILURE
1419.83,1,2,2,9,0.829,1.38,0.84,25.4,1,TIMEOUT
909.96,0,0,1,19,0.917,1.11,0.97,19.1,0,SUCCESS
1116.26,0,0,1,13,0.894,0.82,0.93,23.0,0,SUCCESS
2602.11,0,0,1,11,0.89,0.49,1.0,20.4,1,INSUFFICIENT_FUNDS
1389.96,0,0,2,11,0.906,0.43,0.91,6.9,0,SUCCESS
142.05,0,0,1,14,0.949,0.6,0.89,11.3,0,SUCCESS
327.75,0,0,1,19,0.904,0.9,0.87,24.0,0,SUCCESS
385.28,3,3,1,13,0.87,1.89,0.74,28.5,1,BANK_FAILURE
397.67,1,0,2,8,0.989,0.88,0.9,22.6,0,SUCCESS
291.44,0,0,1,10,0.998,0.72,0.91,12.4,0,SUCCESS
1893.26,0,0,1,12,0.995,0.62,0.9,24.5,0,SUCCESS
7017.45,3,1,3,12,0.784,1.27,0.74,35.5,1,BANK_FAILURE
1686.69,0,0,1,22,0.999,0.32,0.91,21.1,0,SUCCESS
157.31,0,0,2,12,0.994,0.97,0.88,24.6,0,SUCCESS
3071.44,0,0,1,15,0.972,0.33,0.97,14.6,0,SUCCESS
2410.68,0,0,1,20,0.955,0.41,0.93,20.6,0,SUCCESS
388.99,1,1,1,22,0.994,0.96,0.94,9.4,0,SUCCESS
1534.79,2,1,2,13,0.742,1.09,0.91,28.4,1,BANK_FAILURE
1067.22,2,2,1,10,0.895,1.3,0.93,29.6,1,TIMEOUT
489.69,0,0,1,12,0.904,1.02,0.93,9.5,0,SUCCESS
150270.0,3,7,13,4,0.345,4.1,0.06,97.8,1,AUTHENTICATION_FAILURE
803.42,0,0,1,9,0.942,0.83,0.89,5.4,0,SUCCESS
520.4,1,0,1,7,0.904,0.89,0.86,8.8,0,SUCCESS
902.9,0,0,1,7,0.909,0.43,0.92,8.4,0,SUCCESS
1390.07,0,0,1,11,0.943,1.17,0.85,34.7,1,INSUFFICIENT_FUNDS
538.24,0,0,1,6,0.913,0.38,0.96,8.7,0,SUCCESS
99.56,0,0,2,6,0.894,0.58,0.96,34.2,1,INSUFFICIENT_FUNDS
7884.42,1,2,2,20,0.937,1.46,0.8,40.2,1,GATEWAY_FAILURE
75942.0,4,8,6,3,0.383,5.93,0.1,100.0,1,AUTHENTICATION_FAILURE
648.7,0,0,1,10,0.992,0.54,0.94,5.2,0,SUCCESS
1539.12,0,0,1,18,0.966,1.1,0.87,10.2,0,SUCCESS
6610.76,0,0,2,22,0.966,0.93,0.95,9.5,0,SUCCESS
755.61,2,3,1,18,0.779,1.99,0.75,41.1,1,BANK_FAILURE
169.89,0,0,2,21,0.994,0.85,0.99,7.1,0,SUCCESS
3473.94,1,1,1,22,0.963,0.77,0.88,29.5,1,NETWORK_FAILURE
286.76,2,2,2,9,0.974,0.78,0.92,17.3,1,NETWORK_FAILURE
935.04,1,2,3,16,0.922,0.81,0.92,34.4,1,BANK_FAILURE
1434.75,1,2,1,15,0.902,0.66,0.85,16.3,1,NETWORK_FAILURE
131.3,1,0,2,12,0.963,0.25,0.96,24.1,0,SUCCESS
75426.0,7,8,17,23,0.153,3.51,0.13,94.0,1,DUPLICATE_TRANSACTION
553.53,0,0,1,12,0.939,1.17,0.93,11.6,0,SUCCESS
169.4,0,0,1,15,0.887,0.94,0.93,7.3,0,SUCCESS
349.21,0,0,1,8,0.937,0.88,0.98,20.8,0,SUCCESS
76.18,0,1,2,8,0.982,0.73,0.86,10.2,0,SUCCESS
792.37,1,0,1,6,0.905,0.93,0.87,22.9,0,SUCCESS
242.82,0,0,1,11,0.953,0.98,0.93,6.2,0,SUCCESS
1517.38,1,0,2,9,0.923,0.38,0.96,9.0,0,SUCCESS
411.11,0,0,1,11,0.899,1.05,0.94,21.7,0,SUCCESS
865.82,0,0,1,14,0.935,1.17,0.85,11.7,0,SUCCESS
848.14,0,0,1,11,0.885,0.88,0.86,6.2,0,SUCCESS
257.17,0,0,2,19,0.932,0.72,1.0,12.7,0,SUCCESS
382.68,0,0,1,14,0.917,0.24,0.93,12.9,0,SUCCESS
1026.09,0,0,1,9,0.938,0.53,0.88,18.0,0,SUCCESS
1391.95,0,0,1,20,0.965,0.89,0.86,7.2,0,SUCCESS
2058.17,0,0,1,15,0.923,0.35,0.88,20.5,0,SUCCESS
413.35,1,0,1,17,0.891,0.97,0.86,7.9,0,SUCCESS
2790.88,0,0,1,17,0.963,0.93,1.0,9.6,0,SUCCESS
167.08,0,0,1,17,0.972,1.08,0.93,18.5,0,SUCCESS
740.61,0,0,1,15,0.929,1.11,0.87,10.0,0,SUCCESS
1167.27,1,0,1,10,0.975,0.64,0.93,23.6,0,SUCCESS
1338.07,2,1,2,19,0.719,1.55,0.77,43.1,1,BANK_FAILURE
188.72,0,1,2,18,0.92,0.7,0.86,17.9,0,SUCCESS
1166.63,0,0,1,15,0.896,0.64,0.88,22.1,0,SUCCESS
104.21,1,0,1,11,0.998,0.73,0.96,22.0,1,INSUFFICIENT_FUNDS
475.25,0,0,2,9,0.92,0.84,0.95,5.7,0,SUCCESS
1274.17,0,0,2,16,0.936,0.93,0.96,11.0,0,SUCCESS
430.55,0,0,1,12,0.903,1.17,0.9,23.5,0,SUCCESS
2915.62,0,0,1,20,0.901,0.26,0.93,16.1,0,SUCCESS
300.33,0,0,2,10,0.926,0.28,0.89,18.3,0,SUCCESS
5743.31,1,0,2,15,0.908,0.75,0.91,24.2,0,SUCCESS
1567.63,1,2,2,12,0.725,1.8,0.81,36.9,1,BANK_FAILURE
613.1,0,0,1,8,0.974,0.76,0.96,7.5,0,SUCCESS
3343.8,2,1,2,11,0.85,1.23,0.76,41.3,1,BANK_FAILURE
1034.7,0,0,1,16,0.902,0.97,1.0,12.2,0,SUCCESS
95122.0,3,6,17,1,0.328,6.9,0.07,100.0,1,AUTHENTICATION_FAILURE
297.56,1,0,1,14,0.888,0.51,0.95,9.2,0,SUCCESS
1068.12,0,0,1,19,0.949,1.13,1.0,14.1,0,SUCCESS
1048.32,0,0,1,13,0.972,0.6,0.98,14.9,0,SUCCESS
168.39,0,0,1,21,0.977,0.71,0.89,24.1,0,SUCCESS
2706.18,1,2,2,22,0.923,1.11,0.94,15.8,1,TIMEOUT
462.9,0,0,1,8,0.931,1.16,0.88,24.9,0,SUCCESS
1484.13,0,0,1,17,0.929,1.06,0.9,10.5,0,SUCCESS
480.01,0,0,1,16,0.956,1.08,0.88,19.8,0,SUCCESS
79.87,0,0,1,7,0.998,0.55,0.87,18.2,0,SUCCESS
85.35,0,0,1,6,0.936,0.6,0.91,6.3,0,SUCCESS
3617.07,0,1,2,21,0.954,0.76,0.88,17.9,0,SUCCESS
2636.14,1,0,2,11,0.919,0.8,0.85,5.9,0,SUCCESS
1407.59,0,0,1,15,0.968,0.49,1.0,18.7,0,SUCCESS
608.81,0,0,2,18,0.916,0.92,0.96,16.9,0,SUCCESS
579.47,0,1,1,17,0.993,1.07,0.89,13.9,0,SUCCESS
552.02,1,0,1,19,0.98,1.18,0.94,7.9,0,SUCCESS
75928.0,6,6,8,1,0.338,6.96,0.29,100.0,1,AUTHENTICATION_FAILURE
2333.67,0,0,1,18,0.953,0.57,0.99,15.3,0,SUCCESS
139.01,0,0,1,20,0.981,0.46,0.91,8.7,0,SUCCESS
930.02,0,0,1,6,0.883,0.88,0.96,21.9,0,SUCCESS
661.19,0,0,1,21,0.946,0.96,0.95,11.5,0,SUCCESS
559.58,1,0,1,22,0.989,0.42,0.95,7.8,0,SUCCESS
573.17,0,0,1,7,0.899,0.44,0.91,10.7,0,SUCCESS
95176.0,4,7,14,4,0.267,5.41,0.24,95.0,1,AUTHENTICATION_FAILURE
4873.09,0,0,1,18,0.908,0.24,0.99,21.2,0,SUCCESS
1467.97,0,0,1,12,0.91,0.37,0.95,13.4,0,SUCCESS
975.09,1,0,1,12,0.909,0.27,0.9,18.2,0,SUCCESS
1652.44,0,0,1,15,0.96,0.89,0.95,16.0,0,SUCCESS
7768.7,3,2,3,20,0.758,1.15,0.82,31.9,1,GATEWAY_FAILURE
964.05,1,2,2,17,0.919,1.18,0.96,31.9,1,NETWORK_FAILURE
95577.0,6,5,11,23,0.315,5.0,0.21,100.0,1,AUTHENTICATION_FAILURE
1799.65,0,1,1,8,0.906,0.74,0.98,24.3,0,SUCCESS
1703.98,0,0,1,11,0.884,0.37,0.94,15.8,0,SUCCESS
1341.76,0,1,1,18,0.935,0.24,0.96,21.2,0,SUCCESS
110.41,0,0,1,14,0.972,0.58,0.92,21.5,0,SUCCESS
95975.0,3,4,15,2,0.307,7.02,0.27,99.3,1,AUTHENTICATION_FAILURE
133.03,0,0,2,16,0.892,1.04,0.91,11.0,0,SUCCESS
859.84,1,0,1,16,0.924,0.27,0.94,7.3,0,SUCCESS
1680.44,0,0,1,6,0.985,0.63,0.98,5.6,0,SUCCESS
1309.79,1,1,1,18,0.851,1.13,0.99,19.0,1,TIMEOUT
3104.9,0,0,1,8,0.968,0.87,0.97,8.5,0,SUCCESS
5352.31,2,2,1,14,0.933,0.68,0.95,30.9,1,TIMEOUT
585.19,1,2,1,13,0.969,1.35,0.82,34.3,1,TIMEOUT
916.14,3,2,3,18,0.827,1.79,0.88,30.3,1,BANK_FAILURE
1027.21,0,0,1,12,0.927,0.3,0.9,23.0,0,SUCCESS
1686.57,1,1,1,21,0.986,0.86,0.95,21.1,1,TIMEOUT
183.45,1,0,2,22,0.978,0.5,0.96,24.0,1,INSUFFICIENT_FUNDS
62.65,0,0,1,6,0.976,0.62,0.86,8.4,0,SUCCESS
4914.33,0,1,2,19,0.881,1.16,0.92,21.7,0,SUCCESS
2137.72,2,3,3,14,0.709,1.81,0.77,32.9,1,BANK_FAILURE
608.61,0,0,1,22,0.889,1.0,0.93,14.0,0,SUCCESS
292.03,0,0,1,21,0.943,1.08,0.92,9.4,0,SUCCESS
95929.0,3,5,18,1,0.143,8.82,0.14,100.0,1,DUPLICATE_TRANSACTION
809.7,0,0,1,14,0.906,0.21,0.89,14.5,0,SUCCESS
650.62,1,0,1,19,0.995,0.57,0.88,15.4,0,SUCCESS
761.08,0,0,1,16,0.94,1.09,0.92,8.9,0,SUCCESS
166.21,0,0,1,15,0.969,0.51,0.89,22.9,0,SUCCESS
450.88,2,1,2,15,0.875,0.54,0.85,33.0,1,NETWORK_FAILURE
2001.22,1,2,3,11,0.78,1.52,0.89,35.0,1,BANK_FAILURE
2122.08,0,0,2,13,0.961,0.32,0.89,23.9,0,SUCCESS
484.19,0,0,1,22,0.888,0.98,0.96,12.6,0,SUCCESS
248.55,0,0,1,20,0.942,0.45,1.0,10.3,0,SUCCESS
363.71,0,0,1,20,0.954,1.03,0.93,24.7,0,SUCCESS
6010.34,1,2,2,20,0.943,1.28,0.98,28.1,1,TIMEOUT
